ISO-10303-21;
HEADER;
FILE_DESCRIPTION (( 'STEP AP214' ),
    '1' );
FILE_NAME ('monkey K ×ª½Óµ××ù(1)-Êú¼Ó3cm.STEP',
    '2026-04-28T01:00:59',
    ( '' ),
    ( '' ),
    'SwSTEP 2.0',
    'SolidWorks 2024',
    '' );
FILE_SCHEMA (( 'AUTOMOTIVE_DESIGN' ));
ENDSEC;

DATA;
#1 = EDGE_CURVE ( 'NONE', #59, #2469, #2111, .T. ) ;
#2 = ORIENTED_EDGE ( 'NONE', *, *, #2833, .T. ) ;
#3 = CARTESIAN_POINT ( 'NONE',  ( 11.34008204457447455, -43.87893313116376959, 10.00000000000006928 ) ) ;
#4 = DIRECTION ( 'NONE',  ( -1.000000000000000000, 0.000000000000000000, 0.000000000000000000 ) ) ;
#5 = ADVANCED_FACE ( 'NONE', ( #2122 ), #3503, .F. ) ;
#6 = DIRECTION ( 'NONE',  ( 1.000000000000000000, 0.000000000000000000, 0.000000000000000000 ) ) ;
#7 = EDGE_CURVE ( 'NONE', #3417, #3242, #3505, .T. ) ;
#8 = ORIENTED_EDGE ( 'NONE', *, *, #3379, .T. ) ;
#9 = VERTEX_POINT ( 'NONE', #1794 ) ;
#10 = CARTESIAN_POINT ( 'NONE',  ( -22.53502857718828878, -17.03317133725616017, 10.00000000000006217 ) ) ;
#11 = AXIS2_PLACEMENT_3D ( 'NONE', #1332, #1583, #3549 ) ;
#12 = CARTESIAN_POINT ( 'NONE',  ( -14.34008204457498969, -43.87893313116376959, 0.000000000000000000 ) ) ;
#13 = EDGE_CURVE ( 'NONE', #2492, #147, #1008, .T. ) ;
#14 = EDGE_LOOP ( 'NONE', ( #2290, #366 ) ) ;
#15 = ADVANCED_FACE ( 'NONE', ( #494 ), #1590, .F. ) ;
#16 = CIRCLE ( 'NONE', #350, 1.500000000000001332 ) ;
#17 = DIRECTION ( 'NONE',  ( -1.000000000000000000, 0.000000000000000000, 0.000000000000000000 ) ) ;
#18 = ORIENTED_EDGE ( 'NONE', *, *, #1519, .F. ) ;
#19 = ORIENTED_EDGE ( 'NONE', *, *, #1766, .T. ) ;
#20 = VECTOR ( 'NONE', #1759, 1000.000000000000000 ) ;
#21 = CARTESIAN_POINT ( 'NONE',  ( 19.56575960438041406, -24.89772158955816650, 10.00000000000000000 ) ) ;
#22 = VECTOR ( 'NONE', #1317, 1000.000000000000000 ) ;
#23 = DIRECTION ( 'NONE',  ( 0.000000000000000000, 0.000000000000000000, -1.000000000000000000 ) ) ;
#24 = CIRCLE ( 'NONE', #3420, 1.499999999999998668 ) ;
#25 = CARTESIAN_POINT ( 'NONE',  ( -11.34008204457498437, -43.87893313116376959, 0.000000000000000000 ) ) ;
#26 = ORIENTED_EDGE ( 'NONE', *, *, #296, .F. ) ;
#27 = AXIS2_PLACEMENT_3D ( 'NONE', #2825, #2001, #3105 ) ;
#28 = FACE_OUTER_BOUND ( 'NONE', #917, .T. ) ;
#29 = CARTESIAN_POINT ( 'NONE',  ( 20.00000000000001421, -52.50000000000000000, 10.00000000000000000 ) ) ;
#30 = EDGE_LOOP ( 'NONE', ( #1666, #693 ) ) ;
#31 = AXIS2_PLACEMENT_3D ( 'NONE', #448, #3169, #971 ) ;
#32 = FACE_BOUND ( 'NONE', #3117, .T. ) ;
#33 = CIRCLE ( 'NONE', #2327, 1.499999999999998668 ) ;
#34 = CARTESIAN_POINT ( 'NONE',  ( -18.41749268268688411, -11.21500916080822918, 5.111881108046080863E-14 ) ) ;
#35 = EDGE_LOOP ( 'NONE', ( #1407, #1015, #2266, #3201 ) ) ;
#36 = EDGE_CURVE ( 'NONE', #2060, #3554, #1134, .T. ) ;
#37 = CIRCLE ( 'NONE', #1932, 1.500000000000000888 ) ;
#38 = ORIENTED_EDGE ( 'NONE', *, *, #1418, .T. ) ;
#39 = CARTESIAN_POINT ( 'NONE',  ( 25.15000000000001634, 27.74999999999999645, 10.00000000000000000 ) ) ;
#40 = VECTOR ( 'NONE', #1330, 1000.000000000000000 ) ;
#41 = DIRECTION ( 'NONE',  ( -2.775557561562892140E-15, -6.293636852642899475E-31, -1.000000000000000000 ) ) ;
#42 = EDGE_CURVE ( 'NONE', #437, #2912, #1472, .T. ) ;
#43 = DIRECTION ( 'NONE',  ( -1.000000000000000000, 0.000000000000000000, 0.000000000000000000 ) ) ;
#44 = DIRECTION ( 'NONE',  ( -1.000000000000000000, -5.782411586589358625E-16, 2.775557561562894901E-15 ) ) ;
#45 = EDGE_LOOP ( 'NONE', ( #3455, #732 ) ) ;
#46 = VERTEX_POINT ( 'NONE', #2965 ) ;
#47 = DIRECTION ( 'NONE',  ( -1.000000000000000000, 0.000000000000000000, 0.000000000000000000 ) ) ;
#48 = AXIS2_PLACEMENT_3D ( 'NONE', #807, #2232, #1684 ) ;
#49 = FACE_BOUND ( 'NONE', #767, .T. ) ;
#50 = CARTESIAN_POINT ( 'NONE',  ( -12.78459127458939193, 3.751711472399178682, 3.548436898367755256E-14 ) ) ;
#51 = EDGE_LOOP ( 'NONE', ( #2318, #1702, #976, #3389 ) ) ;
#52 = FACE_OUTER_BOUND ( 'NONE', #1133, .T. ) ;
#53 = EDGE_CURVE ( 'NONE', #2816, #789, #2056, .T. ) ;
#54 = DIRECTION ( 'NONE',  ( -1.000000000000000000, 0.000000000000000000, 0.000000000000000000 ) ) ;
#55 = ORIENTED_EDGE ( 'NONE', *, *, #606, .F. ) ;
#56 = AXIS2_PLACEMENT_3D ( 'NONE', #2015, #1215, #3120 ) ;
#57 = DIRECTION ( 'NONE',  ( -0.000000000000000000, -0.000000000000000000, -1.000000000000000000 ) ) ;
#58 = CARTESIAN_POINT ( 'NONE',  ( 14.34008204457434665, -56.37893313116376959, 10.00000000000006928 ) ) ;
#59 = VERTEX_POINT ( 'NONE', #589 ) ;
#60 = EDGE_CURVE ( 'NONE', #317, #1991, #2802, .T. ) ;
#61 = DIRECTION ( 'NONE',  ( 1.000000000000000000, 4.336808689942016257E-16, -2.312964634635742267E-15 ) ) ;
#62 = CARTESIAN_POINT ( 'NONE',  ( 14.34008204457460600, -31.37893313116376603, 10.00000000000006928 ) ) ;
#63 = ORIENTED_EDGE ( 'NONE', *, *, #361, .T. ) ;
#64 = FACE_OUTER_BOUND ( 'NONE', #3341, .T. ) ;
#65 = VERTEX_POINT ( 'NONE', #2918 ) ;
#66 = CIRCLE ( 'NONE', #1326, 1.499999999999999556 ) ;
#67 = CARTESIAN_POINT ( 'NONE',  ( 12.84008204457434488, -56.37893313116376959, 0.000000000000000000 ) ) ;
#68 = LINE ( 'NONE', #353, #362 ) ;
#69 = EDGE_CURVE ( 'NONE', #2976, #1301, #216, .T. ) ;
#70 = EDGE_LOOP ( 'NONE', ( #2906, #3305 ) ) ;
#71 = ADVANCED_FACE ( 'NONE', ( #1361 ), #2998, .F. ) ;
#72 = AXIS2_PLACEMENT_3D ( 'NONE', #1170, #870, #1421 ) ;
#73 = ORIENTED_EDGE ( 'NONE', *, *, #1355, .F. ) ;
#74 = CARTESIAN_POINT ( 'NONE',  ( 11.34008204457434310, -56.37893313116376959, 10.00000000000006928 ) ) ;
#75 = DIRECTION ( 'NONE',  ( -2.775557561562891745E-15, -6.293636852642898599E-31, -1.000000000000000000 ) ) ;
#76 = EDGE_CURVE ( 'NONE', #2769, #236, #668, .T. ) ;
#77 = AXIS2_PLACEMENT_3D ( 'NONE', #2924, #2385, #1080 ) ;
#78 = ORIENTED_EDGE ( 'NONE', *, *, #3346, .T. ) ;
#79 = EDGE_CURVE ( 'NONE', #2766, #2281, #2115, .T. ) ;
#80 = CIRCLE ( 'NONE', #3483, 1.500000000000001332 ) ;
#81 = VECTOR ( 'NONE', #1835, 1000.000000000000000 ) ;
#82 = DIRECTION ( 'NONE',  ( -0.000000000000000000, -0.000000000000000000, -1.000000000000000000 ) ) ;
#83 = CARTESIAN_POINT ( 'NONE',  ( 25.75000000000001421, 27.74999999999999645, 10.00000000000000000 ) ) ;
#84 = DIRECTION ( 'NONE',  ( -1.000000000000000000, 0.000000000000000000, 0.000000000000000000 ) ) ;
#85 = ORIENTED_EDGE ( 'NONE', *, *, #2823, .T. ) ;
#86 = CARTESIAN_POINT ( 'NONE',  ( 21.06575960438028616, -37.39772158955816650, 10.00000000000006928 ) ) ;
#87 = AXIS2_PLACEMENT_3D ( 'NONE', #1109, #1415, #2518 ) ;
#88 = FACE_BOUND ( 'NONE', #247, .T. ) ;
#89 = AXIS2_PLACEMENT_3D ( 'NONE', #2078, #1494, #138 ) ;
#90 = EDGE_LOOP ( 'NONE', ( #2313, #2390, #3576, #2496 ) ) ;
#91 = CARTESIAN_POINT ( 'NONE',  ( -4.879915765898332758, -39.38490441556261601, 10.00000000000006928 ) ) ;
#92 =( GEOMETRIC_REPRESENTATION_CONTEXT ( 3 ) GLOBAL_UNCERTAINTY_ASSIGNED_CONTEXT ( ( #217 ) ) GLOBAL_UNIT_ASSIGNED_CONTEXT ( ( #2455, #1058, #2978 ) ) REPRESENTATION_CONTEXT ( 'NONE', 'WORKASPACE' ) );
#93 = CARTESIAN_POINT ( 'NONE',  ( -21.06575960438066630, -49.89772158955818071, 10.00000000000006928 ) ) ;
#94 = VECTOR ( 'NONE', #276, 1000.000000000000000 ) ;
#95 = DIRECTION ( 'NONE',  ( -1.000000000000000000, 0.000000000000000000, 0.000000000000000000 ) ) ;
#96 = DIRECTION ( 'NONE',  ( 1.000000000000000000, 0.000000000000000000, 0.000000000000000000 ) ) ;
#97 = APPLICATION_PROTOCOL_DEFINITION ( 'draft international standard', 'automotive_design', 1998, #2672 ) ;
#98 = DIRECTION ( 'NONE',  ( -0.000000000000000000, -0.000000000000000000, -1.000000000000000000 ) ) ;
#99 = ORIENTED_EDGE ( 'NONE', *, *, #2995, .T. ) ;
#100 = EDGE_CURVE ( 'NONE', #3208, #125, #3444, .T. ) ;
#101 = CLOSED_SHELL ( 'NONE', ( #2881, #1035, #1952, #3514, #462, #2364, #3168, #850, #3121, #2510, #3428, #1716, #3112, #3281, #2757, #752, #1412, #308, #760, #319, #186, #526, #2501, #3498, #182, #3161, #750, #2668, #612, #2316, #1723, #460, #145, #3079, #2865, #2561, #2256, #1998, #3357, #3540, #1007, #253, #806, #188, #2073, #3473, #71, #2106, #2582, #3404, #442, #1655, #3327, #2360, #1492, #2439, #1537, #3107, #209, #2519, #2223, #1433, #2736, #3562, #3294, #2930, #1563, #1126, #633, #2932, #1497, #3390, #2447, #1319, #1834, #1656, #2827, #464, #2661, #2744, #2890, #5, #2908, #3519, #2337, #15, #1614, #2783, #2883, #2293, #1836, #1173, #3204, #706, #963, #930, #1257, #3436 ) ) ;
#102 = DIRECTION ( 'NONE',  ( -1.000000000000000000, -5.782411586589358625E-16, 2.312964634635743450E-15 ) ) ;
#103 = CYLINDRICAL_SURFACE ( 'NONE', #2221, 1.500000000000001332 ) ;
#104 = ORIENTED_EDGE ( 'NONE', *, *, #970, .T. ) ;
#105 = ORIENTED_EDGE ( 'NONE', *, *, #2421, .F. ) ;
#106 = ORIENTED_EDGE ( 'NONE', *, *, #3410, .F. ) ;
#107 = FACE_OUTER_BOUND ( 'NONE', #51, .T. ) ;
#108 = DIRECTION ( 'NONE',  ( 1.000000000000000000, 0.000000000000000000, -2.775557561562894507E-15 ) ) ;
#109 = DIRECTION ( 'NONE',  ( 1.000000000000000000, 6.938893903907228378E-16, 0.000000000000000000 ) ) ;
#110 = FACE_BOUND ( 'NONE', #3414, .T. ) ;
#111 = VECTOR ( 'NONE', #1769, 1000.000000000000000 ) ;
#112 = VERTEX_POINT ( 'NONE', #2942 ) ;
#113 = EDGE_CURVE ( 'NONE', #1055, #2870, #1824, .T. ) ;
#114 = DIRECTION ( 'NONE',  ( 1.000000000000000000, 4.336808689942016257E-16, -2.312964634635742267E-15 ) ) ;
#115 = EDGE_CURVE ( 'NONE', #1115, #3045, #1241, .T. ) ;
#116 = CARTESIAN_POINT ( 'NONE',  ( -29.99999999999998579, -62.50000000000000000, 10.00000000000000000 ) ) ;
#117 = EDGE_LOOP ( 'NONE', ( #530, #3180 ) ) ;
#118 = EDGE_CURVE ( 'NONE', #3043, #122, #792, .T. ) ;
#119 = DIRECTION ( 'NONE',  ( -1.000000000000000000, 0.000000000000000000, 0.000000000000000000 ) ) ;
#120 = EDGE_CURVE ( 'NONE', #2986, #1848, #729, .T. ) ;
#121 = VERTEX_POINT ( 'NONE', #1297 ) ;
#122 = VERTEX_POINT ( 'NONE', #434 ) ;
#123 = FACE_BOUND ( 'NONE', #2720, .T. ) ;
#124 = CYLINDRICAL_SURFACE ( 'NONE', #3307, 1.500000000000001332 ) ;
#125 = VERTEX_POINT ( 'NONE', #1530 ) ;
#126 = CIRCLE ( 'NONE', #1844, 1.500000000000001332 ) ;
#127 = LINE ( 'NONE', #1253, #265 ) ;
#128 = CIRCLE ( 'NONE', #1676, 0.5999999999999998668 ) ;
#129 = DIRECTION ( 'NONE',  ( -0.000000000000000000, -0.000000000000000000, -1.000000000000000000 ) ) ;
#130 = CARTESIAN_POINT ( 'NONE',  ( 12.84008204457473568, -18.87893313116376603, 10.00000000000000000 ) ) ;
#131 = VECTOR ( 'NONE', #1151, 1000.000000000000000 ) ;
#132 = VERTEX_POINT ( 'NONE', #3476 ) ;
#133 = CARTESIAN_POINT ( 'NONE',  ( 13.73820319873529705, -6.159226855756928742, 0.000000000000000000 ) ) ;
#134 = AXIS2_PLACEMENT_3D ( 'NONE', #3206, #2134, #2415 ) ;
#135 = DIRECTION ( 'NONE',  ( -0.000000000000000000, -0.000000000000000000, -1.000000000000000000 ) ) ;
#136 = ORIENTED_EDGE ( 'NONE', *, *, #2181, .F. ) ;
#137 = AXIS2_PLACEMENT_3D ( 'NONE', #523, #567, #1917 ) ;
#138 = DIRECTION ( 'NONE',  ( -1.000000000000000000, 0.000000000000000000, 0.000000000000000000 ) ) ;
#139 = CARTESIAN_POINT ( 'NONE',  ( -2.533913980103936344E-13, -33.68711800828255321, 10.00000000000006928 ) ) ;
#140 = FACE_BOUND ( 'NONE', #2877, .T. ) ;
#141 = VERTEX_POINT ( 'NONE', #3433 ) ;
#142 = AXIS2_PLACEMENT_3D ( 'NONE', #772, #3537, #1611 ) ;
#143 = ORIENTED_EDGE ( 'NONE', *, *, #36, .F. ) ;
#144 = DIRECTION ( 'NONE',  ( 1.000000000000000000, 0.000000000000000000, -2.775557561562894507E-15 ) ) ;
#145 = ADVANCED_FACE ( 'NONE', ( #164 ), #723, .F. ) ;
#146 = DIRECTION ( 'NONE',  ( 0.000000000000000000, 0.000000000000000000, -1.000000000000000000 ) ) ;
#147 = VERTEX_POINT ( 'NONE', #1256 ) ;
#148 = AXIS2_PLACEMENT_3D ( 'NONE', #2861, #1484, #421 ) ;
#149 = VECTOR ( 'NONE', #1894, 1000.000000000000000 ) ;
#150 = CARTESIAN_POINT ( 'NONE',  ( 21.06575960438041761, -24.89772158955816650, 10.00000000000000000 ) ) ;
#151 = VECTOR ( 'NONE', #953, 1000.000000000000000 ) ;
#152 = DIRECTION ( 'NONE',  ( -1.000000000000000000, 0.000000000000000000, 0.000000000000000000 ) ) ;
#153 = DIRECTION ( 'NONE',  ( 0.000000000000000000, 0.000000000000000000, -1.000000000000000000 ) ) ;
#154 = VERTEX_POINT ( 'NONE', #1797 ) ;
#155 = FACE_OUTER_BOUND ( 'NONE', #593, .T. ) ;
#156 = DIRECTION ( 'NONE',  ( -1.000000000000000000, 0.000000000000000000, 0.000000000000000000 ) ) ;
#157 = DIRECTION ( 'NONE',  ( -1.000000000000000000, 0.000000000000000000, 0.000000000000000000 ) ) ;
#158 = CYLINDRICAL_SURFACE ( 'NONE', #2156, 1.500000000000001332 ) ;
#159 = ORIENTED_EDGE ( 'NONE', *, *, #2557, .F. ) ;
#160 = ORIENTED_EDGE ( 'NONE', *, *, #2397, .F. ) ;
#161 = EDGE_CURVE ( 'NONE', #1671, #3264, #2357, .T. ) ;
#162 = DIRECTION ( 'NONE',  ( -1.000000000000000000, 0.000000000000000000, 0.000000000000000000 ) ) ;
#163 = CARTESIAN_POINT ( 'NONE',  ( 24.37139614189873882, 8.205614931611046714, 10.00000000000000000 ) ) ;
#164 = FACE_OUTER_BOUND ( 'NONE', #2997, .T. ) ;
#165 = EDGE_CURVE ( 'NONE', #2618, #954, #429, .T. ) ;
#166 = EDGE_CURVE ( 'NONE', #880, #1693, #1333, .T. ) ;
#167 = DIRECTION ( 'NONE',  ( -1.000000000000000000, 0.000000000000000000, 0.000000000000000000 ) ) ;
#168 = DIRECTION ( 'NONE',  ( 2.775557561562891745E-15, 6.293636852642898599E-31, 1.000000000000000000 ) ) ;
#169 = CARTESIAN_POINT ( 'NONE',  ( -10.73820319873526330, -6.159226855756934071, 10.00000000000003197 ) ) ;
#170 = ORIENTED_EDGE ( 'NONE', *, *, #118, .T. ) ;
#171 = DIRECTION ( 'NONE',  ( 2.775557561562891745E-15, 6.293636852642898599E-31, 1.000000000000000000 ) ) ;
#172 = CARTESIAN_POINT ( 'NONE',  ( 7.879915765897690605, -51.88490441556261601, 10.00000000000006928 ) ) ;
#173 = ORIENTED_EDGE ( 'NONE', *, *, #490, .F. ) ;
#174 = EDGE_LOOP ( 'NONE', ( #2923, #1533 ) ) ;
#175 = DIRECTION ( 'NONE',  ( -1.000000000000000000, 0.000000000000000000, 0.000000000000000000 ) ) ;
#176 = ORIENTED_EDGE ( 'NONE', *, *, #3364, .T. ) ;
#177 = DIRECTION ( 'NONE',  ( -1.000000000000000000, 0.000000000000000000, 0.000000000000000000 ) ) ;
#178 = LINE ( 'NONE', #721, #1071 ) ;
#179 = EDGE_CURVE ( 'NONE', #1206, #1417, #2033, .T. ) ;
#180 = CARTESIAN_POINT ( 'NONE',  ( 14.28459127458939193, 3.751711472399185343, 0.000000000000000000 ) ) ;
#181 = CIRCLE ( 'NONE', #2361, 1.500000000000001332 ) ;
#182 = ADVANCED_FACE ( 'NONE', ( #2378 ), #3489, .F. ) ;
#183 = CARTESIAN_POINT ( 'NONE',  ( -21.06575960438053841, -37.39772158955817360, 10.00000000000006928 ) ) ;
#184 = CIRCLE ( 'NONE', #2196, 1.500000000000001332 ) ;
#185 = DIRECTION ( 'NONE',  ( -2.775557561562891745E-15, -6.293636852642898599E-31, -1.000000000000000000 ) ) ;
#186 = ADVANCED_FACE ( 'NONE', ( #2058 ), #702, .F. ) ;
#187 = EDGE_LOOP ( 'NONE', ( #173, #1586 ) ) ;
#188 = ADVANCED_FACE ( 'NONE', ( #1781, #1507, #603, #2798, #1474, #110, #2304, #933, #2605, #3144, #663, #1760, #1751, #2857, #349, #1212, #88, #1770, #2596, #140, #1179, #2872, #1496, #2297, #692, #2282, #1788, #2012, #3118, #1465, #2568, #2399, #3529, #2673, #208, #191, #3239, #1808, #2116, #992, #3497, #1531, #1009, #763 ), #450, .T. ) ;
#189 = CARTESIAN_POINT ( 'NONE',  ( -18.41749268268685569, -11.21500916080822918, 10.00000000000004974 ) ) ;
#190 = EDGE_LOOP ( 'NONE', ( #1753, #1045 ) ) ;
#191 = FACE_BOUND ( 'NONE', #3516, .T. ) ;
#192 = ORIENTED_EDGE ( 'NONE', *, *, #2011, .F. ) ;
#193 = VERTEX_POINT ( 'NONE', #2433 ) ;
#194 = DIRECTION ( 'NONE',  ( -2.775557561562892140E-15, -6.293636852642899475E-31, -1.000000000000000000 ) ) ;
#195 = EDGE_LOOP ( 'NONE', ( #1812, #197, #2716, #1934, #3146, #1395, #2844, #1016, #192, #914 ) ) ;
#196 = EDGE_LOOP ( 'NONE', ( #3018, #2723 ) ) ;
#197 = ORIENTED_EDGE ( 'NONE', *, *, #1683, .T. ) ;
#198 = CARTESIAN_POINT ( 'NONE',  ( -3.835565439675440658E-13, -46.18711800828255321, 0.000000000000000000 ) ) ;
#199 = AXIS2_PLACEMENT_3D ( 'NONE', #3340, #372, #1468 ) ;
#200 = FACE_OUTER_BOUND ( 'NONE', #451, .T. ) ;
#201 = CIRCLE ( 'NONE', #1228, 1.500000000000001332 ) ;
#202 = VECTOR ( 'NONE', #774, 1000.000000000000000 ) ;
#203 = VERTEX_POINT ( 'NONE', #2630 ) ;
#204 = EDGE_CURVE ( 'NONE', #2838, #374, #1334, .T. ) ;
#205 = VECTOR ( 'NONE', #1314, 1000.000000000000000 ) ;
#206 = CARTESIAN_POINT ( 'NONE',  ( -19.56575960438053841, -37.39772158955817360, 0.000000000000000000 ) ) ;
#207 = CARTESIAN_POINT ( 'NONE',  ( -6.379915765898045876, -14.38490441556261423, 10.00000000000001776 ) ) ;
#208 = FACE_BOUND ( 'NONE', #2255, .T. ) ;
#209 = ADVANCED_FACE ( 'NONE', ( #1023 ), #3220, .F. ) ;
#210 = ORIENTED_EDGE ( 'NONE', *, *, #3270, .T. ) ;
#211 = VERTEX_POINT ( 'NONE', #1826 ) ;
#212 = CARTESIAN_POINT ( 'NONE',  ( 19.56575960438028261, -37.39772158955816650, 0.000000000000000000 ) ) ;
#213 = ORIENTED_EDGE ( 'NONE', *, *, #1388, .T. ) ;
#214 = DIRECTION ( 'NONE',  ( -1.000000000000000000, 0.000000000000000000, 0.000000000000000000 ) ) ;
#215 = CARTESIAN_POINT ( 'NONE',  ( -20.00000000000001421, 32.50000000000000000, 0.000000000000000000 ) ) ;
#216 = CIRCLE ( 'NONE', #2234, 1.499999999999999556 ) ;
#217 = UNCERTAINTY_MEASURE_WITH_UNIT (LENGTH_MEASURE( 1.000000000000000082E-05 ), #2455, 'distance_accuracy_value', 'NONE');
#218 = LINE ( 'NONE', #2406, #1111 ) ;
#219 = ORIENTED_EDGE ( 'NONE', *, *, #1229, .F. ) ;
#220 = CARTESIAN_POINT ( 'NONE',  ( 28.00000000000000355, 32.50000000000000000, 10.00000000000000000 ) ) ;
#221 = CARTESIAN_POINT ( 'NONE',  ( 18.41749268268688766, -11.21500916080822030, 10.00000000000000000 ) ) ;
#222 = ORIENTED_EDGE ( 'NONE', *, *, #3502, .T. ) ;
#223 = CARTESIAN_POINT ( 'NONE',  ( -22.56575960438053841, -37.39772158955817360, 10.00000000000006928 ) ) ;
#224 = EDGE_CURVE ( 'NONE', #3043, #203, #2943, .T. ) ;
#225 =( NAMED_UNIT ( * ) SI_UNIT ( $, .STERADIAN. ) SOLID_ANGLE_UNIT ( ) );
#226 = CARTESIAN_POINT ( 'NONE',  ( 4.879915765898080515, -14.38490441556261068, 10.00000000000000000 ) ) ;
#227 = CARTESIAN_POINT ( 'NONE',  ( 20.00000000000001776, -62.50000000000000000, 10.00000000000000000 ) ) ;
#228 = DIRECTION ( 'NONE',  ( -1.000000000000000000, 0.000000000000000000, 0.000000000000000000 ) ) ;
#229 = CYLINDRICAL_SURFACE ( 'NONE', #1633, 1.500000000000001332 ) ;
#230 = ORIENTED_EDGE ( 'NONE', *, *, #335, .F. ) ;
#231 = EDGE_CURVE ( 'NONE', #236, #2769, #934, .T. ) ;
#232 = ORIENTED_EDGE ( 'NONE', *, *, #1541, .T. ) ;
#233 = DIRECTION ( 'NONE',  ( 1.000000000000000000, 0.000000000000000000, -2.775557561562891351E-15 ) ) ;
#234 = DIRECTION ( 'NONE',  ( 2.775557561562891745E-15, 6.293636852642898599E-31, 1.000000000000000000 ) ) ;
#235 = DIRECTION ( 'NONE',  ( -1.000000000000000000, 0.000000000000000000, 0.000000000000000000 ) ) ;
#236 = VERTEX_POINT ( 'NONE', #1841 ) ;
#237 = DIRECTION ( 'NONE',  ( -0.000000000000000000, -0.000000000000000000, -1.000000000000000000 ) ) ;
#238 = EDGE_CURVE ( 'NONE', #121, #1411, #1561, .T. ) ;
#239 = DIRECTION ( 'NONE',  ( -1.000000000000000000, 0.000000000000000000, 0.000000000000000000 ) ) ;
#240 = ORIENTED_EDGE ( 'NONE', *, *, #2791, .F. ) ;
#241 = VECTOR ( 'NONE', #3278, 1000.000000000000000 ) ;
#242 = CARTESIAN_POINT ( 'NONE',  ( -7.879915765898054758, 0.5015657048662117701, 10.00000000000002132 ) ) ;
#243 = ORIENTED_EDGE ( 'NONE', *, *, #2805, .T. ) ;
#244 = CARTESIAN_POINT ( 'NONE',  ( 28.00000000000000355, 32.50000000000000000, 10.00000000000000000 ) ) ;
#245 = DIRECTION ( 'NONE',  ( 1.000000000000000000, 0.000000000000000000, 0.000000000000000000 ) ) ;
#246 = ORIENTED_EDGE ( 'NONE', *, *, #967, .T. ) ;
#247 = EDGE_LOOP ( 'NONE', ( #2991, #1670 ) ) ;
#248 = FACE_BOUND ( 'NONE', #1609, .T. ) ;
#249 = CARTESIAN_POINT ( 'NONE',  ( -25.15000000000000213, 27.74999999999998579, 10.00000000000006928 ) ) ;
#250 = ORIENTED_EDGE ( 'NONE', *, *, #1305, .T. ) ;
#251 = VECTOR ( 'NONE', #2153, 1000.000000000000000 ) ;
#252 = LINE ( 'NONE', #2162, #2289 ) ;
#253 = ADVANCED_FACE ( 'NONE', ( #712 ), #466, .F. ) ;
#254 = DIRECTION ( 'NONE',  ( 1.000000000000000000, 0.000000000000000000, -2.312964634635740689E-15 ) ) ;
#255 = AXIS2_PLACEMENT_3D ( 'NONE', #1477, #1154, #1192 ) ;
#256 = CARTESIAN_POINT ( 'NONE',  ( 12.84008204457434488, -56.37893313116376959, 10.00000000000006928 ) ) ;
#257 = ORIENTED_EDGE ( 'NONE', *, *, #912, .T. ) ;
#258 = AXIS2_PLACEMENT_3D ( 'NONE', #895, #297, #2819 ) ;
#259 = DIRECTION ( 'NONE',  ( -1.000000000000000000, 0.000000000000000000, 0.000000000000000000 ) ) ;
#260 = COLOUR_RGB ( '',0.7921568627450980005, 0.8196078431372548767, 0.9333333333333333481 ) ;
#261 = CARTESIAN_POINT ( 'NONE',  ( 22.87139614189873882, 8.205614931611046714, 10.00000000000000000 ) ) ;
#262 = AXIS2_PLACEMENT_3D ( 'NONE', #256, #3248, #239 ) ;
#263 = DIRECTION ( 'NONE',  ( -1.000000000000000000, 0.000000000000000000, 0.000000000000000000 ) ) ;
#264 = ORIENTED_EDGE ( 'NONE', *, *, #1078, .T. ) ;
#265 = VECTOR ( 'NONE', #2878, 1000.000000000000000 ) ;
#266 = ORIENTED_EDGE ( 'NONE', *, *, #3095, .T. ) ;
#267 = DIRECTION ( 'NONE',  ( -1.000000000000000000, 0.000000000000000000, 0.000000000000000000 ) ) ;
#268 = VERTEX_POINT ( 'NONE', #227 ) ;
#269 = DIRECTION ( 'NONE',  ( 0.000000000000000000, 0.000000000000000000, -1.000000000000000000 ) ) ;
#270 = ORIENTED_EDGE ( 'NONE', *, *, #3233, .T. ) ;
#271 = CARTESIAN_POINT ( 'NONE',  ( -5.137216899246944972E-13, -58.68711800828255321, 10.00000000000006928 ) ) ;
#272 = EDGE_CURVE ( 'NONE', #3347, #1393, #2691, .T. ) ;
#273 = VECTOR ( 'NONE', #1273, 1000.000000000000000 ) ;
#274 = ORIENTED_EDGE ( 'NONE', *, *, #2741, .T. ) ;
#275 = CARTESIAN_POINT ( 'NONE',  ( 6.938893903907228378E-15, -8.687118008282549653, 0.000000000000000000 ) ) ;
#276 = DIRECTION ( 'NONE',  ( -2.775557561562892140E-15, -6.293636852642899475E-31, -1.000000000000000000 ) ) ;
#277 = ORIENTED_EDGE ( 'NONE', *, *, #800, .F. ) ;
#278 = ORIENTED_EDGE ( 'NONE', *, *, #238, .T. ) ;
#279 = CIRCLE ( 'NONE', #2977, 1.500000000000003109 ) ;
#280 = CYLINDRICAL_SURFACE ( 'NONE', #1639, 1.500000000000001332 ) ;
#281 = CARTESIAN_POINT ( 'NONE',  ( 30.00000000000000355, 30.50000000000000000, 10.00000000000000000 ) ) ;
#282 = CARTESIAN_POINT ( 'NONE',  ( -21.06575960438053841, -37.39772158955817360, 10.00000000000006928 ) ) ;
#283 = ORIENTED_EDGE ( 'NONE', *, *, #1190, .T. ) ;
#284 = CARTESIAN_POINT ( 'NONE',  ( 6.379915765897821167, -39.38490441556260890, 10.00000000000006928 ) ) ;
#285 = DIRECTION ( 'NONE',  ( -1.000000000000000000, 0.000000000000000000, 0.000000000000000000 ) ) ;
#286 = CARTESIAN_POINT ( 'NONE',  ( -21.06575960438037853, -24.89772158955817716, 10.00000000000005862 ) ) ;
#287 = CYLINDRICAL_SURFACE ( 'NONE', #1905, 1.500000000000001332 ) ;
#288 = DIRECTION ( 'NONE',  ( 0.000000000000000000, 0.000000000000000000, -1.000000000000000000 ) ) ;
#289 = CARTESIAN_POINT ( 'NONE',  ( -7.879915765898040547, -27.02436017819086089, 10.00000000000002132 ) ) ;
#290 = ORIENTED_EDGE ( 'NONE', *, *, #970, .F. ) ;
#291 = CARTESIAN_POINT ( 'NONE',  ( -1.499999999999994005, -8.687118008282549653, 10.00000000000000000 ) ) ;
#292 = AXIS2_PLACEMENT_3D ( 'NONE', #504, #3312, #1938 ) ;
#293 = DIRECTION ( 'NONE',  ( 2.775557561562891745E-15, 6.293636852642898599E-31, 1.000000000000000000 ) ) ;
#294 = ORIENTED_EDGE ( 'NONE', *, *, #1372, .T. ) ;
#295 = CIRCLE ( 'NONE', #3069, 1.500000000000001332 ) ;
#296 = EDGE_CURVE ( 'NONE', #2483, #3284, #3512, .T. ) ;
#297 = DIRECTION ( 'NONE',  ( 2.775557561562891745E-15, 6.293636852642898599E-31, 1.000000000000000000 ) ) ;
#298 = ORIENTED_EDGE ( 'NONE', *, *, #1855, .T. ) ;
#299 = CARTESIAN_POINT ( 'NONE',  ( -4.879915765898041435, -27.02436017819086089, 10.00000000000001421 ) ) ;
#300 = CARTESIAN_POINT ( 'NONE',  ( -5.137216899246944972E-13, -58.68711800828255321, 10.00000000000006928 ) ) ;
#301 = CIRCLE ( 'NONE', #77, 1.500000000000001332 ) ;
#302 = DIRECTION ( 'NONE',  ( -0.000000000000000000, -0.000000000000000000, -1.000000000000000000 ) ) ;
#303 = CARTESIAN_POINT ( 'NONE',  ( -1.500000000000385025, -46.18711800828255321, 0.000000000000000000 ) ) ;
#304 = CIRCLE ( 'NONE', #1857, 1.500000000000001332 ) ;
#305 = VERTEX_POINT ( 'NONE', #2651 ) ;
#306 = AXIS2_PLACEMENT_3D ( 'NONE', #678, #1773, #2875 ) ;
#307 = CARTESIAN_POINT ( 'NONE',  ( -19.56575960438037853, -24.89772158955817716, 10.00000000000005507 ) ) ;
#308 = ADVANCED_FACE ( 'NONE', ( #1603 ), #1262, .F. ) ;
#309 = CIRCLE ( 'NONE', #3316, 1.500000000000001332 ) ;
#310 = DIRECTION ( 'NONE',  ( -1.000000000000000000, 0.000000000000000000, 0.000000000000000000 ) ) ;
#311 = FACE_OUTER_BOUND ( 'NONE', #2929, .T. ) ;
#312 = ORIENTED_EDGE ( 'NONE', *, *, #2448, .T. ) ;
#313 = ORIENTED_EDGE ( 'NONE', *, *, #1014, .T. ) ;
#314 = DIRECTION ( 'NONE',  ( 0.000000000000000000, 0.000000000000000000, -1.000000000000000000 ) ) ;
#315 = CARTESIAN_POINT ( 'NONE',  ( -24.37139614189871395, 8.205614931611036056, 10.00000000000006750 ) ) ;
#316 = DIRECTION ( 'NONE',  ( -1.000000000000000000, 0.000000000000000000, 0.000000000000000000 ) ) ;
#317 = VERTEX_POINT ( 'NONE', #1880 ) ;
#318 = DIRECTION ( 'NONE',  ( -0.000000000000000000, -0.000000000000000000, -1.000000000000000000 ) ) ;
#319 = ADVANCED_FACE ( 'NONE', ( #2980 ), #2367, .F. ) ;
#320 = CYLINDRICAL_SURFACE ( 'NONE', #72, 1.500000000000001332 ) ;
#321 = ORIENTED_EDGE ( 'NONE', *, *, #581, .F. ) ;
#322 = AXIS2_PLACEMENT_3D ( 'NONE', #2904, #784, #156 ) ;
#323 = DIRECTION ( 'NONE',  ( -1.000000000000000000, 0.000000000000000000, 0.000000000000000000 ) ) ;
#324 = CARTESIAN_POINT ( 'NONE',  ( 22.56575960438028616, -37.39772158955816650, 10.00000000000006928 ) ) ;
#325 = DIRECTION ( 'NONE',  ( 2.775557561562891745E-15, 6.293636852642898599E-31, 1.000000000000000000 ) ) ;
#326 = CIRCLE ( 'NONE', #3276, 1.500000000000001332 ) ;
#327 = EDGE_CURVE ( 'NONE', #1060, #2478, #301, .T. ) ;
#328 = DIRECTION ( 'NONE',  ( 0.000000000000000000, 0.000000000000000000, -1.000000000000000000 ) ) ;
#329 = EDGE_CURVE ( 'NONE', #2029, #2912, #1682, .T. ) ;
#330 = DIRECTION ( 'NONE',  ( -1.000000000000000000, 0.000000000000000000, 0.000000000000000000 ) ) ;
#331 = FACE_OUTER_BOUND ( 'NONE', #2873, .T. ) ;
#332 = VERTEX_POINT ( 'NONE', #12 ) ;
#333 = DIRECTION ( 'NONE',  ( 0.000000000000000000, 0.000000000000000000, -1.000000000000000000 ) ) ;
#334 = CARTESIAN_POINT ( 'NONE',  ( 7.879915765898082292, -14.38490441556261068, 0.000000000000000000 ) ) ;
#335 = EDGE_CURVE ( 'NONE', #1646, #3135, #412, .T. ) ;
#336 = DIRECTION ( 'NONE',  ( -0.000000000000000000, -0.000000000000000000, -1.000000000000000000 ) ) ;
#337 = EDGE_LOOP ( 'NONE', ( #3291, #2859 ) ) ;
#338 = EDGE_CURVE ( 'NONE', #2797, #3442, #1450, .T. ) ;
#339 = CARTESIAN_POINT ( 'NONE',  ( 21.06575960438015827, -49.89772158955817360, 10.00000000000006928 ) ) ;
#340 = LINE ( 'NONE', #2037, #2773 ) ;
#341 = EDGE_CURVE ( 'NONE', #2986, #2068, #2779, .T. ) ;
#342 = ORIENTED_EDGE ( 'NONE', *, *, #1343, .T. ) ;
#343 = LINE ( 'NONE', #1439, #709 ) ;
#344 = CARTESIAN_POINT ( 'NONE',  ( 24.03502857718832431, -17.03317133725614951, 10.00000000000000000 ) ) ;
#345 = VECTOR ( 'NONE', #2760, 1000.000000000000000 ) ;
#346 = LINE ( 'NONE', #586, #479 ) ;
#347 = ORIENTED_EDGE ( 'NONE', *, *, #1758, .F. ) ;
#348 = CARTESIAN_POINT ( 'NONE',  ( -13.73820319873529350, -6.159226855756934071, 3.813117377053725769E-14 ) ) ;
#349 = FACE_BOUND ( 'NONE', #2569, .T. ) ;
#350 = AXIS2_PLACEMENT_3D ( 'NONE', #2074, #2818, #2091 ) ;
#351 = ORIENTED_EDGE ( 'NONE', *, *, #1541, .F. ) ;
#352 = FACE_BOUND ( 'NONE', #2423, .T. ) ;
#353 = CARTESIAN_POINT ( 'NONE',  ( -1.499999999999989786, -22.20932941147529505, 10.00000000000000000 ) ) ;
#354 = VECTOR ( 'NONE', #2088, 1000.000000000000000 ) ;
#355 = EDGE_CURVE ( 'NONE', #1475, #2107, #3479, .T. ) ;
#356 = DIRECTION ( 'NONE',  ( 0.000000000000000000, 0.000000000000000000, -1.000000000000000000 ) ) ;
#357 = CARTESIAN_POINT ( 'NONE',  ( 14.34008204457447633, -43.87893313116376959, 0.000000000000000000 ) ) ;
#358 = CARTESIAN_POINT ( 'NONE',  ( 19.91749268268688766, -11.21500916080822030, 0.000000000000000000 ) ) ;
#359 = AXIS2_PLACEMENT_3D ( 'NONE', #2322, #445, #323 ) ;
#360 = ORIENTED_EDGE ( 'NONE', *, *, #3007, .F. ) ;
#361 = EDGE_CURVE ( 'NONE', #878, #995, #1040, .T. ) ;
#362 = VECTOR ( 'NONE', #883, 1000.000000000000000 ) ;
#363 = DIRECTION ( 'NONE',  ( -1.000000000000000000, 0.000000000000000000, 0.000000000000000000 ) ) ;
#364 = CARTESIAN_POINT ( 'NONE',  ( -16.91749268268685569, -11.21500916080822918, 10.00000000000004619 ) ) ;
#365 = CARTESIAN_POINT ( 'NONE',  ( 14.34008204457434665, -56.37893313116376959, 10.00000000000006928 ) ) ;
#366 = ORIENTED_EDGE ( 'NONE', *, *, #3435, .F. ) ;
#367 = DIRECTION ( 'NONE',  ( -0.000000000000000000, -0.000000000000000000, -1.000000000000000000 ) ) ;
#368 = CIRCLE ( 'NONE', #2130, 1.500000000000001332 ) ;
#369 = EDGE_LOOP ( 'NONE', ( #1446, #884, #453, #1960 ) ) ;
#370 = ORIENTED_EDGE ( 'NONE', *, *, #3319, .T. ) ;
#371 = AXIS2_PLACEMENT_3D ( 'NONE', #1579, #3371, #2464 ) ;
#372 = DIRECTION ( 'NONE',  ( -0.000000000000000000, -0.000000000000000000, -1.000000000000000000 ) ) ;
#373 = VECTOR ( 'NONE', #3563, 1000.000000000000000 ) ;
#374 = VERTEX_POINT ( 'NONE', #281 ) ;
#375 = CIRCLE ( 'NONE', #2278, 0.5999999999999998668 ) ;
#376 = EDGE_CURVE ( 'NONE', #708, #2402, #1505, .T. ) ;
#377 = EDGE_CURVE ( 'NONE', #2599, #1793, #1141, .T. ) ;
#378 = CARTESIAN_POINT ( 'NONE',  ( -4.879915765898332758, -39.38490441556261601, 10.00000000000006928 ) ) ;
#379 = ORIENTED_EDGE ( 'NONE', *, *, #1899, .T. ) ;
#380 = EDGE_CURVE ( 'NONE', #2766, #1545, #2149, .T. ) ;
#381 = AXIS2_PLACEMENT_3D ( 'NONE', #2140, #720, #1573 ) ;
#382 = DIRECTION ( 'NONE',  ( -1.000000000000000000, 0.000000000000000000, 0.000000000000000000 ) ) ;
#383 = CYLINDRICAL_SURFACE ( 'NONE', #685, 1.500000000000001332 ) ;
#384 = DIRECTION ( 'NONE',  ( -1.000000000000000000, 0.000000000000000000, 2.312964634635740689E-15 ) ) ;
#385 = AXIS2_PLACEMENT_3D ( 'NONE', #2554, #425, #1488 ) ;
#386 = ORIENTED_EDGE ( 'NONE', *, *, #3474, .T. ) ;
#387 = FACE_BOUND ( 'NONE', #2804, .T. ) ;
#388 = CYLINDRICAL_SURFACE ( 'NONE', #2665, 1.500000000000003109 ) ;
#389 = EDGE_LOOP ( 'NONE', ( #467, #2756 ) ) ;
#390 = ORIENTED_EDGE ( 'NONE', *, *, #868, .F. ) ;
#391 = DIRECTION ( 'NONE',  ( 0.000000000000000000, 0.000000000000000000, -1.000000000000000000 ) ) ;
#392 = DIRECTION ( 'NONE',  ( 0.000000000000000000, 0.000000000000000000, -1.000000000000000000 ) ) ;
#393 = VERTEX_POINT ( 'NONE', #2209 ) ;
#394 = CARTESIAN_POINT ( 'NONE',  ( 12.84008204457434488, -56.37893313116376959, 10.00000000000006928 ) ) ;
#395 = EDGE_CURVE ( 'NONE', #1815, #3363, #535, .T. ) ;
#396 = FACE_OUTER_BOUND ( 'NONE', #3521, .T. ) ;
#397 = DIRECTION ( 'NONE',  ( -2.775557561562892140E-15, -6.293636852642899475E-31, -1.000000000000000000 ) ) ;
#398 = ORIENTED_EDGE ( 'NONE', *, *, #1762, .F. ) ;
#399 = FACE_OUTER_BOUND ( 'NONE', #3083, .T. ) ;
#400 = EDGE_CURVE ( 'NONE', #801, #1693, #604, .T. ) ;
#401 = ORIENTED_EDGE ( 'NONE', *, *, #2474, .F. ) ;
#402 = CARTESIAN_POINT ( 'NONE',  ( -1.499999999999989786, -22.20932941147529505, 0.000000000000000000 ) ) ;
#403 = CARTESIAN_POINT ( 'NONE',  ( 18.41749268268688766, -11.21500916080822030, 10.00000000000000000 ) ) ;
#404 = ORIENTED_EDGE ( 'NONE', *, *, #1315, .T. ) ;
#405 = ORIENTED_EDGE ( 'NONE', *, *, #890, .T. ) ;
#406 = CARTESIAN_POINT ( 'NONE',  ( 12.23820319873529527, -6.159226855756928742, 0.000000000000000000 ) ) ;
#407 = CARTESIAN_POINT ( 'NONE',  ( 1.500000000000012879, -22.20932941147529505, 10.00000000000000000 ) ) ;
#408 = SHAPE_DEFINITION_REPRESENTATION ( #1928, #3111 ) ;
#409 = CYLINDRICAL_SURFACE ( 'NONE', #3004, 1.500000000000001332 ) ;
#410 = DIRECTION ( 'NONE',  ( -1.000000000000000000, 0.000000000000000000, 2.312964634635740689E-15 ) ) ;
#411 = LINE ( 'NONE', #667, #3011 ) ;
#412 = CIRCLE ( 'NONE', #984, 1.500000000000001332 ) ;
#413 = VERTEX_POINT ( 'NONE', #1698 ) ;
#414 = AXIS2_PLACEMENT_3D ( 'NONE', #1174, #3382, #2790 ) ;
#415 = DIRECTION ( 'NONE',  ( -2.775557561562892140E-15, -6.293636852642899475E-31, -1.000000000000000000 ) ) ;
#416 = ORIENTED_EDGE ( 'NONE', *, *, #2470, .T. ) ;
#417 = EDGE_CURVE ( 'NONE', #1252, #3226, #1358, .T. ) ;
#418 = DIRECTION ( 'NONE',  ( -0.000000000000000000, -0.000000000000000000, -1.000000000000000000 ) ) ;
#419 = AXIS2_PLACEMENT_3D ( 'NONE', #427, #1504, #1539 ) ;
#420 = ORIENTED_EDGE ( 'NONE', *, *, #2577, .T. ) ;
#421 = DIRECTION ( 'NONE',  ( -1.000000000000000000, 0.000000000000000000, 2.312964634635740689E-15 ) ) ;
#422 = ORIENTED_EDGE ( 'NONE', *, *, #3127, .T. ) ;
#423 = CIRCLE ( 'NONE', #1692, 1.500000000000001332 ) ;
#424 = DIRECTION ( 'NONE',  ( 0.000000000000000000, 0.000000000000000000, -1.000000000000000000 ) ) ;
#425 = DIRECTION ( 'NONE',  ( 2.775557561562891745E-15, 6.293636852642898599E-31, 1.000000000000000000 ) ) ;
#426 = VECTOR ( 'NONE', #1064, 1000.000000000000000 ) ;
#427 = CARTESIAN_POINT ( 'NONE',  ( -12.84008204457511759, -56.37893313116378380, 10.00000000000006928 ) ) ;
#428 = VECTOR ( 'NONE', #1615, 1000.000000000000000 ) ;
#429 = LINE ( 'NONE', #2917, #3213 ) ;
#430 = DIRECTION ( 'NONE',  ( 1.000000000000000000, 0.000000000000000000, -2.312964634635740689E-15 ) ) ;
#431 = ORIENTED_EDGE ( 'NONE', *, *, #1490, .F. ) ;
#432 = DIRECTION ( 'NONE',  ( 0.000000000000000000, 0.000000000000000000, -1.000000000000000000 ) ) ;
#433 = ORIENTED_EDGE ( 'NONE', *, *, #2094, .T. ) ;
#434 = CARTESIAN_POINT ( 'NONE',  ( -4.879915765898045876, -14.38490441556261423, 10.00000000000001421 ) ) ;
#435 = CARTESIAN_POINT ( 'NONE',  ( 6.938893903907228378E-15, -8.687118008282549653, 0.000000000000000000 ) ) ;
#436 = ORIENTED_EDGE ( 'NONE', *, *, #69, .F. ) ;
#437 = VERTEX_POINT ( 'NONE', #1059 ) ;
#438 = CARTESIAN_POINT ( 'NONE',  ( -4.879915765898041435, -27.02436017819086089, 10.00000000000001421 ) ) ;
#439 = ORIENTED_EDGE ( 'NONE', *, *, #161, .T. ) ;
#440 = DIRECTION ( 'NONE',  ( 1.000000000000000000, 0.000000000000000000, -2.775557561562891351E-15 ) ) ;
#441 = DIRECTION ( 'NONE',  ( 0.000000000000000000, 0.000000000000000000, -1.000000000000000000 ) ) ;
#442 = ADVANCED_FACE ( 'NONE', ( #803 ), #2472, .F. ) ;
#443 = CARTESIAN_POINT ( 'NONE',  ( 4.879915765897819391, -39.38490441556260890, 10.00000000000006928 ) ) ;
#444 = CARTESIAN_POINT ( 'NONE',  ( 12.84008204457473568, -18.87893313116376603, 10.00000000000000000 ) ) ;
#445 = DIRECTION ( 'NONE',  ( 0.000000000000000000, 0.000000000000000000, -1.000000000000000000 ) ) ;
#446 = EDGE_CURVE ( 'NONE', #920, #332, #1165, .T. ) ;
#447 = CYLINDRICAL_SURFACE ( 'NONE', #2482, 1.500000000000001332 ) ;
#448 = CARTESIAN_POINT ( 'NONE',  ( -6.379915765898041435, -27.02436017819086089, 10.00000000000001776 ) ) ;
#449 = VERTEX_POINT ( 'NONE', #2456 ) ;
#450 = PLANE ( 'NONE',  #2208 ) ;
#451 = EDGE_LOOP ( 'NONE', ( #977, #1625, #1359, #3532 ) ) ;
#452 = CARTESIAN_POINT ( 'NONE',  ( 12.84008204457447455, -43.87893313116376959, 10.00000000000006928 ) ) ;
#453 = ORIENTED_EDGE ( 'NONE', *, *, #2718, .T. ) ;
#454 = ORIENTED_EDGE ( 'NONE', *, *, #2852, .T. ) ;
#455 = DIRECTION ( 'NONE',  ( 2.775557561562891745E-15, 6.293636852642898599E-31, 1.000000000000000000 ) ) ;
#456 = DIRECTION ( 'NONE',  ( 0.000000000000000000, 0.000000000000000000, -1.000000000000000000 ) ) ;
#457 = CARTESIAN_POINT ( 'NONE',  ( 1.149254302834634700E-14, -22.20932941147529505, 0.000000000000000000 ) ) ;
#458 = ORIENTED_EDGE ( 'NONE', *, *, #361, .F. ) ;
#459 = AXIS2_PLACEMENT_3D ( 'NONE', #221, #302, #2243 ) ;
#460 = ADVANCED_FACE ( 'NONE', ( #3568 ), #2186, .F. ) ;
#461 = CIRCLE ( 'NONE', #1213, 0.5999999999999998668 ) ;
#462 = ADVANCED_FACE ( 'NONE', ( #1939 ), #3017, .F. ) ;
#463 = ORIENTED_EDGE ( 'NONE', *, *, #3271, .F. ) ;
#464 = ADVANCED_FACE ( 'NONE', ( #1392 ), #2490, .T. ) ;
#465 = CARTESIAN_POINT ( 'NONE',  ( -12.84008204457498614, -43.87893313116376959, 10.00000000000006928 ) ) ;
#466 = CYLINDRICAL_SURFACE ( 'NONE', #1916, 1.500000000000001332 ) ;
#467 = ORIENTED_EDGE ( 'NONE', *, *, #3249, .F. ) ;
#468 = AXIS2_PLACEMENT_3D ( 'NONE', #1098, #3313, #2509 ) ;
#469 = DIRECTION ( 'NONE',  ( 0.000000000000000000, 0.000000000000000000, -1.000000000000000000 ) ) ;
#470 = ORIENTED_EDGE ( 'NONE', *, *, #1766, .F. ) ;
#471 = VERTEX_POINT ( 'NONE', #2591 ) ;
#472 = VECTOR ( 'NONE', #722, 1000.000000000000000 ) ;
#473 = ORIENTED_EDGE ( 'NONE', *, *, #1929, .T. ) ;
#474 = DIRECTION ( 'NONE',  ( 0.000000000000000000, 0.000000000000000000, -1.000000000000000000 ) ) ;
#475 = AXIS2_PLACEMENT_3D ( 'NONE', #1846, #3446, #996 ) ;
#476 = CARTESIAN_POINT ( 'NONE',  ( 21.06575960438015827, -49.89772158955817360, 10.00000000000006928 ) ) ;
#477 = EDGE_LOOP ( 'NONE', ( #210, #1516 ) ) ;
#478 = CARTESIAN_POINT ( 'NONE',  ( -1.500000000000254907, -33.68711800828255321, 10.00000000000006928 ) ) ;
#479 = VECTOR ( 'NONE', #3369, 1000.000000000000000 ) ;
#480 = EDGE_CURVE ( 'NONE', #2068, #2986, #3189, .T. ) ;
#481 = EDGE_CURVE ( 'NONE', #3283, #1458, #2866, .T. ) ;
#482 = ORIENTED_EDGE ( 'NONE', *, *, #329, .F. ) ;
#483 = AXIS2_PLACEMENT_3D ( 'NONE', #3027, #2237, #555 ) ;
#484 = CIRCLE ( 'NONE', #2678, 1.499999999999999556 ) ;
#485 = EDGE_CURVE ( 'NONE', #46, #3123, #2564, .T. ) ;
#486 = SURFACE_STYLE_FILL_AREA ( #744 ) ;
#487 = DIRECTION ( 'NONE',  ( -1.000000000000000000, 0.000000000000000000, 0.000000000000000000 ) ) ;
#488 = ORIENTED_EDGE ( 'NONE', *, *, #2254, .F. ) ;
#489 = EDGE_LOOP ( 'NONE', ( #657, #1776, #956, #648 ) ) ;
#490 = EDGE_CURVE ( 'NONE', #3284, #658, #1979, .T. ) ;
#491 = DIRECTION ( 'NONE',  ( -0.000000000000000000, -0.000000000000000000, -1.000000000000000000 ) ) ;
#492 = DIRECTION ( 'NONE',  ( -2.775557561562892140E-15, -6.293636852642899475E-31, -1.000000000000000000 ) ) ;
#493 = VERTEX_POINT ( 'NONE', #2853 ) ;
#494 = FACE_OUTER_BOUND ( 'NONE', #2336, .T. ) ;
#495 = CARTESIAN_POINT ( 'NONE',  ( 14.34008204457447633, -43.87893313116376959, 10.00000000000006928 ) ) ;
#496 = AXIS2_PLACEMENT_3D ( 'NONE', #1626, #1883, #2619 ) ;
#497 = CARTESIAN_POINT ( 'NONE',  ( -1.500000000000514921, -58.68711800828255321, 10.00000000000006928 ) ) ;
#498 = VERTEX_POINT ( 'NONE', #2576 ) ;
#499 = CARTESIAN_POINT ( 'NONE',  ( 1.499999999999487743, -58.68711800828255321, 10.00000000000006928 ) ) ;
#500 = ORIENTED_EDGE ( 'NONE', *, *, #166, .T. ) ;
#501 = DIRECTION ( 'NONE',  ( -2.775557561562892140E-15, -6.293636852642899475E-31, -1.000000000000000000 ) ) ;
#502 = DIRECTION ( 'NONE',  ( 0.000000000000000000, 0.000000000000000000, -1.000000000000000000 ) ) ;
#503 = ORIENTED_EDGE ( 'NONE', *, *, #76, .T. ) ;
#504 = CARTESIAN_POINT ( 'NONE',  ( -6.379915765898081403, 0.5015657048662117701, 1.770782344617272776E-14 ) ) ;
#505 = DIRECTION ( 'NONE',  ( -1.000000000000000000, 0.000000000000000000, 0.000000000000000000 ) ) ;
#506 = EDGE_CURVE ( 'NONE', #2173, #132, #2089, .T. ) ;
#507 = EDGE_LOOP ( 'NONE', ( #1732, #2040 ) ) ;
#508 = EDGE_LOOP ( 'NONE', ( #2305, #3443 ) ) ;
#509 = DIRECTION ( 'NONE',  ( -2.775557561562892140E-15, -6.293636852642899475E-31, -1.000000000000000000 ) ) ;
#510 = ORIENTED_EDGE ( 'NONE', *, *, #7, .F. ) ;
#511 = EDGE_LOOP ( 'NONE', ( #3057, #2323 ) ) ;
#512 = LINE ( 'NONE', #1067, #1138 ) ;
#513 = CARTESIAN_POINT ( 'NONE',  ( -1.500000000000254907, -33.68711800828255321, 0.000000000000000000 ) ) ;
#514 = ORIENTED_EDGE ( 'NONE', *, *, #2849, .T. ) ;
#515 = DIRECTION ( 'NONE',  ( 0.000000000000000000, 0.000000000000000000, -1.000000000000000000 ) ) ;
#516 = VERTEX_POINT ( 'NONE', #133 ) ;
#517 = CARTESIAN_POINT ( 'NONE',  ( 15.78459127458939371, 3.751711472399185343, 0.000000000000000000 ) ) ;
#518 = CIRCLE ( 'NONE', #1784, 1.500000000000001332 ) ;
#519 = CARTESIAN_POINT ( 'NONE',  ( -19.91749268268688411, -11.21500916080822918, 5.528214742280515197E-14 ) ) ;
#520 = EDGE_CURVE ( 'NONE', #3351, #2655, #80, .T. ) ;
#521 = DIRECTION ( 'NONE',  ( -0.000000000000000000, -0.000000000000000000, -1.000000000000000000 ) ) ;
#522 = AXIS2_PLACEMENT_3D ( 'NONE', #3232, #392, #1506 ) ;
#523 = CARTESIAN_POINT ( 'NONE',  ( 0.000000000000000000, 32.50000000000000000, 10.00000000000000000 ) ) ;
#524 = EDGE_LOOP ( 'NONE', ( #815, #1612, #1662, #1642 ) ) ;
#525 = ORIENTED_EDGE ( 'NONE', *, *, #2298, .F. ) ;
#526 = ADVANCED_FACE ( 'NONE', ( #2307 ), #3415, .F. ) ;
#527 = EDGE_CURVE ( 'NONE', #787, #1247, #411, .T. ) ;
#528 = CYLINDRICAL_SURFACE ( 'NONE', #3426, 1.499999999999998668 ) ;
#529 = VERTEX_POINT ( 'NONE', #1510 ) ;
#530 = ORIENTED_EDGE ( 'NONE', *, *, #600, .T. ) ;
#531 = LINE ( 'NONE', #882, #1459 ) ;
#532 = EDGE_CURVE ( 'NONE', #2618, #1178, #1919, .T. ) ;
#533 = CARTESIAN_POINT ( 'NONE',  ( -14.34008204457511937, -56.37893313116378380, 10.00000000000006928 ) ) ;
#534 = ORIENTED_EDGE ( 'NONE', *, *, #686, .T. ) ;
#535 = CIRCLE ( 'NONE', #1508, 0.5999999999999998668 ) ;
#536 = AXIS2_PLACEMENT_3D ( 'NONE', #1870, #269, #1132 ) ;
#537 = CARTESIAN_POINT ( 'NONE',  ( 21.06575960438041761, -24.89772158955816650, 10.00000000000000000 ) ) ;
#538 = CARTESIAN_POINT ( 'NONE',  ( -12.84008204457511759, -56.37893313116378380, 10.00000000000006928 ) ) ;
#539 = ORIENTED_EDGE ( 'NONE', *, *, #3229, .F. ) ;
#540 = AXIS2_PLACEMENT_3D ( 'NONE', #811, #3356, #285 ) ;
#541 = DIRECTION ( 'NONE',  ( -0.000000000000000000, -0.000000000000000000, -1.000000000000000000 ) ) ;
#542 = EDGE_LOOP ( 'NONE', ( #104, #1026 ) ) ;
#543 = ORIENTED_EDGE ( 'NONE', *, *, #2427, .F. ) ;
#544 = AXIS2_PLACEMENT_3D ( 'NONE', #465, #3527, #1564 ) ;
#545 = CARTESIAN_POINT ( 'NONE',  ( 7.879915765897822055, -39.38490441556260890, 10.00000000000006928 ) ) ;
#546 = CARTESIAN_POINT ( 'NONE',  ( 30.00000000000000355, 32.50000000000000000, 0.000000000000000000 ) ) ;
#547 = DIRECTION ( 'NONE',  ( 0.000000000000000000, 0.000000000000000000, -1.000000000000000000 ) ) ;
#548 = ORIENTED_EDGE ( 'NONE', *, *, #2697, .T. ) ;
#549 = CIRCLE ( 'NONE', #2562, 1.500000000000001332 ) ;
#550 = EDGE_LOOP ( 'NONE', ( #2082, #3150, #2006, #1976 ) ) ;
#551 = CARTESIAN_POINT ( 'NONE',  ( -6.379915765898068969, -27.02436017819086089, 1.770782344617270883E-14 ) ) ;
#552 = CARTESIAN_POINT ( 'NONE',  ( 25.53502857718832786, -17.03317133725614951, 10.00000000000000000 ) ) ;
#553 = ORIENTED_EDGE ( 'NONE', *, *, #2589, .F. ) ;
#554 = ORIENTED_EDGE ( 'NONE', *, *, #3454, .F. ) ;
#555 = DIRECTION ( 'NONE',  ( -1.000000000000000000, 0.000000000000000000, 2.891205793294679017E-15 ) ) ;
#556 = VERTEX_POINT ( 'NONE', #2817 ) ;
#557 = CYLINDRICAL_SURFACE ( 'NONE', #2151, 1.500000000000001332 ) ;
#558 = AXIS2_PLACEMENT_3D ( 'NONE', #2657, #1290, #2635 ) ;
#559 = EDGE_CURVE ( 'NONE', #2907, #393, #343, .T. ) ;
#560 = DIRECTION ( 'NONE',  ( 0.000000000000000000, 0.000000000000000000, -1.000000000000000000 ) ) ;
#561 = ORIENTED_EDGE ( 'NONE', *, *, #224, .F. ) ;
#562 = CARTESIAN_POINT ( 'NONE',  ( 1.499999999999487743, -58.68711800828255321, 0.000000000000000000 ) ) ;
#563 = EDGE_CURVE ( 'NONE', #1364, #393, #3538, .T. ) ;
#564 = CARTESIAN_POINT ( 'NONE',  ( -21.37139614189871395, 8.205614931611036056, 10.00000000000006040 ) ) ;
#565 = ORIENTED_EDGE ( 'NONE', *, *, #1714, .F. ) ;
#566 = LINE ( 'NONE', #2228, #1965 ) ;
#567 = DIRECTION ( 'NONE',  ( -0.000000000000000000, -0.000000000000000000, -1.000000000000000000 ) ) ;
#568 = EDGE_LOOP ( 'NONE', ( #3280, #1489 ) ) ;
#569 = CARTESIAN_POINT ( 'NONE',  ( 22.56575960438028616, -37.39772158955816650, 0.000000000000000000 ) ) ;
#570 = ORIENTED_EDGE ( 'NONE', *, *, #783, .T. ) ;
#571 = VERTEX_POINT ( 'NONE', #2112 ) ;
#572 = AXIS2_PLACEMENT_3D ( 'NONE', #2348, #897, #1996 ) ;
#573 = DIRECTION ( 'NONE',  ( -1.000000000000000000, 0.000000000000000000, 0.000000000000000000 ) ) ;
#574 = ORIENTED_EDGE ( 'NONE', *, *, #355, .T. ) ;
#575 = DIRECTION ( 'NONE',  ( 2.775557561562891745E-15, 6.293636852642898599E-31, 1.000000000000000000 ) ) ;
#576 = CYLINDRICAL_SURFACE ( 'NONE', #1727, 1.500000000000000888 ) ;
#577 = CIRCLE ( 'NONE', #758, 1.500000000000001332 ) ;
#578 = EDGE_CURVE ( 'NONE', #2976, #993, #1560, .T. ) ;
#579 = CYLINDRICAL_SURFACE ( 'NONE', #1752, 1.500000000000001332 ) ;
#580 = ORIENTED_EDGE ( 'NONE', *, *, #1914, .F. ) ;
#581 = EDGE_CURVE ( 'NONE', #3283, #268, #2484, .T. ) ;
#582 = AXIS2_PLACEMENT_3D ( 'NONE', #339, #1434, #3377 ) ;
#583 = DIRECTION ( 'NONE',  ( 0.000000000000000000, 0.000000000000000000, -1.000000000000000000 ) ) ;
#584 = AXIS2_PLACEMENT_3D ( 'NONE', #3179, #1993, #1823 ) ;
#585 = CARTESIAN_POINT ( 'NONE',  ( 14.28459127458939193, 3.751711472399185343, 10.00000000000000000 ) ) ;
#586 = CARTESIAN_POINT ( 'NONE',  ( -14.34008204457498969, -43.87893313116376959, 10.00000000000006928 ) ) ;
#587 = ORIENTED_EDGE ( 'NONE', *, *, #1190, .F. ) ;
#588 = EDGE_LOOP ( 'NONE', ( #1803, #1322, #3485, #735 ) ) ;
#589 = CARTESIAN_POINT ( 'NONE',  ( -25.53502857718829233, -17.03317133725616017, 10.00000000000006928 ) ) ;
#590 = DIRECTION ( 'NONE',  ( -0.000000000000000000, -0.000000000000000000, -1.000000000000000000 ) ) ;
#591 = VECTOR ( 'NONE', #3071, 1000.000000000000000 ) ;
#592 = DIRECTION ( 'NONE',  ( 0.000000000000000000, 0.000000000000000000, -1.000000000000000000 ) ) ;
#593 = EDGE_LOOP ( 'NONE', ( #274, #2165, #1341, #738 ) ) ;
#594 = DIRECTION ( 'NONE',  ( -0.000000000000000000, -0.000000000000000000, 1.000000000000000000 ) ) ;
#595 = CYLINDRICAL_SURFACE ( 'NONE', #199, 1.499999999999999556 ) ;
#596 = AXIS2_PLACEMENT_3D ( 'NONE', #1782, #2326, #363 ) ;
#597 = CARTESIAN_POINT ( 'NONE',  ( -14.28459127458939371, 3.751711472399178682, 3.964770532602188958E-14 ) ) ;
#598 = EDGE_CURVE ( 'NONE', #211, #708, #1169, .T. ) ;
#599 = AXIS2_PLACEMENT_3D ( 'NONE', #1654, #575, #2753 ) ;
#600 = EDGE_CURVE ( 'NONE', #3210, #1247, #945, .T. ) ;
#601 = ORIENTED_EDGE ( 'NONE', *, *, #3468, .F. ) ;
#602 = CIRCLE ( 'NONE', #2842, 1.499999999999998668 ) ;
#603 = FACE_BOUND ( 'NONE', #2138, .T. ) ;
#604 = LINE ( 'NONE', #3279, #2428 ) ;
#605 = PRODUCT ( 'monkey K \X2\8f6c63a55e955ea7\X0\(1)-\X2\7ad652a0\X0\3cm', 'monkey K \X2\8f6c63a55e955ea7\X0\(1)-\X2\7ad652a0\X0\3cm', '', ( #3108 ) ) ;
#606 = EDGE_CURVE ( 'NONE', #2227, #556, #1408, .T. ) ;
#607 = AXIS2_PLACEMENT_3D ( 'NONE', #2628, #1544, #1748 ) ;
#608 = LINE ( 'NONE', #1921, #2023 ) ;
#609 = CYLINDRICAL_SURFACE ( 'NONE', #1864, 1.500000000000001332 ) ;
#610 = ORIENTED_EDGE ( 'NONE', *, *, #874, .F. ) ;
#611 = CARTESIAN_POINT ( 'NONE',  ( 14.28459127458939193, 3.751711472399185343, 0.000000000000000000 ) ) ;
#612 = ADVANCED_FACE ( 'NONE', ( #810 ), #1688, .F. ) ;
#613 = DIRECTION ( 'NONE',  ( -1.000000000000000000, 0.000000000000000000, 0.000000000000000000 ) ) ;
#614 = FACE_OUTER_BOUND ( 'NONE', #643, .T. ) ;
#615 = ORIENTED_EDGE ( 'NONE', *, *, #1738, .T. ) ;
#616 = ORIENTED_EDGE ( 'NONE', *, *, #598, .T. ) ;
#617 = EDGE_LOOP ( 'NONE', ( #1904, #1066, #3102, #503 ) ) ;
#618 = FACE_OUTER_BOUND ( 'NONE', #3396, .T. ) ;
#619 = CARTESIAN_POINT ( 'NONE',  ( 12.78459127458939015, 3.751711472399185343, 0.000000000000000000 ) ) ;
#620 = ORIENTED_EDGE ( 'NONE', *, *, #327, .F. ) ;
#621 = DIRECTION ( 'NONE',  ( 0.000000000000000000, 0.000000000000000000, -1.000000000000000000 ) ) ;
#622 = CIRCLE ( 'NONE', #1948, 1.500000000000001332 ) ;
#623 = DIRECTION ( 'NONE',  ( -1.000000000000000000, 0.000000000000000000, 0.000000000000000000 ) ) ;
#624 = CARTESIAN_POINT ( 'NONE',  ( -15.78459127458939371, 3.751711472399177794, 4.381104166836623292E-14 ) ) ;
#625 = ORIENTED_EDGE ( 'NONE', *, *, #2935, .F. ) ;
#626 = EDGE_CURVE ( 'NONE', #1789, #954, #898, .T. ) ;
#627 = DIRECTION ( 'NONE',  ( 0.000000000000000000, 0.000000000000000000, -1.000000000000000000 ) ) ;
#628 = LINE ( 'NONE', #3445, #2702 ) ;
#629 = CARTESIAN_POINT ( 'NONE',  ( -19.56575960438040696, -24.89772158955817716, 5.430589201765981791E-14 ) ) ;
#630 = CARTESIAN_POINT ( 'NONE',  ( 6.938893903907228378E-15, -8.687118008282549653, 10.00000000000000000 ) ) ;
#631 = CARTESIAN_POINT ( 'NONE',  ( 12.78459127458939015, 3.751711472399185343, 10.00000000000000000 ) ) ;
#632 = EDGE_LOOP ( 'NONE', ( #3260, #1310, #2911, #3493 ) ) ;
#633 = ADVANCED_FACE ( 'NONE', ( #52 ), #1705, .F. ) ;
#634 = DIRECTION ( 'NONE',  ( -1.000000000000000000, 0.000000000000000000, 0.000000000000000000 ) ) ;
#635 = CIRCLE ( 'NONE', #2021, 1.500000000000001332 ) ;
#636 = DIRECTION ( 'NONE',  ( -1.000000000000000000, 0.000000000000000000, 0.000000000000000000 ) ) ;
#637 = ORIENTED_EDGE ( 'NONE', *, *, #1430, .T. ) ;
#638 = VECTOR ( 'NONE', #3401, 1000.000000000000000 ) ;
#639 = VERTEX_POINT ( 'NONE', #2751 ) ;
#640 = EDGE_CURVE ( 'NONE', #2054, #1571, #3025, .T. ) ;
#641 = FACE_BOUND ( 'NONE', #3375, .T. ) ;
#642 = CARTESIAN_POINT ( 'NONE',  ( -25.75000000000000355, 27.74999999999998579, 10.00000000000007105 ) ) ;
#643 = EDGE_LOOP ( 'NONE', ( #2586, #972, #2634, #3003 ) ) ;
#644 = VECTOR ( 'NONE', #98, 1000.000000000000000 ) ;
#645 = CARTESIAN_POINT ( 'NONE',  ( -12.84008204457498614, -43.87893313116376959, 10.00000000000006928 ) ) ;
#646 = DIRECTION ( 'NONE',  ( -2.775557561562892140E-15, -6.293636852642899475E-31, -1.000000000000000000 ) ) ;
#647 = AXIS2_PLACEMENT_3D ( 'NONE', #731, #3477, #2099 ) ;
#648 = ORIENTED_EDGE ( 'NONE', *, *, #559, .F. ) ;
#649 = AXIS2_PLACEMENT_3D ( 'NONE', #2253, #1984, #655 ) ;
#650 = CYLINDRICAL_SURFACE ( 'NONE', #2957, 1.500000000000001332 ) ;
#651 = ORIENTED_EDGE ( 'NONE', *, *, #2990, .T. ) ;
#652 = VECTOR ( 'NONE', #3218, 1000.000000000000000 ) ;
#653 = ORIENTED_EDGE ( 'NONE', *, *, #2776, .F. ) ;
#654 = DIRECTION ( 'NONE',  ( -1.000000000000000000, 0.000000000000000000, 0.000000000000000000 ) ) ;
#655 = DIRECTION ( 'NONE',  ( -1.000000000000000000, 0.000000000000000000, 0.000000000000000000 ) ) ;
#656 = AXIS2_PLACEMENT_3D ( 'NONE', #3087, #592, #613 ) ;
#657 = ORIENTED_EDGE ( 'NONE', *, *, #3095, .F. ) ;
#658 = VERTEX_POINT ( 'NONE', #334 ) ;
#659 = ORIENTED_EDGE ( 'NONE', *, *, #2177, .F. ) ;
#660 = CARTESIAN_POINT ( 'NONE',  ( 22.06889101411282184, -1.384321345430700623, 10.00000000000000000 ) ) ;
#661 = CIRCLE ( 'NONE', #1294, 1.500000000000001332 ) ;
#662 = DIRECTION ( 'NONE',  ( 1.000000000000000000, 0.000000000000000000, 0.000000000000000000 ) ) ;
#663 = FACE_BOUND ( 'NONE', #1704, .T. ) ;
#664 = EDGE_CURVE ( 'NONE', #2132, #2812, #2329, .T. ) ;
#665 = VERTEX_POINT ( 'NONE', #881 ) ;
#666 = EDGE_CURVE ( 'NONE', #2870, #1055, #2046, .T. ) ;
#667 = CARTESIAN_POINT ( 'NONE',  ( -21.37139614189871395, 8.205614931611036056, 10.00000000000006040 ) ) ;
#668 = CIRCLE ( 'NONE', #2687, 1.500000000000001332 ) ;
#669 = ORIENTED_EDGE ( 'NONE', *, *, #3074, .T. ) ;
#670 = DIRECTION ( 'NONE',  ( 0.000000000000000000, -0.000000000000000000, 1.000000000000000000 ) ) ;
#671 = ORIENTED_EDGE ( 'NONE', *, *, #1660, .F. ) ;
#672 = CARTESIAN_POINT ( 'NONE',  ( 30.00000000000001421, -52.49999999999999289, 10.00000000000000000 ) ) ;
#673 = VERTEX_POINT ( 'NONE', #3324 ) ;
#674 = CIRCLE ( 'NONE', #1589, 1.500000000000003109 ) ;
#675 = ORIENTED_EDGE ( 'NONE', *, *, #2231, .F. ) ;
#677 = CIRCLE ( 'NONE', #2690, 1.500000000000001332 ) ;
#676 = CARTESIAN_POINT ( 'NONE',  ( -19.56575960438037853, -24.89772158955817716, 10.00000000000005507 ) ) ;
#678 = CARTESIAN_POINT ( 'NONE',  ( 24.03502857718832431, -17.03317133725614951, 10.00000000000000000 ) ) ;
#679 = ORIENTED_EDGE ( 'NONE', *, *, #1582, .T. ) ;
#680 = CARTESIAN_POINT ( 'NONE',  ( -21.06575960438066630, -49.89772158955818071, 0.000000000000000000 ) ) ;
#681 = DIRECTION ( 'NONE',  ( 0.000000000000000000, 0.000000000000000000, -1.000000000000000000 ) ) ;
#682 = LINE ( 'NONE', #1779, #1441 ) ;
#683 = CYLINDRICAL_SURFACE ( 'NONE', #1265, 1.500000000000003109 ) ;
#684 = DIRECTION ( 'NONE',  ( 1.000000000000000000, 5.782411586589351722E-16, -2.775557561562891351E-15 ) ) ;
#685 = AXIS2_PLACEMENT_3D ( 'NONE', #2837, #397, #2803 ) ;
#686 = EDGE_CURVE ( 'NONE', #1032, #2592, #780, .T. ) ;
#687 = DIRECTION ( 'NONE',  ( -0.000000000000000000, 0.000000000000000000, -1.000000000000000000 ) ) ;
#688 = DIRECTION ( 'NONE',  ( -1.000000000000000000, 0.000000000000000000, 0.000000000000000000 ) ) ;
#689 = EDGE_LOOP ( 'NONE', ( #2454, #2386 ) ) ;
#690 = CARTESIAN_POINT ( 'NONE',  ( -2.533913980103936344E-13, -33.68711800828255321, 10.00000000000006928 ) ) ;
#691 = CARTESIAN_POINT ( 'NONE',  ( 19.56575960438015471, -49.89772158955817360, 10.00000000000006928 ) ) ;
#692 = FACE_BOUND ( 'NONE', #3460, .T. ) ;
#693 = ORIENTED_EDGE ( 'NONE', *, *, #1608, .F. ) ;
#694 = FACE_BOUND ( 'NONE', #3152, .T. ) ;
#695 = CYLINDRICAL_SURFACE ( 'NONE', #306, 1.500000000000001332 ) ;
#696 = EDGE_LOOP ( 'NONE', ( #3399, #2765 ) ) ;
#697 = CIRCLE ( 'NONE', #2587, 9.999999999999998224 ) ;
#698 = ORIENTED_EDGE ( 'NONE', *, *, #2577, .F. ) ;
#699 = DIRECTION ( 'NONE',  ( 1.000000000000000000, 0.000000000000000000, -2.775557561562887407E-15 ) ) ;
#700 = DIRECTION ( 'NONE',  ( -0.000000000000000000, -0.000000000000000000, -1.000000000000000000 ) ) ;
#701 = AXIS2_PLACEMENT_3D ( 'NONE', #2004, #1455, #2558 ) ;
#702 = CYLINDRICAL_SURFACE ( 'NONE', #1623, 1.500000000000001332 ) ;
#703 = CARTESIAN_POINT ( 'NONE',  ( -14.34008204457486002, -31.37893313116377314, 0.000000000000000000 ) ) ;
#704 = EDGE_CURVE ( 'NONE', #1706, #141, #1980, .T. ) ;
#705 = DIRECTION ( 'NONE',  ( -0.000000000000000000, -0.000000000000000000, -1.000000000000000000 ) ) ;
#706 = ADVANCED_FACE ( 'NONE', ( #2193 ), #828, .F. ) ;
#707 = AXIS2_PLACEMENT_3D ( 'NONE', #1546, #745, #487 ) ;
#708 = VERTEX_POINT ( 'NONE', #3339 ) ;
#709 = VECTOR ( 'NONE', #82, 1000.000000000000000 ) ;
#710 = CIRCLE ( 'NONE', #2724, 1.500000000000000444 ) ;
#711 = DIRECTION ( 'NONE',  ( 0.000000000000000000, 0.000000000000000000, -1.000000000000000000 ) ) ;
#712 = FACE_OUTER_BOUND ( 'NONE', #2328, .T. ) ;
#713 = VECTOR ( 'NONE', #944, 1000.000000000000000 ) ;
#714 = ORIENTED_EDGE ( 'NONE', *, *, #1072, .T. ) ;
#715 = CARTESIAN_POINT ( 'NONE',  ( 1.149254302834634700E-14, -22.20932941147529505, 10.00000000000000000 ) ) ;
#716 = EDGE_LOOP ( 'NONE', ( #2182, #1222, #1771, #1464 ) ) ;
#717 = CIRCLE ( 'NONE', #892, 1.500000000000003109 ) ;
#718 = EDGE_CURVE ( 'NONE', #2026, #2351, #1962, .T. ) ;
#719 = ORIENTED_EDGE ( 'NONE', *, *, #3271, .T. ) ;
#720 = DIRECTION ( 'NONE',  ( -0.000000000000000000, -0.000000000000000000, -1.000000000000000000 ) ) ;
#721 = CARTESIAN_POINT ( 'NONE',  ( 1.499999999999617639, -46.18711800828255321, 10.00000000000006928 ) ) ;
#722 = DIRECTION ( 'NONE',  ( -0.000000000000000000, -0.000000000000000000, -1.000000000000000000 ) ) ;
#723 = CYLINDRICAL_SURFACE ( 'NONE', #1188, 1.500000000000001332 ) ;
#724 = DIRECTION ( 'NONE',  ( 0.000000000000000000, 0.000000000000000000, -1.000000000000000000 ) ) ;
#725 = CARTESIAN_POINT ( 'NONE',  ( 25.53502857718832786, -17.03317133725614951, 10.00000000000000000 ) ) ;
#726 = VERTEX_POINT ( 'NONE', #299 ) ;
#727 = DIRECTION ( 'NONE',  ( -1.000000000000000000, 0.000000000000000000, 0.000000000000000000 ) ) ;
#728 = ORIENTED_EDGE ( 'NONE', *, *, #1005, .F. ) ;
#729 = LINE ( 'NONE', #3183, #1363 ) ;
#730 = AXIS2_PLACEMENT_3D ( 'NONE', #769, #3191, #440 ) ;
#731 = CARTESIAN_POINT ( 'NONE',  ( -22.06889101411279341, -1.384321345430710393, 10.00000000000006040 ) ) ;
#732 = ORIENTED_EDGE ( 'NONE', *, *, #231, .F. ) ;
#733 = VERTEX_POINT ( 'NONE', #39 ) ;
#734 = EDGE_CURVE ( 'NONE', #147, #2492, #37, .T. ) ;
#735 = ORIENTED_EDGE ( 'NONE', *, *, #2707, .F. ) ;
#736 = CARTESIAN_POINT ( 'NONE',  ( -22.53502857718828878, -17.03317133725616017, 10.00000000000006217 ) ) ;
#737 = ORIENTED_EDGE ( 'NONE', *, *, #2637, .F. ) ;
#738 = ORIENTED_EDGE ( 'NONE', *, *, #1899, .F. ) ;
#739 = EDGE_LOOP ( 'NONE', ( #243, #266 ) ) ;
#740 = CARTESIAN_POINT ( 'NONE',  ( -7.879915765898465985, -51.88490441556262311, 10.00000000000006928 ) ) ;
#741 = DIRECTION ( 'NONE',  ( 0.000000000000000000, 0.000000000000000000, -1.000000000000000000 ) ) ;
#742 = EDGE_CURVE ( 'NONE', #1139, #2693, #1329, .T. ) ;
#743 = DIRECTION ( 'NONE',  ( 0.000000000000000000, 0.000000000000000000, -1.000000000000000000 ) ) ;
#744 = FILL_AREA_STYLE ('',( #1022 ) ) ;
#745 = DIRECTION ( 'NONE',  ( -0.000000000000000000, -0.000000000000000000, -1.000000000000000000 ) ) ;
#746 = ORIENTED_EDGE ( 'NONE', *, *, #2504, .F. ) ;
#747 = CARTESIAN_POINT ( 'NONE',  ( 6.379915765898081403, -27.02436017819085734, 10.00000000000000000 ) ) ;
#748 = LINE ( 'NONE', #1549, #713 ) ;
#749 = ORIENTED_EDGE ( 'NONE', *, *, #1044, .T. ) ;
#750 = ADVANCED_FACE ( 'NONE', ( #3207 ), #1581, .F. ) ;
#751 = VERTEX_POINT ( 'NONE', #725 ) ;
#752 = ADVANCED_FACE ( 'NONE', ( #2133 ), #3471, .F. ) ;
#753 = DIRECTION ( 'NONE',  ( 1.067522139062650425E-16, -1.000000000000000000, 0.000000000000000000 ) ) ;
#754 = LINE ( 'NONE', #980, #1509 ) ;
#755 = VERTEX_POINT ( 'NONE', #169 ) ;
#756 = AXIS2_PLACEMENT_3D ( 'NONE', #180, #1796, #964 ) ;
#757 = DIRECTION ( 'NONE',  ( -1.000000000000000000, 0.000000000000000000, 0.000000000000000000 ) ) ;
#758 = AXIS2_PLACEMENT_3D ( 'NONE', #1973, #2732, #310 ) ;
#759 = ORIENTED_EDGE ( 'NONE', *, *, #3002, .F. ) ;
#760 = ADVANCED_FACE ( 'NONE', ( #985 ), #2095, .F. ) ;
#761 = AXIS2_PLACEMENT_3D ( 'NONE', #2848, #3129, #2830 ) ;
#762 = DIRECTION ( 'NONE',  ( -0.000000000000000000, -0.000000000000000000, -1.000000000000000000 ) ) ;
#763 = FACE_BOUND ( 'NONE', #3353, .T. ) ;
#764 = ORIENTED_EDGE ( 'NONE', *, *, #3492, .T. ) ;
#765 = FACE_OUTER_BOUND ( 'NONE', #1331, .T. ) ;
#766 = ORIENTED_EDGE ( 'NONE', *, *, #2030, .T. ) ;
#767 = EDGE_LOOP ( 'NONE', ( #2158, #543 ) ) ;
#768 = CIRCLE ( 'NONE', #2090, 1.500000000000000444 ) ;
#769 = CARTESIAN_POINT ( 'NONE',  ( -21.06575960438040696, -24.89772158955817716, 5.846922836000416125E-14 ) ) ;
#770 = DIRECTION ( 'NONE',  ( -0.000000000000000000, -0.000000000000000000, -1.000000000000000000 ) ) ;
#771 = AXIS2_PLACEMENT_3D ( 'NONE', #1570, #3500, #2120 ) ;
#772 = CARTESIAN_POINT ( 'NONE',  ( 28.00000000000000355, 30.50000000000000000, 10.00000000000000000 ) ) ;
#773 = ORIENTED_EDGE ( 'NONE', *, *, #1449, .T. ) ;
#774 = DIRECTION ( 'NONE',  ( -0.000000000000000000, -0.000000000000000000, -1.000000000000000000 ) ) ;
#775 = CARTESIAN_POINT ( 'NONE',  ( 22.53502857718832431, -17.03317133725614951, 10.00000000000000000 ) ) ;
#776 = AXIS2_PLACEMENT_3D ( 'NONE', #1156, #2787, #84 ) ;
#777 = VECTOR ( 'NONE', #2721, 1000.000000000000000 ) ;
#778 = ORIENTED_EDGE ( 'NONE', *, *, #3007, .T. ) ;
#779 = EDGE_CURVE ( 'NONE', #835, #3287, #1175, .T. ) ;
#780 = CIRCLE ( 'NONE', #3491, 1.500000000000001332 ) ;
#781 = LINE ( 'NONE', #3034, #94 ) ;
#782 = ORIENTED_EDGE ( 'NONE', *, *, #826, .T. ) ;
#783 = EDGE_CURVE ( 'NONE', #2173, #878, #2202, .T. ) ;
#784 = DIRECTION ( 'NONE',  ( 0.000000000000000000, 0.000000000000000000, -1.000000000000000000 ) ) ;
#785 = DIRECTION ( 'NONE',  ( -0.000000000000000000, -0.000000000000000000, -1.000000000000000000 ) ) ;
#786 = ORIENTED_EDGE ( 'NONE', *, *, #1305, .F. ) ;
#787 = VERTEX_POINT ( 'NONE', #564 ) ;
#788 = CARTESIAN_POINT ( 'NONE',  ( -14.34008204457486002, -31.37893313116377314, 10.00000000000006928 ) ) ;
#789 = VERTEX_POINT ( 'NONE', #519 ) ;
#790 = EDGE_LOOP ( 'NONE', ( #1128, #2552, #848, #1999 ) ) ;
#791 = DIRECTION ( 'NONE',  ( 0.000000000000000000, 0.000000000000000000, -1.000000000000000000 ) ) ;
#792 = CIRCLE ( 'NONE', #2914, 1.500000000000000444 ) ;
#793 = DIRECTION ( 'NONE',  ( 1.000000000000000000, 0.000000000000000000, -2.312964634635740689E-15 ) ) ;
#794 = ORIENTED_EDGE ( 'NONE', *, *, #3275, .T. ) ;
#795 = CARTESIAN_POINT ( 'NONE',  ( 21.06575960438015827, -49.89772158955817360, 0.000000000000000000 ) ) ;
#796 = CIRCLE ( 'NONE', #385, 1.500000000000001332 ) ;
#797 = ORIENTED_EDGE ( 'NONE', *, *, #2981, .T. ) ;
#798 = LINE ( 'NONE', #1935, #149 ) ;
#799 = CARTESIAN_POINT ( 'NONE',  ( -29.99999999999999289, 32.50000000000000000, 0.000000000000000000 ) ) ;
#800 = EDGE_CURVE ( 'NONE', #673, #305, #1869, .T. ) ;
#801 = VERTEX_POINT ( 'NONE', #1038 ) ;
#802 = DIRECTION ( 'NONE',  ( -1.000000000000000000, 0.000000000000000000, 2.312964634635740689E-15 ) ) ;
#803 = FACE_OUTER_BOUND ( 'NONE', #524, .T. ) ;
#804 = ORIENTED_EDGE ( 'NONE', *, *, #1816, .T. ) ;
#805 = ORIENTED_EDGE ( 'NONE', *, *, #1658, .F. ) ;
#806 = ADVANCED_FACE ( 'NONE', ( #3308 ), #3055, .F. ) ;
#807 = CARTESIAN_POINT ( 'NONE',  ( 0.000000000000000000, 0.000000000000000000, 0.000000000000000000 ) ) ;
#808 = LINE ( 'NONE', #2189, #2159 ) ;
#809 = EDGE_LOOP ( 'NONE', ( #1881, #1552 ) ) ;
#810 = FACE_OUTER_BOUND ( 'NONE', #3530, .T. ) ;
#811 = CARTESIAN_POINT ( 'NONE',  ( 12.84008204457460600, -31.37893313116376603, 0.000000000000000000 ) ) ;
#812 = LINE ( 'NONE', #3048, #2785 ) ;
#813 = FACE_OUTER_BOUND ( 'NONE', #896, .T. ) ;
#814 = CARTESIAN_POINT ( 'NONE',  ( -12.23820319873526330, -6.159226855756934071, 10.00000000000003553 ) ) ;
#815 = ORIENTED_EDGE ( 'NONE', *, *, #1162, .F. ) ;
#816 = CARTESIAN_POINT ( 'NONE',  ( -10.73820319873528994, -6.159226855756934071, 2.980450108584857101E-14 ) ) ;
#817 = ORIENTED_EDGE ( 'NONE', *, *, #179, .T. ) ;
#818 = ORIENTED_EDGE ( 'NONE', *, *, #2215, .F. ) ;
#819 = CARTESIAN_POINT ( 'NONE',  ( 6.379915765898081403, -14.38490441556261068, 10.00000000000000000 ) ) ;
#820 = EDGE_CURVE ( 'NONE', #2812, #789, #781, .T. ) ;
#821 = CIRCLE ( 'NONE', #2831, 1.500000000000001332 ) ;
#822 = DIRECTION ( 'NONE',  ( -0.000000000000000000, -0.000000000000000000, -1.000000000000000000 ) ) ;
#823 = ORIENTED_EDGE ( 'NONE', *, *, #2320, .T. ) ;
#824 = CARTESIAN_POINT ( 'NONE',  ( 23.56889101411282184, -1.384321345430700401, 10.00000000000000000 ) ) ;
#825 = ORIENTED_EDGE ( 'NONE', *, *, #1355, .T. ) ;
#826 = EDGE_CURVE ( 'NONE', #3264, #3289, #1992, .T. ) ;
#827 = EDGE_LOOP ( 'NONE', ( #2583, #1140, #159, #2954 ) ) ;
#828 = CYLINDRICAL_SURFACE ( 'NONE', #2610, 1.500000000000001332 ) ;
#829 = EDGE_LOOP ( 'NONE', ( #805, #2296, #2372, #856 ) ) ;
#830 = CARTESIAN_POINT ( 'NONE',  ( -16.91749268268688056, -11.21500916080822918, 4.695547473811647161E-14 ) ) ;
#831 = EDGE_CURVE ( 'NONE', #2469, #59, #2101, .T. ) ;
#832 = CIRCLE ( 'NONE', #3134, 1.500000000000001332 ) ;
#833 = AXIS2_PLACEMENT_3D ( 'NONE', #403, #1248, #1792 ) ;
#834 = CYLINDRICAL_SURFACE ( 'NONE', #582, 1.500000000000001332 ) ;
#835 = VERTEX_POINT ( 'NONE', #2226 ) ;
#836 = AXIS2_PLACEMENT_3D ( 'NONE', #2513, #923, #2528 ) ;
#837 = CARTESIAN_POINT ( 'NONE',  ( 25.75000000000001421, 27.74999999999999645, 10.00000000000000000 ) ) ;
#838 = ORIENTED_EDGE ( 'NONE', *, *, #3160, .F. ) ;
#839 = AXIS2_PLACEMENT_3D ( 'NONE', #3545, #1093, #2429 ) ;
#840 = CARTESIAN_POINT ( 'NONE',  ( 6.379915765897821167, -39.38490441556260890, 10.00000000000006928 ) ) ;
#841 = DIRECTION ( 'NONE',  ( -1.000000000000000000, 0.000000000000000000, 0.000000000000000000 ) ) ;
#842 = EDGE_LOOP ( 'NONE', ( #1937, #222, #2734, #3573 ) ) ;
#843 = AXIS2_PLACEMENT_3D ( 'NONE', #1503, #1218, #699 ) ;
#844 = EDGE_LOOP ( 'NONE', ( #2333, #1697, #2147, #2763 ) ) ;
#845 = FACE_BOUND ( 'NONE', #924, .T. ) ;
#846 = DIRECTION ( 'NONE',  ( -1.000000000000000000, 0.000000000000000000, 0.000000000000000000 ) ) ;
#847 = EDGE_LOOP ( 'NONE', ( #1354, #601, #1985, #960 ) ) ;
#848 = ORIENTED_EDGE ( 'NONE', *, *, #779, .T. ) ;
#849 = CARTESIAN_POINT ( 'NONE',  ( -14.34008204457470015, -18.87893313116376959, 10.00000000000004086 ) ) ;
#850 = ADVANCED_FACE ( 'NONE', ( #1373 ), #1953, .F. ) ;
#851 = DIRECTION ( 'NONE',  ( -0.000000000000000000, -0.000000000000000000, -1.000000000000000000 ) ) ;
#852 = DIRECTION ( 'NONE',  ( 2.775557561562891745E-15, 6.293636852642898599E-31, 1.000000000000000000 ) ) ;
#853 = DIRECTION ( 'NONE',  ( -0.000000000000000000, -0.000000000000000000, -1.000000000000000000 ) ) ;
#854 = AXIS2_PLACEMENT_3D ( 'NONE', #1818, #2987, #1017 ) ;
#855 = DIRECTION ( 'NONE',  ( 1.000000000000000000, 0.000000000000000000, 0.000000000000000000 ) ) ;
#856 = ORIENTED_EDGE ( 'NONE', *, *, #3384, .F. ) ;
#857 = CARTESIAN_POINT ( 'NONE',  ( 4.879915765898080515, 0.5015657048662146567, 10.00000000000000000 ) ) ;
#858 = CARTESIAN_POINT ( 'NONE',  ( 21.06575960438041761, -24.89772158955816650, 0.000000000000000000 ) ) ;
#859 = FACE_BOUND ( 'NONE', #542, .T. ) ;
#860 = DIRECTION ( 'NONE',  ( -1.000000000000000000, 0.000000000000000000, 0.000000000000000000 ) ) ;
#861 = ORIENTED_EDGE ( 'NONE', *, *, #204, .T. ) ;
#862 = VECTOR ( 'NONE', #2358, 1000.000000000000000 ) ;
#863 = CARTESIAN_POINT ( 'NONE',  ( -18.41749268268685569, -11.21500916080822918, 10.00000000000004974 ) ) ;
#864 = ORIENTED_EDGE ( 'NONE', *, *, #2589, .T. ) ;
#865 = DIRECTION ( 'NONE',  ( -2.775557561562892140E-15, -6.293636852642899475E-31, -1.000000000000000000 ) ) ;
#866 = EDGE_CURVE ( 'NONE', #1793, #1375, #1747, .T. ) ;
#867 = ORIENTED_EDGE ( 'NONE', *, *, #161, .F. ) ;
#868 = EDGE_CURVE ( 'NONE', #3235, #1191, #2758, .T. ) ;
#869 = CARTESIAN_POINT ( 'NONE',  ( -22.56575960438037853, -24.89772158955817716, 10.00000000000006217 ) ) ;
#870 = DIRECTION ( 'NONE',  ( -0.000000000000000000, -0.000000000000000000, -1.000000000000000000 ) ) ;
#871 = EDGE_CURVE ( 'NONE', #3482, #1955, #3564, .T. ) ;
#872 = EDGE_LOOP ( 'NONE', ( #106, #1978 ) ) ;
#873 = VECTOR ( 'NONE', #590, 1000.000000000000000 ) ;
#874 = EDGE_CURVE ( 'NONE', #2132, #2816, #3290, .T. ) ;
#875 = DIRECTION ( 'NONE',  ( 2.775557561562891745E-15, 6.293636852642898599E-31, 1.000000000000000000 ) ) ;
#876 = FACE_BOUND ( 'NONE', #117, .T. ) ;
#877 = CYLINDRICAL_SURFACE ( 'NONE', #776, 1.500000000000001332 ) ;
#878 = VERTEX_POINT ( 'NONE', #1076 ) ;
#879 = DIRECTION ( 'NONE',  ( 0.000000000000000000, 0.000000000000000000, 1.000000000000000000 ) ) ;
#880 = VERTEX_POINT ( 'NONE', #816 ) ;
#881 = CARTESIAN_POINT ( 'NONE',  ( 20.00000000000001421, 32.50000000000000000, 10.00000000000000000 ) ) ;
#882 = CARTESIAN_POINT ( 'NONE',  ( 20.56889101411282184, -1.384321345430700623, 10.00000000000000000 ) ) ;
#883 = DIRECTION ( 'NONE',  ( -0.000000000000000000, -0.000000000000000000, -1.000000000000000000 ) ) ;
#884 = ORIENTED_EDGE ( 'NONE', *, *, #1599, .T. ) ;
#885 = VECTOR ( 'NONE', #687, 1000.000000000000000 ) ;
#886 = DIRECTION ( 'NONE',  ( -1.000000000000000000, 0.000000000000000000, 0.000000000000000000 ) ) ;
#887 = CARTESIAN_POINT ( 'NONE',  ( -12.84008204457469837, -18.87893313116376959, 10.00000000000003730 ) ) ;
#888 = AXIS2_PLACEMENT_3D ( 'NONE', #2638, #1254, #2375 ) ;
#889 = EDGE_LOOP ( 'NONE', ( #1761, #1828 ) ) ;
#890 = EDGE_CURVE ( 'NONE', #3310, #193, #2974, .T. ) ;
#891 = CIRCLE ( 'NONE', #833, 1.500000000000001332 ) ;
#892 = AXIS2_PLACEMENT_3D ( 'NONE', #1805, #2047, #3439 ) ;
#893 = DIRECTION ( 'NONE',  ( -1.000000000000000000, 0.000000000000000000, 0.000000000000000000 ) ) ;
#894 = CIRCLE ( 'NONE', #1231, 1.500000000000000444 ) ;
#895 = CARTESIAN_POINT ( 'NONE',  ( -25.75000000000000355, 27.74999999999998579, 10.00000000000007105 ) ) ;
#896 = EDGE_LOOP ( 'NONE', ( #431, #1924, #1281, #2674 ) ) ;
#897 = DIRECTION ( 'NONE',  ( -0.000000000000000000, -0.000000000000000000, -1.000000000000000000 ) ) ;
#898 = CIRCLE ( 'NONE', #2675, 1.500000000000001332 ) ;
#899 = CYLINDRICAL_SURFACE ( 'NONE', #27, 1.500000000000001332 ) ;
#900 = CARTESIAN_POINT ( 'NONE',  ( 10.73820319873529350, -6.159226855756928742, 0.000000000000000000 ) ) ;
#901 = ORIENTED_EDGE ( 'NONE', *, *, #2028, .F. ) ;
#902 = AXIS2_PLACEMENT_3D ( 'NONE', #1866, #3243, #177 ) ;
#903 = FACE_OUTER_BOUND ( 'NONE', #3227, .T. ) ;
#904 = ORIENTED_EDGE ( 'NONE', *, *, #866, .T. ) ;
#905 = CARTESIAN_POINT ( 'NONE',  ( -19.99999999999998224, -62.50000000000000000, 10.00000000000000000 ) ) ;
#906 = EDGE_CURVE ( 'NONE', #3302, #2060, #1387, .T. ) ;
#907 = AXIS2_PLACEMENT_3D ( 'NONE', #1591, #2123, #2717 ) ;
#908 = DIRECTION ( 'NONE',  ( -1.000000000000000000, 0.000000000000000000, 0.000000000000000000 ) ) ;
#909 = DIRECTION ( 'NONE',  ( 2.775557561562891745E-15, 6.293636852642898599E-31, 1.000000000000000000 ) ) ;
#910 = FACE_OUTER_BOUND ( 'NONE', #1874, .T. ) ;
#911 = ORIENTED_EDGE ( 'NONE', *, *, #826, .F. ) ;
#912 = EDGE_CURVE ( 'NONE', #1848, #2858, #661, .T. ) ;
#913 = EDGE_LOOP ( 'NONE', ( #1217, #2762 ) ) ;
#914 = ORIENTED_EDGE ( 'NONE', *, *, #1342, .T. ) ;
#915 = CARTESIAN_POINT ( 'NONE',  ( -14.34008204457486002, -31.37893313116377314, 10.00000000000006928 ) ) ;
#916 = DIRECTION ( 'NONE',  ( 2.775557561562891745E-15, 6.293636852642898599E-31, 1.000000000000000000 ) ) ;
#917 = EDGE_LOOP ( 'NONE', ( #625, #1469, #2676, #1790 ) ) ;
#918 = DIRECTION ( 'NONE',  ( -1.000000000000000000, 0.000000000000000000, 0.000000000000000000 ) ) ;
#919 = LINE ( 'NONE', #3412, #20 ) ;
#920 = VERTEX_POINT ( 'NONE', #25 ) ;
#921 = CARTESIAN_POINT ( 'NONE',  ( -12.84008204457469837, -18.87893313116376959, 10.00000000000003730 ) ) ;
#922 = VECTOR ( 'NONE', #2425, 1000.000000000000000 ) ;
#923 = DIRECTION ( 'NONE',  ( 0.000000000000000000, 0.000000000000000000, -1.000000000000000000 ) ) ;
#924 = EDGE_LOOP ( 'NONE', ( #63, #416 ) ) ;
#925 = CARTESIAN_POINT ( 'NONE',  ( 4.879915765897691493, -51.88490441556261601, 0.000000000000000000 ) ) ;
#926 = AXIS2_PLACEMENT_3D ( 'NONE', #2527, #1440, #61 ) ;
#927 = ORIENTED_EDGE ( 'NONE', *, *, #1299, .T. ) ;
#928 = DIRECTION ( 'NONE',  ( -1.000000000000000000, 0.000000000000000000, 2.891205793294679017E-15 ) ) ;
#929 = CARTESIAN_POINT ( 'NONE',  ( 12.23820319873529527, -6.159226855756928742, 0.000000000000000000 ) ) ;
#930 = ADVANCED_FACE ( 'NONE', ( #1117 ), #579, .F. ) ;
#931 = CARTESIAN_POINT ( 'NONE',  ( 0.000000000000000000, 0.000000000000000000, 0.000000000000000000 ) ) ;
#932 = CARTESIAN_POINT ( 'NONE',  ( 21.37139614189873527, 8.205614931611046714, 10.00000000000000000 ) ) ;
#933 = FACE_BOUND ( 'NONE', #913, .T. ) ;
#934 = CIRCLE ( 'NONE', #2835, 1.500000000000001332 ) ;
#935 = ORIENTED_EDGE ( 'NONE', *, *, #1162, .T. ) ;
#936 = CARTESIAN_POINT ( 'NONE',  ( -24.03502857718828878, -17.03317133725616017, 10.00000000000006573 ) ) ;
#937 = CIRCLE ( 'NONE', #3487, 1.500000000000003109 ) ;
#938 = DIRECTION ( 'NONE',  ( 0.000000000000000000, -0.000000000000000000, -1.000000000000000000 ) ) ;
#939 = ORIENTED_EDGE ( 'NONE', *, *, #400, .F. ) ;
#940 = DIRECTION ( 'NONE',  ( 0.000000000000000000, -0.000000000000000000, -1.000000000000000000 ) ) ;
#941 = AXIS2_PLACEMENT_3D ( 'NONE', #2467, #2411, #4 ) ;
#942 = ORIENTED_EDGE ( 'NONE', *, *, #1476, .T. ) ;
#943 = FACE_BOUND ( 'NONE', #2656, .T. ) ;
#944 = DIRECTION ( 'NONE',  ( -0.000000000000000000, -0.000000000000000000, -1.000000000000000000 ) ) ;
#945 = CIRCLE ( 'NONE', #3261, 1.500000000000001332 ) ;
#946 = EDGE_LOOP ( 'NONE', ( #1888, #3221, #1605, #1997 ) ) ;
#947 = EDGE_CURVE ( 'NONE', #1588, #993, #484, .T. ) ;
#948 = FACE_OUTER_BOUND ( 'NONE', #3073, .T. ) ;
#949 = CIRCLE ( 'NONE', #2005, 1.500000000000001332 ) ;
#950 = AXIS2_PLACEMENT_3D ( 'NONE', #931, #3037, #1740 ) ;
#951 = DIRECTION ( 'NONE',  ( 2.775557561562891745E-15, 6.293636852642898599E-31, 1.000000000000000000 ) ) ;
#952 = EDGE_CURVE ( 'NONE', #125, #3208, #1180, .T. ) ;
#953 = DIRECTION ( 'NONE',  ( 0.000000000000000000, 0.000000000000000000, 1.000000000000000000 ) ) ;
#954 = VERTEX_POINT ( 'NONE', #1470 ) ;
#955 = DIRECTION ( 'NONE',  ( -2.775557561562892140E-15, -6.293636852642899475E-31, -1.000000000000000000 ) ) ;
#956 = ORIENTED_EDGE ( 'NONE', *, *, #563, .T. ) ;
#957 = CYLINDRICAL_SURFACE ( 'NONE', #1142, 1.500000000000000444 ) ;
#958 = CARTESIAN_POINT ( 'NONE',  ( -19.56575960438066630, -49.89772158955818071, 10.00000000000006928 ) ) ;
#959 = ORIENTED_EDGE ( 'NONE', *, *, #231, .T. ) ;
#960 = ORIENTED_EDGE ( 'NONE', *, *, #2077, .T. ) ;
#961 = EDGE_LOOP ( 'NONE', ( #671, #1024, #85, #1945 ) ) ;
#962 = CYLINDRICAL_SURFACE ( 'NONE', #2049, 1.500000000000003109 ) ;
#963 = ADVANCED_FACE ( 'NONE', ( #1739 ), #962, .F. ) ;
#964 = DIRECTION ( 'NONE',  ( 1.000000000000000000, 0.000000000000000000, 0.000000000000000000 ) ) ;
#965 = EDGE_CURVE ( 'NONE', #1269, #1293, #127, .T. ) ;
#966 = CARTESIAN_POINT ( 'NONE',  ( 7.879915765898082292, 0.5015657048662148787, 10.00000000000000000 ) ) ;
#967 = EDGE_CURVE ( 'NONE', #1991, #317, #2104, .T. ) ;
#968 = CARTESIAN_POINT ( 'NONE',  ( 11.34008204457473390, -18.87893313116376603, 10.00000000000000000 ) ) ;
#969 = ORIENTED_EDGE ( 'NONE', *, *, #115, .F. ) ;
#970 = EDGE_CURVE ( 'NONE', #2867, #2627, #375, .T. ) ;
#971 = DIRECTION ( 'NONE',  ( -1.000000000000000000, 0.000000000000000000, 2.312964634635743450E-15 ) ) ;
#972 = ORIENTED_EDGE ( 'NONE', *, *, #2663, .T. ) ;
#973 = DIRECTION ( 'NONE',  ( 2.775557561562891745E-15, 6.293636852642898599E-31, 1.000000000000000000 ) ) ;
#974 = ORIENTED_EDGE ( 'NONE', *, *, #965, .T. ) ;
#975 = CARTESIAN_POINT ( 'NONE',  ( -7.879915765898047653, -14.38490441556261423, 10.00000000000002132 ) ) ;
#976 = ORIENTED_EDGE ( 'NONE', *, *, #2936, .T. ) ;
#977 = ORIENTED_EDGE ( 'NONE', *, *, #2641, .F. ) ;
#978 = DIRECTION ( 'NONE',  ( 0.000000000000000000, 0.000000000000000000, -1.000000000000000000 ) ) ;
#979 = DIRECTION ( 'NONE',  ( -1.000000000000000000, 0.000000000000000000, 0.000000000000000000 ) ) ;
#980 = CARTESIAN_POINT ( 'NONE',  ( -4.879915765898045876, -14.38490441556261423, 10.00000000000001421 ) ) ;
#981 = CIRCLE ( 'NONE', #1391, 1.500000000000001332 ) ;
#982 = DIRECTION ( 'NONE',  ( -1.000000000000000000, 0.000000000000000000, 0.000000000000000000 ) ) ;
#983 = DIRECTION ( 'NONE',  ( -1.000000000000000000, 0.000000000000000000, 0.000000000000000000 ) ) ;
#984 = AXIS2_PLACEMENT_3D ( 'NONE', #2799, #875, #2169 ) ;
#985 = FACE_OUTER_BOUND ( 'NONE', #2616, .T. ) ;
#986 = ORIENTED_EDGE ( 'NONE', *, *, #296, .T. ) ;
#987 = EDGE_CURVE ( 'NONE', #516, #2351, #549, .T. ) ;
#988 = AXIS2_PLACEMENT_3D ( 'NONE', #936, #2043, #3149 ) ;
#989 = AXIS2_PLACEMENT_3D ( 'NONE', #2623, #1002, #1778 ) ;
#990 = CYLINDRICAL_SURFACE ( 'NONE', #1990, 1.500000000000001332 ) ;
#991 = ORIENTED_EDGE ( 'NONE', *, *, #13, .F. ) ;
#992 = FACE_BOUND ( 'NONE', #3068, .T. ) ;
#993 = VERTEX_POINT ( 'NONE', #1451 ) ;
#994 = VECTOR ( 'NONE', #194, 1000.000000000000000 ) ;
#995 = VERTEX_POINT ( 'NONE', #2071 ) ;
#996 = DIRECTION ( 'NONE',  ( -1.000000000000000000, 0.000000000000000000, 0.000000000000000000 ) ) ;
#997 = ORIENTED_EDGE ( 'NONE', *, *, #874, .T. ) ;
#998 = STYLED_ITEM ( 'NONE', ( #2941 ), #3508 ) ;
#999 = ORIENTED_EDGE ( 'NONE', *, *, #664, .T. ) ;
#1000 = CYLINDRICAL_SURFACE ( 'NONE', #2395, 1.500000000000001332 ) ;
#1001 = AXIS2_PLACEMENT_3D ( 'NONE', #1912, #2166, #1057 ) ;
#1002 = DIRECTION ( 'NONE',  ( -0.000000000000000000, -0.000000000000000000, -1.000000000000000000 ) ) ;
#1003 = CARTESIAN_POINT ( 'NONE',  ( -7.879915765898054758, 0.5015657048662117701, 10.00000000000002132 ) ) ;
#1004 = VERTEX_POINT ( 'NONE', #2862 ) ;
#1005 = EDGE_CURVE ( 'NONE', #1295, #1004, #3494, .T. ) ;
#1006 = FACE_OUTER_BOUND ( 'NONE', #2480, .T. ) ;
#1007 = ADVANCED_FACE ( 'NONE', ( #948 ), #1202, .F. ) ;
#1008 = CIRCLE ( 'NONE', #2514, 1.500000000000000888 ) ;
#1009 = FACE_BOUND ( 'NONE', #389, .T. ) ;
#1010 = EDGE_LOOP ( 'NONE', ( #2832, #659, #2075, #2410 ) ) ;
#1011 = DIRECTION ( 'NONE',  ( 0.000000000000000000, 0.000000000000000000, -1.000000000000000000 ) ) ;
#1012 = DIRECTION ( 'NONE',  ( -2.775557561562892140E-15, -6.293636852642899475E-31, -1.000000000000000000 ) ) ;
#1013 = VERTEX_POINT ( 'NONE', #3177 ) ;
#1014 = EDGE_CURVE ( 'NONE', #1191, #1077, #2388, .T. ) ;
#1015 = ORIENTED_EDGE ( 'NONE', *, *, #1501, .T. ) ;
#1016 = ORIENTED_EDGE ( 'NONE', *, *, #800, .T. ) ;
#1017 = DIRECTION ( 'NONE',  ( -1.000000000000000000, 0.000000000000000000, 0.000000000000000000 ) ) ;
#1018 = LINE ( 'NONE', #407, #2953 ) ;
#1019 = CIRCLE ( 'NONE', #2065, 1.499999999999999556 ) ;
#1020 = ORIENTED_EDGE ( 'NONE', *, *, #2242, .F. ) ;
#1021 = AXIS2_PLACEMENT_3D ( 'NONE', #1801, #168, #2969 ) ;
#1022 = FILL_AREA_STYLE_COLOUR ( '', #260 ) ;
#1023 = FACE_OUTER_BOUND ( 'NONE', #1893, .T. ) ;
#1024 = ORIENTED_EDGE ( 'NONE', *, *, #417, .T. ) ;
#1025 = FACE_OUTER_BOUND ( 'NONE', #1550, .T. ) ;
#1026 = ORIENTED_EDGE ( 'NONE', *, *, #2035, .T. ) ;
#1027 = EDGE_LOOP ( 'NONE', ( #2172, #2368 ) ) ;
#1028 = DIRECTION ( 'NONE',  ( -1.000000000000000000, 0.000000000000000000, 0.000000000000000000 ) ) ;
#1029 = CARTESIAN_POINT ( 'NONE',  ( -11.34008204457511404, -56.37893313116378380, 0.000000000000000000 ) ) ;
#1030 = EDGE_CURVE ( 'NONE', #2351, #516, #949, .T. ) ;
#1031 = DIRECTION ( 'NONE',  ( -0.000000000000000000, -0.000000000000000000, -1.000000000000000000 ) ) ;
#1032 = VERTEX_POINT ( 'NONE', #1677 ) ;
#1033 = DIRECTION ( 'NONE',  ( 2.775557561562891745E-15, 6.293636852642898599E-31, 1.000000000000000000 ) ) ;
#1034 = CIRCLE ( 'NONE', #584, 1.500000000000001332 ) ;
#1035 = ADVANCED_FACE ( 'NONE', ( #1777 ), #3427, .F. ) ;
#1036 = ORIENTED_EDGE ( 'NONE', *, *, #1073, .F. ) ;
#1037 = CIRCLE ( 'NONE', #1558, 1.499999999999999556 ) ;
#1038 = CARTESIAN_POINT ( 'NONE',  ( -13.73820319873526508, -6.159226855756934071, 10.00000000000003908 ) ) ;
#1039 = CARTESIAN_POINT ( 'NONE',  ( -1.500000000000254907, -33.68711800828255321, 10.00000000000006928 ) ) ;
#1040 = CIRCLE ( 'NONE', #3072, 1.500000000000000444 ) ;
#1041 = DIRECTION ( 'NONE',  ( -0.000000000000000000, 0.000000000000000000, 1.000000000000000000 ) ) ;
#1042 = DIRECTION ( 'NONE',  ( -2.775557561562892140E-15, -6.293636852642899475E-31, -1.000000000000000000 ) ) ;
#1043 = VERTEX_POINT ( 'NONE', #1186 ) ;
#1044 = EDGE_CURVE ( 'NONE', #3235, #1161, #1763, .T. ) ;
#1045 = ORIENTED_EDGE ( 'NONE', *, *, #987, .F. ) ;
#1046 = AXIS2_PLACEMENT_3D ( 'NONE', #1110, #3326, #3246 ) ;
#1047 = DIRECTION ( 'NONE',  ( -1.000000000000000000, 0.000000000000000000, 0.000000000000000000 ) ) ;
#1048 = ORIENTED_EDGE ( 'NONE', *, *, #400, .T. ) ;
#1049 = CIRCLE ( 'NONE', #771, 1.500000000000001332 ) ;
#1050 = CARTESIAN_POINT ( 'NONE',  ( -6.379915765898074298, -14.38490441556261423, 1.770782344617271830E-14 ) ) ;
#1051 = ORIENTED_EDGE ( 'NONE', *, *, #2277, .T. ) ;
#1052 = FACE_OUTER_BOUND ( 'NONE', #2400, .T. ) ;
#1053 = EDGE_CURVE ( 'NONE', #787, #2187, #796, .T. ) ;
#1054 = CIRCLE ( 'NONE', #3257, 1.500000000000001332 ) ;
#1055 = VERTEX_POINT ( 'NONE', #1523 ) ;
#1056 = AXIS2_PLACEMENT_3D ( 'NONE', #1936, #2468, #855 ) ;
#1057 = DIRECTION ( 'NONE',  ( -1.000000000000000000, -5.782411586589358625E-16, 2.775557561562894901E-15 ) ) ;
#1058 =( NAMED_UNIT ( * ) PLANE_ANGLE_UNIT ( ) SI_UNIT ( $, .RADIAN. ) );
#1059 = CARTESIAN_POINT ( 'NONE',  ( -22.56575960438040696, -24.89772158955817716, 6.263256470234849827E-14 ) ) ;
#1060 = VERTEX_POINT ( 'NONE', #2353 ) ;
#1061 = ORIENTED_EDGE ( 'NONE', *, *, #2092, .T. ) ;
#1062 = DIRECTION ( 'NONE',  ( 1.000000000000000000, 0.000000000000000000, -2.775557561562892534E-15 ) ) ;
#1063 = EDGE_CURVE ( 'NONE', #1013, #3403, #326, .T. ) ;
#1064 = DIRECTION ( 'NONE',  ( -0.000000000000000000, -0.000000000000000000, -1.000000000000000000 ) ) ;
#1065 = ORIENTED_EDGE ( 'NONE', *, *, #1922, .T. ) ;
#1066 = ORIENTED_EDGE ( 'NONE', *, *, #2614, .F. ) ;
#1067 = CARTESIAN_POINT ( 'NONE',  ( -29.99999999999999289, 32.50000000000000000, 10.00000000000000000 ) ) ;
#1068 = DIRECTION ( 'NONE',  ( 1.000000000000000000, 0.000000000000000000, -2.775557561562892140E-15 ) ) ;
#1069 = EDGE_LOOP ( 'NONE', ( #2711, #3513 ) ) ;
#1070 = CARTESIAN_POINT ( 'NONE',  ( 26.35000000000001563, 27.74999999999999645, 10.00000000000000000 ) ) ;
#1071 = VECTOR ( 'NONE', #3518, 1000.000000000000000 ) ;
#1072 = EDGE_CURVE ( 'NONE', #3242, #3417, #622, .T. ) ;
#1073 = EDGE_CURVE ( 'NONE', #2018, #1562, #3567, .T. ) ;
#1074 = DIRECTION ( 'NONE',  ( -0.000000000000000000, 0.000000000000000000, 1.000000000000000000 ) ) ;
#1075 = ORIENTED_EDGE ( 'NONE', *, *, #3384, .T. ) ;
#1076 = CARTESIAN_POINT ( 'NONE',  ( -7.879915765898082292, 0.5015657048662117701, 2.187115978851706795E-14 ) ) ;
#1077 = VERTEX_POINT ( 'NONE', #3212 ) ;
#1078 = EDGE_CURVE ( 'NONE', #1487, #2402, #1575, .T. ) ;
#1079 = ORIENTED_EDGE ( 'NONE', *, *, #2624, .T. ) ;
#1080 = DIRECTION ( 'NONE',  ( -1.000000000000000000, 0.000000000000000000, 0.000000000000000000 ) ) ;
#1081 = VERTEX_POINT ( 'NONE', #1029 ) ;
#1082 = EDGE_CURVE ( 'NONE', #1300, #3240, #2626, .T. ) ;
#1083 = FACE_BOUND ( 'NONE', #2098, .T. ) ;
#1084 = CYLINDRICAL_SURFACE ( 'NONE', #3089, 1.500000000000001332 ) ;
#1085 = ORIENTED_EDGE ( 'NONE', *, *, #1274, .F. ) ;
#1086 = DIRECTION ( 'NONE',  ( -2.775557561562892140E-15, -6.293636852642899475E-31, -1.000000000000000000 ) ) ;
#1087 = ORIENTED_EDGE ( 'NONE', *, *, #166, .F. ) ;
#1088 = DIRECTION ( 'NONE',  ( 2.775557561562891745E-15, 6.293636852642898599E-31, 1.000000000000000000 ) ) ;
#1089 = DIRECTION ( 'NONE',  ( 0.000000000000000000, 0.000000000000000000, -1.000000000000000000 ) ) ;
#1090 = DIRECTION ( 'NONE',  ( -1.000000000000000000, 0.000000000000000000, 0.000000000000000000 ) ) ;
#1091 = VERTEX_POINT ( 'NONE', #2373 ) ;
#1092 = AXIS2_PLACEMENT_3D ( 'NONE', #1425, #2279, #2110 ) ;
#1093 = DIRECTION ( 'NONE',  ( 2.775557561562891745E-15, 6.293636852642898599E-31, 1.000000000000000000 ) ) ;
#1094 = EDGE_LOOP ( 'NONE', ( #759, #2889 ) ) ;
#1095 = DIRECTION ( 'NONE',  ( -2.775557561562892140E-15, -6.293636852642899475E-31, -1.000000000000000000 ) ) ;
#1096 = DIRECTION ( 'NONE',  ( 0.000000000000000000, 0.000000000000000000, -1.000000000000000000 ) ) ;
#1097 = VECTOR ( 'NONE', #1726, 1000.000000000000000 ) ;
#1098 = CARTESIAN_POINT ( 'NONE',  ( 6.379915765897821167, -39.38490441556260890, 0.000000000000000000 ) ) ;
#1099 = EDGE_CURVE ( 'NONE', #2301, #1364, #2405, .T. ) ;
#1100 = ORIENTED_EDGE ( 'NONE', *, *, #3164, .F. ) ;
#1101 = ORIENTED_EDGE ( 'NONE', *, *, #527, .T. ) ;
#1102 = DIRECTION ( 'NONE',  ( -1.000000000000000000, 0.000000000000000000, 0.000000000000000000 ) ) ;
#1103 = CARTESIAN_POINT ( 'NONE',  ( -14.34008204457511937, -56.37893313116378380, 0.000000000000000000 ) ) ;
#1104 = EDGE_LOOP ( 'NONE', ( #1382, #719, #1336, #360 ) ) ;
#1105 = ORIENTED_EDGE ( 'NONE', *, *, #2594, .T. ) ;
#1106 = VECTOR ( 'NONE', #3184, 1000.000000000000000 ) ;
#1107 = DIRECTION ( 'NONE',  ( -1.000000000000000000, 0.000000000000000000, 2.312964634635740689E-15 ) ) ;
#1108 = EDGE_LOOP ( 'NONE', ( #2666, #1863, #1940, #1267 ) ) ;
#1109 = CARTESIAN_POINT ( 'NONE',  ( -6.379915765898068969, -27.02436017819086089, 1.770782344617270883E-14 ) ) ;
#1110 = CARTESIAN_POINT ( 'NONE',  ( 22.06889101411282184, -1.384321345430700623, 10.00000000000000000 ) ) ;
#1111 = VECTOR ( 'NONE', #1031, 1000.000000000000000 ) ;
#1112 = CIRCLE ( 'NONE', #2899, 1.500000000000001332 ) ;
#1113 = DIRECTION ( 'NONE',  ( -0.000000000000000000, -0.000000000000000000, -1.000000000000000000 ) ) ;
#1114 = ORIENTED_EDGE ( 'NONE', *, *, #3229, .T. ) ;
#1115 = VERTEX_POINT ( 'NONE', #1610 ) ;
#1116 = AXIS2_PLACEMENT_3D ( 'NONE', #1528, #3416, #938 ) ;
#1117 = FACE_OUTER_BOUND ( 'NONE', #1235, .T. ) ;
#1118 = ORIENTED_EDGE ( 'NONE', *, *, #2197, .F. ) ;
#1119 = ORIENTED_EDGE ( 'NONE', *, *, #1557, .F. ) ;
#1120 = AXIS2_PLACEMENT_3D ( 'NONE', #2533, #2808, #1906 ) ;
#1121 = CYLINDRICAL_SURFACE ( 'NONE', #3236, 1.500000000000001332 ) ;
#1122 = CARTESIAN_POINT ( 'NONE',  ( -6.379915765898334534, -39.38490441556261601, 10.00000000000006928 ) ) ;
#1123 = AXIS2_PLACEMENT_3D ( 'NONE', #1661, #2689, #2745 ) ;
#1124 = ORIENTED_EDGE ( 'NONE', *, *, #1275, .T. ) ;
#1125 = FACE_BOUND ( 'NONE', #190, .T. ) ;
#1126 = ADVANCED_FACE ( 'NONE', ( #2420 ), #2636, .F. ) ;
#1127 = CARTESIAN_POINT ( 'NONE',  ( 22.06889101411282184, -1.384321345430700623, 0.000000000000000000 ) ) ;
#1128 = ORIENTED_EDGE ( 'NONE', *, *, #2647, .F. ) ;
#1129 = ORIENTED_EDGE ( 'NONE', *, *, #2188, .F. ) ;
#1130 = CARTESIAN_POINT ( 'NONE',  ( 6.938893903907228378E-15, -8.687118008282549653, 10.00000000000000000 ) ) ;
#1131 = EDGE_CURVE ( 'NONE', #498, #1091, #3228, .T. ) ;
#1132 = DIRECTION ( 'NONE',  ( -1.000000000000000000, 0.000000000000000000, 0.000000000000000000 ) ) ;
#1133 = EDGE_LOOP ( 'NONE', ( #3391, #1580, #570, #2191 ) ) ;
#1134 = CIRCLE ( 'NONE', #902, 1.500000000000001332 ) ;
#1135 = EDGE_CURVE ( 'NONE', #1081, #3185, #279, .T. ) ;
#1136 = FACE_OUTER_BOUND ( 'NONE', #1886, .T. ) ;
#1137 = CARTESIAN_POINT ( 'NONE',  ( 19.56575960438041406, -24.89772158955816650, 10.00000000000000000 ) ) ;
#1138 = VECTOR ( 'NONE', #2174, 1000.000000000000000 ) ;
#1139 = VERTEX_POINT ( 'NONE', #215 ) ;
#1140 = ORIENTED_EDGE ( 'NONE', *, *, #1804, .T. ) ;
#1141 = LINE ( 'NONE', #2246, #2660 ) ;
#1142 = AXIS2_PLACEMENT_3D ( 'NONE', #2051, #1518, #3136 ) ;
#1143 = DIRECTION ( 'NONE',  ( -0.000000000000000000, -0.000000000000000000, -1.000000000000000000 ) ) ;
#1144 = EDGE_LOOP ( 'NONE', ( #942, #514 ) ) ;
#1145 = CARTESIAN_POINT ( 'NONE',  ( 10.73820319873529350, -6.159226855756928742, 10.00000000000000000 ) ) ;
#1146 = CARTESIAN_POINT ( 'NONE',  ( -4.879915765898332758, -39.38490441556261601, 0.000000000000000000 ) ) ;
#1147 = ORIENTED_EDGE ( 'NONE', *, *, #341, .F. ) ;
#1148 = EDGE_CURVE ( 'NONE', #3403, #1206, #178, .T. ) ;
#1149 = CARTESIAN_POINT ( 'NONE',  ( -6.379915765898041435, -27.02436017819086089, 10.00000000000001776 ) ) ;
#1150 = EDGE_LOOP ( 'NONE', ( #2014, #232 ) ) ;
#1151 = DIRECTION ( 'NONE',  ( -0.000000000000000000, -0.000000000000000000, -1.000000000000000000 ) ) ;
#1152 = ORIENTED_EDGE ( 'NONE', *, *, #2355, .T. ) ;
#1153 = CIRCLE ( 'NONE', #1384, 2.000000000000001776 ) ;
#1154 = DIRECTION ( 'NONE',  ( 0.000000000000000000, 0.000000000000000000, -1.000000000000000000 ) ) ;
#1155 = CARTESIAN_POINT ( 'NONE',  ( -14.28459127458936528, 3.751711472399178682, 10.00000000000004086 ) ) ;
#1156 = CARTESIAN_POINT ( 'NONE',  ( 18.41749268268688766, -11.21500916080822030, 10.00000000000000000 ) ) ;
#1157 = EDGE_LOOP ( 'NONE', ( #3458, #2730 ) ) ;
#1158 = CARTESIAN_POINT ( 'NONE',  ( 7.879915765898080515, -27.02436017819085734, 0.000000000000000000 ) ) ;
#1159 = VERTEX_POINT ( 'NONE', #1270 ) ;
#1160 = DIRECTION ( 'NONE',  ( 0.000000000000000000, 0.000000000000000000, -1.000000000000000000 ) ) ;
#1161 = VERTEX_POINT ( 'NONE', #3486 ) ;
#1162 = EDGE_CURVE ( 'NONE', #665, #2599, #1422, .T. ) ;
#1163 = CARTESIAN_POINT ( 'NONE',  ( 30.00000000000000355, 30.50000000000000000, 0.000000000000000000 ) ) ;
#1164 = ORIENTED_EDGE ( 'NONE', *, *, #1418, .F. ) ;
#1165 = CIRCLE ( 'NONE', #1221, 1.500000000000003109 ) ;
#1166 = CARTESIAN_POINT ( 'NONE',  ( -5.137216899246944972E-13, -58.68711800828255321, 0.000000000000000000 ) ) ;
#1167 = AXIS2_PLACEMENT_3D ( 'NONE', #286, #2701, #793 ) ;
#1168 = EDGE_CURVE ( 'NONE', #1417, #1206, #3451, .T. ) ;
#1169 = LINE ( 'NONE', #3, #1798 ) ;
#1170 = CARTESIAN_POINT ( 'NONE',  ( 21.06575960438028616, -37.39772158955816650, 10.00000000000006928 ) ) ;
#1171 = AXIS2_PLACEMENT_3D ( 'NONE', #282, #2695, #17 ) ;
#1172 = ORIENTED_EDGE ( 'NONE', *, *, #734, .F. ) ;
#1173 = ADVANCED_FACE ( 'NONE', ( #2443 ), #1000, .F. ) ;
#1174 = CARTESIAN_POINT ( 'NONE',  ( 18.41749268268688766, -11.21500916080822030, 0.000000000000000000 ) ) ;
#1175 = CIRCLE ( 'NONE', #1811, 1.500000000000001332 ) ;
#1176 = DIRECTION ( 'NONE',  ( -1.000000000000000000, 0.000000000000000000, 0.000000000000000000 ) ) ;
#1177 = DIRECTION ( 'NONE',  ( 0.000000000000000000, 0.000000000000000000, -1.000000000000000000 ) ) ;
#1178 = VERTEX_POINT ( 'NONE', #740 ) ;
#1179 = FACE_BOUND ( 'NONE', #3440, .T. ) ;
#1180 = CIRCLE ( 'NONE', #3147, 1.500000000000003109 ) ;
#1181 = ORIENTED_EDGE ( 'NONE', *, *, #1816, .F. ) ;
#1182 = FACE_BOUND ( 'NONE', #809, .T. ) ;
#1183 = DIRECTION ( 'NONE',  ( -1.000000000000000000, 0.000000000000000000, 0.000000000000000000 ) ) ;
#1184 = EDGE_LOOP ( 'NONE', ( #2525, #1963, #2891, #867 ) ) ;
#1185 = ORIENTED_EDGE ( 'NONE', *, *, #1540, .F. ) ;
#1186 = CARTESIAN_POINT ( 'NONE',  ( 7.879915765898082292, 0.5015657048662148787, 0.000000000000000000 ) ) ;
#1187 = DIRECTION ( 'NONE',  ( 2.775557561562891745E-15, 6.293636852642898599E-31, 1.000000000000000000 ) ) ;
#1188 = AXIS2_PLACEMENT_3D ( 'NONE', #130, #2640, #1821 ) ;
#1189 = DIRECTION ( 'NONE',  ( 1.000000000000000000, 0.000000000000000000, -2.775557561562887407E-15 ) ) ;
#1190 = EDGE_CURVE ( 'NONE', #1159, #2050, #3333, .T. ) ;
#1191 = VERTEX_POINT ( 'NONE', #1291 ) ;
#1192 = DIRECTION ( 'NONE',  ( -1.000000000000000000, 0.000000000000000000, 0.000000000000000000 ) ) ;
#1193 = CARTESIAN_POINT ( 'NONE',  ( 14.34008204457473745, -18.87893313116376603, 10.00000000000000000 ) ) ;
#1194 = CARTESIAN_POINT ( 'NONE',  ( -26.35000000000000142, 27.74999999999998579, 10.00000000000007283 ) ) ;
#1195 = ORIENTED_EDGE ( 'NONE', *, *, #2663, .F. ) ;
#1196 = EDGE_CURVE ( 'NONE', #2858, #1848, #2461, .T. ) ;
#1197 = CARTESIAN_POINT ( 'NONE',  ( -25.75000000000002842, 27.74999999999998579, 7.147060721024451540E-14 ) ) ;
#1198 = CARTESIAN_POINT ( 'NONE',  ( 6.379915765898081403, 0.5015657048662146567, 0.000000000000000000 ) ) ;
#1199 = CIRCLE ( 'NONE', #2398, 1.500000000000001332 ) ;
#1200 = EDGE_LOOP ( 'NONE', ( #1214, #213, #2910, #539 ) ) ;
#1201 = ORIENTED_EDGE ( 'NONE', *, *, #520, .T. ) ;
#1202 = CYLINDRICAL_SURFACE ( 'NONE', #2506, 1.500000000000000888 ) ;
#1203 = DIRECTION ( 'NONE',  ( -1.000000000000000000, 0.000000000000000000, 0.000000000000000000 ) ) ;
#1204 = CARTESIAN_POINT ( 'NONE',  ( -12.23820319873529172, -6.159226855756934071, 3.396783742819291435E-14 ) ) ;
#1205 = CARTESIAN_POINT ( 'NONE',  ( 6.379915765898081403, -27.02436017819085734, 10.00000000000000000 ) ) ;
#1206 = VERTEX_POINT ( 'NONE', #1554 ) ;
#1207 = DIRECTION ( 'NONE',  ( -1.000000000000000000, 0.000000000000000000, 0.000000000000000000 ) ) ;
#1208 = FACE_OUTER_BOUND ( 'NONE', #1954, .T. ) ;
#1209 = ORIENTED_EDGE ( 'NONE', *, *, #581, .T. ) ;
#1210 = EDGE_CURVE ( 'NONE', #1712, #413, #2239, .T. ) ;
#1211 = DIRECTION ( 'NONE',  ( 0.000000000000000000, 0.000000000000000000, -1.000000000000000000 ) ) ;
#1212 = FACE_BOUND ( 'NONE', #1230, .T. ) ;
#1213 = AXIS2_PLACEMENT_3D ( 'NONE', #2380, #724, #893 ) ;
#1214 = ORIENTED_EDGE ( 'NONE', *, *, #2981, .F. ) ;
#1215 = DIRECTION ( 'NONE',  ( 0.000000000000000000, 0.000000000000000000, -1.000000000000000000 ) ) ;
#1216 = DIRECTION ( 'NONE',  ( -1.000000000000000000, 0.000000000000000000, 0.000000000000000000 ) ) ;
#1217 = ORIENTED_EDGE ( 'NONE', *, *, #2955, .T. ) ;
#1218 = DIRECTION ( 'NONE',  ( 2.775557561562891745E-15, 6.293636852642898599E-31, 1.000000000000000000 ) ) ;
#1219 = FACE_OUTER_BOUND ( 'NONE', #617, .T. ) ;
#1220 = CARTESIAN_POINT ( 'NONE',  ( -15.78459127458936528, 3.751711472399178682, 10.00000000000004441 ) ) ;
#1221 = AXIS2_PLACEMENT_3D ( 'NONE', #1898, #1624, #1378 ) ;
#1222 = ORIENTED_EDGE ( 'NONE', *, *, #2805, .F. ) ;
#1223 = CIRCLE ( 'NONE', #536, 1.500000000000001332 ) ;
#1224 = DIRECTION ( 'NONE',  ( 2.775557561562891745E-15, 6.293636852642898599E-31, 1.000000000000000000 ) ) ;
#1225 = ORIENTED_EDGE ( 'NONE', *, *, #3317, .F. ) ;
#1226 = DIRECTION ( 'NONE',  ( 1.000000000000000000, 0.000000000000000000, -2.312964634635740689E-15 ) ) ;
#1227 = CARTESIAN_POINT ( 'NONE',  ( 12.84008204457434488, -56.37893313116376959, 10.00000000000006928 ) ) ;
#1228 = AXIS2_PLACEMENT_3D ( 'NONE', #2649, #711, #382 ) ;
#1229 = EDGE_CURVE ( 'NONE', #1004, #2107, #252, .T. ) ;
#1230 = EDGE_LOOP ( 'NONE', ( #433, #3130 ) ) ;
#1231 = AXIS2_PLACEMENT_3D ( 'NONE', #1311, #2409, #3522 ) ;
#1232 = EDGE_CURVE ( 'NONE', #556, #2227, #674, .T. ) ;
#1233 = DIRECTION ( 'NONE',  ( 0.000000000000000000, 0.000000000000000000, -1.000000000000000000 ) ) ;
#1234 = DIRECTION ( 'NONE',  ( 0.000000000000000000, 0.000000000000000000, -1.000000000000000000 ) ) ;
#1235 = EDGE_LOOP ( 'NONE', ( #3561, #1500, #2441, #3507 ) ) ;
#1236 = DIRECTION ( 'NONE',  ( 0.000000000000000000, 0.000000000000000000, -1.000000000000000000 ) ) ;
#1237 = EDGE_CURVE ( 'NONE', #1375, #112, #512, .T. ) ;
#1238 = CARTESIAN_POINT ( 'NONE',  ( -19.99999999999998224, -52.50000000000000000, 10.00000000000000000 ) ) ;
#1239 = DIRECTION ( 'NONE',  ( -1.000000000000000000, 0.000000000000000000, 0.000000000000000000 ) ) ;
#1240 = DIRECTION ( 'NONE',  ( -0.000000000000000000, -0.000000000000000000, -1.000000000000000000 ) ) ;
#1241 = CIRCLE ( 'NONE', #2340, 1.500000000000001332 ) ;
#1242 = ORIENTED_EDGE ( 'NONE', *, *, #2403, .F. ) ;
#1243 = DIRECTION ( 'NONE',  ( -0.000000000000000000, -0.000000000000000000, -1.000000000000000000 ) ) ;
#1244 = ORIENTED_EDGE ( 'NONE', *, *, #779, .F. ) ;
#1245 = CARTESIAN_POINT ( 'NONE',  ( 12.84008204457460600, -31.37893313116376603, 0.000000000000000000 ) ) ;
#1246 = CYLINDRICAL_SURFACE ( 'NONE', #572, 1.500000000000000444 ) ;
#1247 = VERTEX_POINT ( 'NONE', #1405 ) ;
#1248 = DIRECTION ( 'NONE',  ( 0.000000000000000000, 0.000000000000000000, -1.000000000000000000 ) ) ;
#1249 = ORIENTED_EDGE ( 'NONE', *, *, #868, .T. ) ;
#1250 = EDGE_LOOP ( 'NONE', ( #1260, #3406, #794, #651 ) ) ;
#1251 = AXIS2_PLACEMENT_3D ( 'NONE', #2550, #1233, #1754 ) ;
#1252 = VERTEX_POINT ( 'NONE', #1989 ) ;
#1253 = CARTESIAN_POINT ( 'NONE',  ( 12.78459127458939015, 3.751711472399185343, 10.00000000000000000 ) ) ;
#1254 = DIRECTION ( 'NONE',  ( 0.000000000000000000, 0.000000000000000000, -1.000000000000000000 ) ) ;
#1255 = LINE ( 'NONE', #2129, #3470 ) ;
#1256 = CARTESIAN_POINT ( 'NONE',  ( 1.500000000000007772, -8.687118008282549653, 10.00000000000000000 ) ) ;
#1257 = ADVANCED_FACE ( 'NONE', ( #2540 ), #320, .F. ) ;
#1258 = CARTESIAN_POINT ( 'NONE',  ( 15.78459127458939371, 3.751711472399185343, 10.00000000000000000 ) ) ;
#1259 = CARTESIAN_POINT ( 'NONE',  ( -24.37139614189871395, 8.205614931611036056, 10.00000000000006750 ) ) ;
#1260 = ORIENTED_EDGE ( 'NONE', *, *, #2092, .F. ) ;
#1261 = LINE ( 'NONE', #1280, #151 ) ;
#1262 = CYLINDRICAL_SURFACE ( 'NONE', #134, 1.500000000000001332 ) ;
#1263 = ORIENTED_EDGE ( 'NONE', *, *, #1557, .T. ) ;
#1264 = ORIENTED_EDGE ( 'NONE', *, *, #3275, .F. ) ;
#1265 = AXIS2_PLACEMENT_3D ( 'NONE', #1780, #491, #1860 ) ;
#1266 = CARTESIAN_POINT ( 'NONE',  ( 11.34008204457460423, -31.37893313116376603, 10.00000000000006928 ) ) ;
#1267 = ORIENTED_EDGE ( 'NONE', *, *, #1967, .F. ) ;
#1268 = CIRCLE ( 'NONE', #1729, 1.499999999999999556 ) ;
#1269 = VERTEX_POINT ( 'NONE', #631 ) ;
#1270 = CARTESIAN_POINT ( 'NONE',  ( 1.500000000000012879, -22.20932941147529505, 0.000000000000000000 ) ) ;
#1271 = DIRECTION ( 'NONE',  ( -1.067522139062650425E-16, 1.000000000000000000, 0.000000000000000000 ) ) ;
#1272 = CYLINDRICAL_SURFACE ( 'NONE', #2847, 1.500000000000001332 ) ;
#1273 = DIRECTION ( 'NONE',  ( -2.775557561562892140E-15, -6.293636852642899475E-31, -1.000000000000000000 ) ) ;
#1274 = EDGE_CURVE ( 'NONE', #1247, #3210, #981, .T. ) ;
#1275 = EDGE_CURVE ( 'NONE', #3351, #1055, #2244, .T. ) ;
#1276 = LINE ( 'NONE', #3234, #922 ) ;
#1277 = AXIS2_PLACEMENT_3D ( 'NONE', #2782, #1972, #47 ) ;
#1278 = EDGE_CURVE ( 'NONE', #3123, #3226, #1853, .T. ) ;
#1279 = AXIS2_PLACEMENT_3D ( 'NONE', #3358, #916, #3067 ) ;
#1280 = CARTESIAN_POINT ( 'NONE',  ( 20.00000000000001421, 32.50000000000000000, 10.00000000000000000 ) ) ;
#1281 = ORIENTED_EDGE ( 'NONE', *, *, #3317, .T. ) ;
#1282 = CARTESIAN_POINT ( 'NONE',  ( -7.879915765898047653, -14.38490441556261423, 10.00000000000002132 ) ) ;
#1283 = ORIENTED_EDGE ( 'NONE', *, *, #338, .F. ) ;
#1284 = AXIS2_PLACEMENT_3D ( 'NONE', #2961, #1885, #1302 ) ;
#1285 = ORIENTED_EDGE ( 'NONE', *, *, #3533, .F. ) ;
#1286 = CARTESIAN_POINT ( 'NONE',  ( 18.41749268268688766, -11.21500916080822030, 0.000000000000000000 ) ) ;
#1287 = ORIENTED_EDGE ( 'NONE', *, *, #42, .T. ) ;
#1288 = AXIS2_PLACEMENT_3D ( 'NONE', #34, #909, #2247 ) ;
#1289 = ORIENTED_EDGE ( 'NONE', *, *, #1679, .T. ) ;
#1290 = DIRECTION ( 'NONE',  ( 2.775557561562891745E-15, 6.293636852642898599E-31, 1.000000000000000000 ) ) ;
#1291 = CARTESIAN_POINT ( 'NONE',  ( 23.56889101411282184, -1.384321345430700401, 0.000000000000000000 ) ) ;
#1292 = CYLINDRICAL_SURFACE ( 'NONE', #2602, 10.00000000000000178 ) ;
#1293 = VERTEX_POINT ( 'NONE', #619 ) ;
#1294 = AXIS2_PLACEMENT_3D ( 'NONE', #3013, #1641, #2485 ) ;
#1295 = VERTEX_POINT ( 'NONE', #1137 ) ;
#1296 = FACE_OUTER_BOUND ( 'NONE', #2944, .T. ) ;
#1297 = CARTESIAN_POINT ( 'NONE',  ( 1.500000000000007772, -8.687118008282549653, 0.000000000000000000 ) ) ;
#1298 = DIRECTION ( 'NONE',  ( 0.000000000000000000, 0.000000000000000000, -1.000000000000000000 ) ) ;
#1299 = EDGE_CURVE ( 'NONE', #46, #1252, #2198, .T. ) ;
#1300 = VERTEX_POINT ( 'NONE', #932 ) ;
#1301 = VERTEX_POINT ( 'NONE', #2274 ) ;
#1302 = DIRECTION ( 'NONE',  ( -1.000000000000000000, 0.000000000000000000, 0.000000000000000000 ) ) ;
#1303 = ORIENTED_EDGE ( 'NONE', *, *, #2975, .F. ) ;
#1304 = AXIS2_PLACEMENT_3D ( 'NONE', #3536, #456, #1047 ) ;
#1305 = EDGE_CURVE ( 'NONE', #2068, #2858, #2288, .T. ) ;
#1306 = EDGE_LOOP ( 'NONE', ( #3344, #1101, #2080, #1651 ) ) ;
#1307 = DIRECTION ( 'NONE',  ( -1.000000000000000000, 0.000000000000000000, 0.000000000000000000 ) ) ;
#1308 = CIRCLE ( 'NONE', #2754, 2.000000000000001776 ) ;
#1309 = FACE_OUTER_BOUND ( 'NONE', #2236, .T. ) ;
#1310 = ORIENTED_EDGE ( 'NONE', *, *, #2396, .T. ) ;
#1311 = CARTESIAN_POINT ( 'NONE',  ( -6.379915765898045876, -14.38490441556261423, 10.00000000000001776 ) ) ;
#1312 = ORIENTED_EDGE ( 'NONE', *, *, #1559, .F. ) ;
#1313 = AXIS2_PLACEMENT_3D ( 'NONE', #1822, #2310, #3387 ) ;
#1314 = DIRECTION ( 'NONE',  ( -0.000000000000000000, -0.000000000000000000, -1.000000000000000000 ) ) ;
#1315 = EDGE_CURVE ( 'NONE', #1571, #1646, #340, .T. ) ;
#1316 = CARTESIAN_POINT ( 'NONE',  ( -1.500000000000514921, -58.68711800828255321, 10.00000000000006928 ) ) ;
#1317 = DIRECTION ( 'NONE',  ( -0.000000000000000000, -0.000000000000000000, -1.000000000000000000 ) ) ;
#1318 = ORIENTED_EDGE ( 'NONE', *, *, #1168, .T. ) ;
#1319 = ADVANCED_FACE ( 'NONE', ( #2260 ), #1473, .F. ) ;
#1320 = DIRECTION ( 'NONE',  ( 0.000000000000000000, 0.000000000000000000, -1.000000000000000000 ) ) ;
#1321 = ORIENTED_EDGE ( 'NONE', *, *, #2145, .F. ) ;
#1322 = ORIENTED_EDGE ( 'NONE', *, *, #1460, .T. ) ;
#1323 = DIRECTION ( 'NONE',  ( 1.000000000000000000, 0.000000000000000000, -2.775557561562891351E-15 ) ) ;
#1324 = DIRECTION ( 'NONE',  ( -1.000000000000000000, 0.000000000000000000, 0.000000000000000000 ) ) ;
#1325 = CARTESIAN_POINT ( 'NONE',  ( 18.41749268268688766, -11.21500916080822030, 10.00000000000000000 ) ) ;
#1326 = AXIS2_PLACEMENT_3D ( 'NONE', #2642, #185, #1715 ) ;
#1327 = DIRECTION ( 'NONE',  ( 1.000000000000000000, 5.782411586589351722E-16, -2.312964634635740689E-15 ) ) ;
#1328 = ORIENTED_EDGE ( 'NONE', *, *, #1372, .F. ) ;
#1329 = LINE ( 'NONE', #2451, #373 ) ;
#1330 = DIRECTION ( 'NONE',  ( -2.775557561562892140E-15, -6.293636852642899475E-31, -1.000000000000000000 ) ) ;
#1331 = EDGE_LOOP ( 'NONE', ( #2391, #1918, #458, #2664 ) ) ;
#1332 = CARTESIAN_POINT ( 'NONE',  ( -6.379915765898041435, -27.02436017819086089, 10.00000000000001776 ) ) ;
#1333 = CIRCLE ( 'NONE', #3362, 1.500000000000001332 ) ;
#1334 = LINE ( 'NONE', #3551, #1106 ) ;
#1335 = ORIENTED_EDGE ( 'NONE', *, *, #906, .F. ) ;
#1336 = ORIENTED_EDGE ( 'NONE', *, *, #1970, .T. ) ;
#1337 = VECTOR ( 'NONE', #2774, 1000.000000000000000 ) ;
#1338 = AXIS2_PLACEMENT_3D ( 'NONE', #1674, #3303, #1346 ) ;
#1339 = FACE_BOUND ( 'NONE', #1903, .T. ) ;
#1340 = DIRECTION ( 'NONE',  ( -1.000000000000000000, 0.000000000000000000, 0.000000000000000000 ) ) ;
#1341 = ORIENTED_EDGE ( 'NONE', *, *, #42, .F. ) ;
#1342 = EDGE_CURVE ( 'NONE', #1458, #1091, #1681, .T. ) ;
#1343 = EDGE_CURVE ( 'NONE', #2250, #236, #2505, .T. ) ;
#1344 = DIRECTION ( 'NONE',  ( -0.000000000000000000, -0.000000000000000000, -1.000000000000000000 ) ) ;
#1345 = AXIS2_PLACEMENT_3D ( 'NONE', #2081, #1234, #2350 ) ;
#1346 = DIRECTION ( 'NONE',  ( -1.000000000000000000, 0.000000000000000000, 0.000000000000000000 ) ) ;
#1347 = ORIENTED_EDGE ( 'NONE', *, *, #1232, .F. ) ;
#1348 = LINE ( 'NONE', #3539, #2902 ) ;
#1349 = EDGE_CURVE ( 'NONE', #3289, #3264, #1037, .T. ) ;
#1350 = CIRCLE ( 'NONE', #2499, 1.500000000000001332 ) ;
#1351 = AXIS2_PLACEMENT_3D ( 'NONE', #3510, #3437, #3166 ) ;
#1352 = AXIS2_PLACEMENT_3D ( 'NONE', #1871, #2164, #3577 ) ;
#1353 = CARTESIAN_POINT ( 'NONE',  ( -1.500000000000514921, -58.68711800828255321, 0.000000000000000000 ) ) ;
#1354 = ORIENTED_EDGE ( 'NONE', *, *, #1599, .F. ) ;
#1355 = EDGE_CURVE ( 'NONE', #2487, #1269, #2541, .T. ) ;
#1356 = DIRECTION ( 'NONE',  ( -0.000000000000000000, 0.000000000000000000, 1.000000000000000000 ) ) ;
#1357 = FACE_OUTER_BOUND ( 'NONE', #829, .T. ) ;
#1358 = LINE ( 'NONE', #324, #3247 ) ;
#1359 = ORIENTED_EDGE ( 'NONE', *, *, #1342, .F. ) ;
#1360 = ORIENTED_EDGE ( 'NONE', *, *, #100, .T. ) ;
#1361 = FACE_OUTER_BOUND ( 'NONE', #1389, .T. ) ;
#1363 = VECTOR ( 'NONE', #1807, 1000.000000000000000 ) ;
#1362 = CARTESIAN_POINT ( 'NONE',  ( 6.379915765897690605, -51.88490441556261601, 10.00000000000006928 ) ) ;
#1364 = VERTEX_POINT ( 'NONE', #358 ) ;
#1365 = ORIENTED_EDGE ( 'NONE', *, *, #1072, .F. ) ;
#1366 = ORIENTED_EDGE ( 'NONE', *, *, #3251, .F. ) ;
#1367 = CARTESIAN_POINT ( 'NONE',  ( -22.87139614189871395, 8.205614931611036056, 10.00000000000006395 ) ) ;
#1368 = DIRECTION ( 'NONE',  ( -0.000000000000000000, -0.000000000000000000, -1.000000000000000000 ) ) ;
#1369 = AXIS2_PLACEMENT_3D ( 'NONE', #2681, #3245, #1868 ) ;
#1370 = CARTESIAN_POINT ( 'NONE',  ( -21.06575960438053841, -37.39772158955817360, 10.00000000000006928 ) ) ;
#1371 = VERTEX_POINT ( 'NONE', #1694 ) ;
#1372 = EDGE_CURVE ( 'NONE', #65, #3554, #1711, .T. ) ;
#1373 = FACE_OUTER_BOUND ( 'NONE', #2419, .T. ) ;
#1374 = EDGE_LOOP ( 'NONE', ( #2620, #2160, #679, #1982 ) ) ;
#1375 = VERTEX_POINT ( 'NONE', #1741 ) ;
#1376 = DIRECTION ( 'NONE',  ( -0.000000000000000000, -0.000000000000000000, -1.000000000000000000 ) ) ;
#1377 = LINE ( 'NONE', #2979, #2938 ) ;
#1378 = DIRECTION ( 'NONE',  ( -1.000000000000000000, 0.000000000000000000, 0.000000000000000000 ) ) ;
#1379 = PLANE ( 'NONE',  #2771 ) ;
#1380 = CARTESIAN_POINT ( 'NONE',  ( -19.56575960438066630, -49.89772158955818071, 0.000000000000000000 ) ) ;
#1381 = ORIENTED_EDGE ( 'NONE', *, *, #2207, .T. ) ;
#1382 = ORIENTED_EDGE ( 'NONE', *, *, #1738, .F. ) ;
#1383 = CYLINDRICAL_SURFACE ( 'NONE', #1986, 1.500000000000001332 ) ;
#1384 = AXIS2_PLACEMENT_3D ( 'NONE', #2813, #2556, #96 ) ;
#1385 = DIRECTION ( 'NONE',  ( 1.000000000000000000, 0.000000000000000000, -2.775557561562891351E-15 ) ) ;
#1386 = CIRCLE ( 'NONE', #2590, 1.500000000000001332 ) ;
#1387 = LINE ( 'NONE', #223, #205 ) ;
#1388 = EDGE_CURVE ( 'NONE', #1562, #556, #919, .T. ) ;
#1389 = EDGE_LOOP ( 'NONE', ( #1900, #861, #401, #2521 ) ) ;
#1390 = FACE_OUTER_BOUND ( 'NONE', #3128, .T. ) ;
#1391 = AXIS2_PLACEMENT_3D ( 'NONE', #3092, #2524, #1189 ) ;
#1392 = FACE_OUTER_BOUND ( 'NONE', #3056, .T. ) ;
#1393 = VERTEX_POINT ( 'NONE', #2815 ) ;
#1394 = CARTESIAN_POINT ( 'NONE',  ( 28.00000000000000355, 32.50000000000000000, 0.000000000000000000 ) ) ;
#1395 = ORIENTED_EDGE ( 'NONE', *, *, #2421, .T. ) ;
#1396 = EDGE_LOOP ( 'NONE', ( #1195, #436, #2683, #766 ) ) ;
#1397 = AXIS2_PLACEMENT_3D ( 'NONE', #3413, #1971, #2342 ) ;
#1398 = DIRECTION ( 'NONE',  ( 2.775557561562891745E-15, 6.293636852642898599E-31, 1.000000000000000000 ) ) ;
#1399 = ORIENTED_EDGE ( 'NONE', *, *, #1490, .T. ) ;
#1400 = CARTESIAN_POINT ( 'NONE',  ( -7.879915765898068081, -27.02436017819086089, 2.187115978851704586E-14 ) ) ;
#1401 = DIRECTION ( 'NONE',  ( -1.000000000000000000, 0.000000000000000000, 0.000000000000000000 ) ) ;
#1402 = EDGE_LOOP ( 'NONE', ( #3252, #2560, #2488, #2588 ) ) ;
#1403 = CIRCLE ( 'NONE', #2036, 10.00000000000000000 ) ;
#1404 = DIRECTION ( 'NONE',  ( -1.000000000000000000, 0.000000000000000000, 0.000000000000000000 ) ) ;
#1405 = CARTESIAN_POINT ( 'NONE',  ( -21.37139614189873882, 8.205614931611036056, 5.931754016280305102E-14 ) ) ;
#1406 = VECTOR ( 'NONE', #2764, 1000.000000000000000 ) ;
#1407 = ORIENTED_EDGE ( 'NONE', *, *, #2119, .F. ) ;
#1408 = CIRCLE ( 'NONE', #656, 1.500000000000003109 ) ;
#1409 = DIRECTION ( 'NONE',  ( -2.775557561562892140E-15, -6.293636852642899475E-31, -1.000000000000000000 ) ) ;
#1410 = DIRECTION ( 'NONE',  ( -0.000000000000000000, -0.000000000000000000, -1.000000000000000000 ) ) ;
#1411 = VERTEX_POINT ( 'NONE', #3378 ) ;
#1412 = ADVANCED_FACE ( 'NONE', ( #903 ), #2020, .F. ) ;
#1413 = EDGE_LOOP ( 'NONE', ( #1882, #2352, #2473, #3093 ) ) ;
#1414 = DIRECTION ( 'NONE',  ( -1.000000000000000000, 0.000000000000000000, 0.000000000000000000 ) ) ;
#1415 = DIRECTION ( 'NONE',  ( 2.775557561562891745E-15, 6.293636852642898599E-31, 1.000000000000000000 ) ) ;
#1416 = DIRECTION ( 'NONE',  ( -0.000000000000000000, -0.000000000000000000, -1.000000000000000000 ) ) ;
#1417 = VERTEX_POINT ( 'NONE', #303 ) ;
#1418 = EDGE_CURVE ( 'NONE', #2492, #1411, #1255, .T. ) ;
#1419 = VECTOR ( 'NONE', #2414, 1000.000000000000000 ) ;
#1420 = DIRECTION ( 'NONE',  ( 0.000000000000000000, 0.000000000000000000, -1.000000000000000000 ) ) ;
#1421 = DIRECTION ( 'NONE',  ( -1.000000000000000000, 0.000000000000000000, 0.000000000000000000 ) ) ;
#1422 = CIRCLE ( 'NONE', #2343, 20.00000000000001421 ) ;
#1423 = ORIENTED_EDGE ( 'NONE', *, *, #1585, .T. ) ;
#1424 = DIRECTION ( 'NONE',  ( -0.000000000000000000, -0.000000000000000000, -1.000000000000000000 ) ) ;
#1425 = CARTESIAN_POINT ( 'NONE',  ( -22.06889101411279341, -1.384321345430710393, 10.00000000000006040 ) ) ;
#1426 = LINE ( 'NONE', #2566, #2901 ) ;
#1427 = VERTEX_POINT ( 'NONE', #2898 ) ;
#1428 = DIRECTION ( 'NONE',  ( -1.000000000000000000, 0.000000000000000000, 0.000000000000000000 ) ) ;
#1429 = DIRECTION ( 'NONE',  ( 1.000000000000000000, 0.000000000000000000, -2.775557561562887407E-15 ) ) ;
#1430 = EDGE_CURVE ( 'NONE', #2655, #3351, #2369, .T. ) ;
#1431 = CARTESIAN_POINT ( 'NONE',  ( -21.06575960438066630, -49.89772158955818071, 10.00000000000006928 ) ) ;
#1432 = FACE_OUTER_BOUND ( 'NONE', #3337, .T. ) ;
#1433 = ADVANCED_FACE ( 'NONE', ( #1219 ), #409, .F. ) ;
#1434 = DIRECTION ( 'NONE',  ( -0.000000000000000000, -0.000000000000000000, -1.000000000000000000 ) ) ;
#1435 = CARTESIAN_POINT ( 'NONE',  ( 14.28459127458939193, 3.751711472399185343, 10.00000000000000000 ) ) ;
#1436 = AXIS2_PLACEMENT_3D ( 'NONE', #1453, #1187, #2258 ) ;
#1437 = ORIENTED_EDGE ( 'NONE', *, *, #2077, .F. ) ;
#1438 = CIRCLE ( 'NONE', #2644, 1.500000000000001332 ) ;
#1439 = CARTESIAN_POINT ( 'NONE',  ( 16.91749268268688411, -11.21500916080822030, 10.00000000000000000 ) ) ;
#1440 = DIRECTION ( 'NONE',  ( 2.775557561562891745E-15, 6.293636852642898599E-31, 1.000000000000000000 ) ) ;
#1441 = VECTOR ( 'NONE', #2604, 1000.000000000000000 ) ;
#1442 = FACE_OUTER_BOUND ( 'NONE', #716, .T. ) ;
#1443 = ORIENTED_EDGE ( 'NONE', *, *, #3164, .T. ) ;
#1444 = DIRECTION ( 'NONE',  ( -1.000000000000000000, 0.000000000000000000, 0.000000000000000000 ) ) ;
#1445 = EDGE_LOOP ( 'NONE', ( #3552, #3203 ) ) ;
#1446 = ORIENTED_EDGE ( 'NONE', *, *, #1679, .F. ) ;
#1447 = FACE_BOUND ( 'NONE', #2972, .T. ) ;
#1448 = DIRECTION ( 'NONE',  ( -1.000000000000000000, 0.000000000000000000, 0.000000000000000000 ) ) ;
#1449 = EDGE_CURVE ( 'NONE', #2729, #3347, #1616, .T. ) ;
#1450 = CIRCLE ( 'NONE', #468, 1.500000000000001332 ) ;
#1451 = CARTESIAN_POINT ( 'NONE',  ( 4.879915765898081403, -27.02436017819085734, 0.000000000000000000 ) ) ;
#1452 = AXIS2_PLACEMENT_3D ( 'NONE', #29, #2292, #1461 ) ;
#1453 = CARTESIAN_POINT ( 'NONE',  ( -12.84008204457469837, -18.87893313116376959, 10.00000000000003730 ) ) ;
#1454 = VECTOR ( 'NONE', #2463, 1000.000000000000000 ) ;
#1455 = DIRECTION ( 'NONE',  ( -0.000000000000000000, -0.000000000000000000, -1.000000000000000000 ) ) ;
#1456 = EDGE_CURVE ( 'NONE', #2599, #1139, #3431, .T. ) ;
#1457 = CIRCLE ( 'NONE', #3311, 1.500000000000003109 ) ;
#1458 = VERTEX_POINT ( 'NONE', #3162 ) ;
#1459 = VECTOR ( 'NONE', #3088, 1000.000000000000000 ) ;
#1460 = EDGE_CURVE ( 'NONE', #9, #1081, #682, .T. ) ;
#1461 = DIRECTION ( 'NONE',  ( -1.000000000000000000, 0.000000000000000000, 0.000000000000000000 ) ) ;
#1462 = CARTESIAN_POINT ( 'NONE',  ( 24.03502857718832431, -17.03317133725614951, 10.00000000000000000 ) ) ;
#1463 = DIRECTION ( 'NONE',  ( 0.000000000000000000, 0.000000000000000000, -1.000000000000000000 ) ) ;
#1464 = ORIENTED_EDGE ( 'NONE', *, *, #3002, .T. ) ;
#1465 = FACE_BOUND ( 'NONE', #568, .T. ) ;
#1466 = EDGE_LOOP ( 'NONE', ( #2216, #675 ) ) ;
#1467 = FACE_BOUND ( 'NONE', #1809, .T. ) ;
#1468 = DIRECTION ( 'NONE',  ( -1.000000000000000000, 0.000000000000000000, 0.000000000000000000 ) ) ;
#1469 = ORIENTED_EDGE ( 'NONE', *, *, #831, .T. ) ;
#1470 = CARTESIAN_POINT ( 'NONE',  ( -4.879915765898463320, -51.88490441556262311, 0.000000000000000000 ) ) ;
#1471 = APPLICATION_PROTOCOL_DEFINITION ( 'draft international standard', 'automotive_design', 1998, #2486 ) ;
#1472 = CIRCLE ( 'NONE', #730, 1.500000000000001332 ) ;
#1473 = CYLINDRICAL_SURFACE ( 'NONE', #2024, 1.500000000000001332 ) ;
#1474 = FACE_BOUND ( 'NONE', #1157, .T. ) ;
#1475 = VERTEX_POINT ( 'NONE', #2916 ) ;
#1476 = EDGE_CURVE ( 'NONE', #3302, #65, #821, .T. ) ;
#1477 = CARTESIAN_POINT ( 'NONE',  ( 6.379915765898081403, -14.38490441556261068, 0.000000000000000000 ) ) ;
#1478 = AXIS2_PLACEMENT_3D ( 'NONE', #2027, #367, #157 ) ;
#1479 = LINE ( 'NONE', #2062, #1745 ) ;
#1480 = ORIENTED_EDGE ( 'NONE', *, *, #3270, .F. ) ;
#1481 = CARTESIAN_POINT ( 'NONE',  ( 22.87139614189873882, 8.205614931611046714, 10.00000000000000000 ) ) ;
#1482 = EDGE_LOOP ( 'NONE', ( #1969, #1399, #2210, #1225 ) ) ;
#1483 = FACE_BOUND ( 'NONE', #2245, .T. ) ;
#1484 = DIRECTION ( 'NONE',  ( -2.775557561562892140E-15, -6.293636852642899475E-31, -1.000000000000000000 ) ) ;
#1485 = ORIENTED_EDGE ( 'NONE', *, *, #2622, .F. ) ;
#1486 = AXIS2_PLACEMENT_3D ( 'NONE', #814, #3009, #3052 ) ;
#1487 = VERTEX_POINT ( 'NONE', #2341 ) ;
#1488 = DIRECTION ( 'NONE',  ( 1.000000000000000000, 0.000000000000000000, -2.312964634635740689E-15 ) ) ;
#1489 = ORIENTED_EDGE ( 'NONE', *, *, #327, .T. ) ;
#1490 = EDGE_CURVE ( 'NONE', #471, #1043, #3453, .T. ) ;
#1491 = DIRECTION ( 'NONE',  ( -2.775557561562892140E-15, -6.293636852642899475E-31, -1.000000000000000000 ) ) ;
#1492 = ADVANCED_FACE ( 'NONE', ( #2639 ), #1272, .F. ) ;
#1493 = CIRCLE ( 'NONE', #3354, 1.500000000000001332 ) ;
#1494 = DIRECTION ( 'NONE',  ( 0.000000000000000000, 0.000000000000000000, -1.000000000000000000 ) ) ;
#1495 = CYLINDRICAL_SURFACE ( 'NONE', #3163, 1.500000000000001332 ) ;
#1496 = FACE_BOUND ( 'NONE', #2010, .T. ) ;
#1497 = ADVANCED_FACE ( 'NONE', ( #1052 ), #3560, .F. ) ;
#1498 = DIRECTION ( 'NONE',  ( -0.000000000000000000, -0.000000000000000000, -1.000000000000000000 ) ) ;
#1499 = CARTESIAN_POINT ( 'NONE',  ( 25.15000000000001634, 27.74999999999999645, 0.000000000000000000 ) ) ;
#1500 = ORIENTED_EDGE ( 'NONE', *, *, #2926, .F. ) ;
#1501 = EDGE_CURVE ( 'NONE', #3026, #2219, #1977, .T. ) ;
#1502 = VERTEX_POINT ( 'NONE', #3084 ) ;
#1503 = CARTESIAN_POINT ( 'NONE',  ( -24.03502857718831720, -17.03317133725616017, 6.671060530979523102E-14 ) ) ;
#1504 = DIRECTION ( 'NONE',  ( 0.000000000000000000, 0.000000000000000000, -1.000000000000000000 ) ) ;
#1505 = CIRCLE ( 'NONE', #1277, 1.500000000000001332 ) ;
#1506 = DIRECTION ( 'NONE',  ( -1.000000000000000000, 0.000000000000000000, 0.000000000000000000 ) ) ;
#1507 = FACE_BOUND ( 'NONE', #2105, .T. ) ;
#1508 = AXIS2_PLACEMENT_3D ( 'NONE', #2996, #293, #3077 ) ;
#1509 = VECTOR ( 'NONE', #2109, 1000.000000000000000 ) ;
#1510 = CARTESIAN_POINT ( 'NONE',  ( -12.78459127458936528, 3.751711472399178682, 10.00000000000003730 ) ) ;
#1511 = VECTOR ( 'NONE', #492, 1000.000000000000000 ) ;
#1512 = CARTESIAN_POINT ( 'NONE',  ( 22.87139614189873882, 8.205614931611046714, 0.000000000000000000 ) ) ;
#1513 = ORIENTED_EDGE ( 'NONE', *, *, #1914, .T. ) ;
#1514 = DIRECTION ( 'NONE',  ( -1.000000000000000000, 0.000000000000000000, 0.000000000000000000 ) ) ;
#1515 = CIRCLE ( 'NONE', #2383, 1.500000000000001332 ) ;
#1516 = ORIENTED_EDGE ( 'NONE', *, *, #2647, .T. ) ;
#1517 = AXIS2_PLACEMENT_3D ( 'NONE', #271, #1089, #2684 ) ;
#1518 = DIRECTION ( 'NONE',  ( -0.000000000000000000, -0.000000000000000000, -1.000000000000000000 ) ) ;
#1519 = EDGE_CURVE ( 'NONE', #1004, #1295, #1931, .T. ) ;
#1520 = DIRECTION ( 'NONE',  ( -1.000000000000000000, 0.000000000000000000, 0.000000000000000000 ) ) ;
#1521 = ORIENTED_EDGE ( 'NONE', *, *, #1349, .F. ) ;
#1522 = EDGE_LOOP ( 'NONE', ( #3425, #1249, #313, #2128 ) ) ;
#1523 = CARTESIAN_POINT ( 'NONE',  ( 14.34008204457434665, -56.37893313116376959, 0.000000000000000000 ) ) ;
#1524 = FACE_OUTER_BOUND ( 'NONE', #2705, .T. ) ;
#1525 = DIRECTION ( 'NONE',  ( 0.000000000000000000, 0.000000000000000000, -1.000000000000000000 ) ) ;
#1526 = FACE_OUTER_BOUND ( 'NONE', #1673, .T. ) ;
#1527 = ORIENTED_EDGE ( 'NONE', *, *, #1073, .T. ) ;
#1528 = CARTESIAN_POINT ( 'NONE',  ( -29.99999999999999289, 32.50000000000000000, 10.00000000000000000 ) ) ;
#1529 = ORIENTED_EDGE ( 'NONE', *, *, #3468, .T. ) ;
#1530 = CARTESIAN_POINT ( 'NONE',  ( -14.34008204457498969, -43.87893313116376959, 10.00000000000006928 ) ) ;
#1531 = FACE_BOUND ( 'NONE', #739, .T. ) ;
#1532 = AXIS2_PLACEMENT_3D ( 'NONE', #2085, #3504, #1307 ) ;
#1533 = ORIENTED_EDGE ( 'NONE', *, *, #113, .F. ) ;
#1534 = CARTESIAN_POINT ( 'NONE',  ( 14.34008204457460600, -31.37893313116376603, 10.00000000000006928 ) ) ;
#1535 = ORIENTED_EDGE ( 'NONE', *, *, #2614, .T. ) ;
#1536 = ORIENTED_EDGE ( 'NONE', *, *, #1148, .F. ) ;
#1537 = ADVANCED_FACE ( 'NONE', ( #813 ), #2740, .F. ) ;
#1538 = DIRECTION ( 'NONE',  ( -1.000000000000000000, 0.000000000000000000, 0.000000000000000000 ) ) ;
#1539 = DIRECTION ( 'NONE',  ( -1.000000000000000000, 0.000000000000000000, 0.000000000000000000 ) ) ;
#1540 = EDGE_CURVE ( 'NONE', #1842, #1293, #1696, .T. ) ;
#1541 = EDGE_CURVE ( 'NONE', #751, #639, #3376, .T. ) ;
#1542 = CARTESIAN_POINT ( 'NONE',  ( -1.500000000000385025, -46.18711800828255321, 10.00000000000006928 ) ) ;
#1543 = ORIENTED_EDGE ( 'NONE', *, *, #2741, .F. ) ;
#1544 = DIRECTION ( 'NONE',  ( -0.000000000000000000, -0.000000000000000000, -1.000000000000000000 ) ) ;
#1545 = VERTEX_POINT ( 'NONE', #499 ) ;
#1546 = CARTESIAN_POINT ( 'NONE',  ( 21.06575960438041761, -24.89772158955816650, 10.00000000000000000 ) ) ;
#1547 = EDGE_LOOP ( 'NONE', ( #1535, #2688 ) ) ;
#1548 = AXIS2_PLACEMENT_3D ( 'NONE', #2523, #2287, #1404 ) ;
#1549 = CARTESIAN_POINT ( 'NONE',  ( 25.15000000000001634, 27.74999999999999645, 10.00000000000000000 ) ) ;
#1550 = EDGE_LOOP ( 'NONE', ( #3040, #294, #1756, #1335 ) ) ;
#1551 = CIRCLE ( 'NONE', #1908, 0.5999999999999998668 ) ;
#1552 = ORIENTED_EDGE ( 'NONE', *, *, #446, .F. ) ;
#1553 = ORIENTED_EDGE ( 'NONE', *, *, #3074, .F. ) ;
#1554 = CARTESIAN_POINT ( 'NONE',  ( 1.499999999999617639, -46.18711800828255321, 0.000000000000000000 ) ) ;
#1555 = DIRECTION ( 'NONE',  ( -1.000000000000000000, 0.000000000000000000, 0.000000000000000000 ) ) ;
#1556 = ORIENTED_EDGE ( 'NONE', *, *, #1762, .T. ) ;
#1557 = EDGE_CURVE ( 'NONE', #1545, #2766, #3142, .T. ) ;
#1558 = AXIS2_PLACEMENT_3D ( 'NONE', #597, #75, #44 ) ;
#1559 = EDGE_CURVE ( 'NONE', #801, #755, #3430, .T. ) ;
#1560 = LINE ( 'NONE', #2259, #2892 ) ;
#1561 = CIRCLE ( 'NONE', #2722, 1.500000000000000888 ) ;
#1562 = VERTEX_POINT ( 'NONE', #1595 ) ;
#1563 = ADVANCED_FACE ( 'NONE', ( #64 ), #3352, .F. ) ;
#1564 = DIRECTION ( 'NONE',  ( -1.000000000000000000, 0.000000000000000000, 0.000000000000000000 ) ) ;
#1565 = DIRECTION ( 'NONE',  ( 1.000000000000000000, 0.000000000000000000, -2.312964634635742267E-15 ) ) ;
#1566 = DIRECTION ( 'NONE',  ( -1.000000000000000000, 0.000000000000000000, 0.000000000000000000 ) ) ;
#1567 = CIRCLE ( 'NONE', #475, 1.500000000000000444 ) ;
#1568 = ORIENTED_EDGE ( 'NONE', *, *, #53, .T. ) ;
#1569 = AXIS2_PLACEMENT_3D ( 'NONE', #2529, #3116, #3306 ) ;
#1570 = CARTESIAN_POINT ( 'NONE',  ( 22.06889101411282184, -1.384321345430700623, 10.00000000000000000 ) ) ;
#1571 = VERTEX_POINT ( 'NONE', #2989 ) ;
#1572 = PRESENTATION_LAYER_ASSIGNMENT (  '', '', ( #998 ) ) ;
#1573 = DIRECTION ( 'NONE',  ( -1.000000000000000000, 0.000000000000000000, 0.000000000000000000 ) ) ;
#1574 = AXIS2_PLACEMENT_3D ( 'NONE', #611, #879, #2176 ) ;
#1575 = LINE ( 'NONE', #495, #2810 ) ;
#1576 = VECTOR ( 'NONE', #1086, 1000.000000000000000 ) ;
#1577 = DIRECTION ( 'NONE',  ( -1.000000000000000000, 0.000000000000000000, 0.000000000000000000 ) ) ;
#1578 = EDGE_LOOP ( 'NONE', ( #1437, #2532 ) ) ;
#1579 = CARTESIAN_POINT ( 'NONE',  ( 6.379915765898081403, 0.5015657048662146567, 10.00000000000000000 ) ) ;
#1580 = ORIENTED_EDGE ( 'NONE', *, *, #2231, .T. ) ;
#1581 = CYLINDRICAL_SURFACE ( 'NONE', #1351, 1.499999999999999556 ) ;
#1582 = EDGE_CURVE ( 'NONE', #1393, #1786, #33, .T. ) ;
#1583 = DIRECTION ( 'NONE',  ( -2.775557561562892140E-15, -6.293636852642899475E-31, -1.000000000000000000 ) ) ;
#1584 = DIRECTION ( 'NONE',  ( -0.000000000000000000, -0.000000000000000000, -1.000000000000000000 ) ) ;
#1585 = EDGE_CURVE ( 'NONE', #3287, #835, #3550, .T. ) ;
#1586 = ORIENTED_EDGE ( 'NONE', *, *, #2697, .F. ) ;
#1587 = LINE ( 'NONE', #249, #3367 ) ;
#1588 = VERTEX_POINT ( 'NONE', #1158 ) ;
#1589 = AXIS2_PLACEMENT_3D ( 'NONE', #3266, #791, #1889 ) ;
#1590 = CYLINDRICAL_SURFACE ( 'NONE', #381, 1.499999999999998668 ) ;
#1591 = CARTESIAN_POINT ( 'NONE',  ( -14.28459127458936528, 3.751711472399178682, 10.00000000000004086 ) ) ;
#1592 = CIRCLE ( 'NONE', #1486, 1.500000000000001332 ) ;
#1593 = DIRECTION ( 'NONE',  ( 2.775557561562891745E-15, 6.293636852642898599E-31, 1.000000000000000000 ) ) ;
#1594 = ORIENTED_EDGE ( 'NONE', *, *, #2537, .T. ) ;
#1595 = CARTESIAN_POINT ( 'NONE',  ( -11.34008204457485469, -31.37893313116377314, 10.00000000000006928 ) ) ;
#1596 = CIRCLE ( 'NONE', #56, 1.500000000000001332 ) ;
#1597 = ORIENTED_EDGE ( 'NONE', *, *, #1014, .F. ) ;
#1598 = DIRECTION ( 'NONE',  ( -2.775557561562892140E-15, -6.293636852642899475E-31, -1.000000000000000000 ) ) ;
#1599 = EDGE_CURVE ( 'NONE', #571, #2477, #2267, .T. ) ;
#1600 =( LENGTH_UNIT ( ) NAMED_UNIT ( * ) SI_UNIT ( .MILLI., .METRE. ) );
#1601 = CARTESIAN_POINT ( 'NONE',  ( -1.499999999999989786, -22.20932941147529505, 10.00000000000000000 ) ) ;
#1602 = EDGE_CURVE ( 'NONE', #3509, #2710, #2952, .T. ) ;
#1603 = FACE_OUTER_BOUND ( 'NONE', #3314, .T. ) ;
#1604 = ORIENTED_EDGE ( 'NONE', *, *, #446, .T. ) ;
#1605 = ORIENTED_EDGE ( 'NONE', *, *, #60, .F. ) ;
#1606 = CYLINDRICAL_SURFACE ( 'NONE', #1171, 1.500000000000001332 ) ;
#1607 = VERTEX_POINT ( 'NONE', #220 ) ;
#1608 = EDGE_CURVE ( 'NONE', #122, #3043, #894, .T. ) ;
#1609 = EDGE_LOOP ( 'NONE', ( #1366, #1597 ) ) ;
#1610 = CARTESIAN_POINT ( 'NONE',  ( 11.34008204457460423, -31.37893313116376603, 0.000000000000000000 ) ) ;
#1611 = DIRECTION ( 'NONE',  ( -1.000000000000000000, 0.000000000000000000, 0.000000000000000000 ) ) ;
#1612 = ORIENTED_EDGE ( 'NONE', *, *, #3492, .F. ) ;
#1613 = CIRCLE ( 'NONE', #3408, 1.499999999999999556 ) ;
#1614 = ADVANCED_FACE ( 'NONE', ( #2704 ), #2424, .F. ) ;
#1615 = DIRECTION ( 'NONE',  ( -0.000000000000000000, -0.000000000000000000, -1.000000000000000000 ) ) ;
#1616 = CIRCLE ( 'NONE', #522, 1.499999999999998668 ) ;
#1617 = DIRECTION ( 'NONE',  ( 0.000000000000000000, 0.000000000000000000, -1.000000000000000000 ) ) ;
#1618 = ORIENTED_EDGE ( 'NONE', *, *, #3049, .F. ) ;
#1619 = LINE ( 'NONE', #1653, #1861 ) ;
#1620 = CARTESIAN_POINT ( 'NONE',  ( -16.91749268268685569, -11.21500916080822918, 10.00000000000004619 ) ) ;
#1621 = FACE_OUTER_BOUND ( 'NONE', #2876, .T. ) ;
#1622 = DIRECTION ( 'NONE',  ( -2.135044278125300850E-16, 1.000000000000000000, -0.000000000000000000 ) ) ;
#1623 = AXIS2_PLACEMENT_3D ( 'NONE', #3075, #2038, #410 ) ;
#1624 = DIRECTION ( 'NONE',  ( 0.000000000000000000, 0.000000000000000000, -1.000000000000000000 ) ) ;
#1625 = ORIENTED_EDGE ( 'NONE', *, *, #3535, .F. ) ;
#1626 = CARTESIAN_POINT ( 'NONE',  ( 30.00000000000000355, 32.50000000000000000, 10.00000000000000000 ) ) ;
#1627 = AXIS2_PLACEMENT_3D ( 'NONE', #2728, #547, #263 ) ;
#1628 = AXIS2_PLACEMENT_3D ( 'NONE', #3394, #2840, #316 ) ;
#1629 = FACE_BOUND ( 'NONE', #45, .T. ) ;
#1630 = CARTESIAN_POINT ( 'NONE',  ( -25.53502857718829233, -17.03317133725616017, 10.00000000000006928 ) ) ;
#1631 = ORIENTED_EDGE ( 'NONE', *, *, #640, .T. ) ;
#1632 = ORIENTED_EDGE ( 'NONE', *, *, #2382, .F. ) ;
#1633 = AXIS2_PLACEMENT_3D ( 'NONE', #1902, #3263, #1340 ) ;
#1634 = EDGE_CURVE ( 'NONE', #132, #995, #1348, .T. ) ;
#1635 = CIRCLE ( 'NONE', #89, 1.500000000000001332 ) ;
#1636 = CARTESIAN_POINT ( 'NONE',  ( -27.99999999999998934, 32.50000000000000000, 0.000000000000000000 ) ) ;
#1637 = ORIENTED_EDGE ( 'NONE', *, *, #2215, .T. ) ;
#1638 = CARTESIAN_POINT ( 'NONE',  ( 22.87139614189873882, 8.205614931611046714, 10.00000000000000000 ) ) ;
#1639 = AXIS2_PLACEMENT_3D ( 'NONE', #261, #762, #2994 ) ;
#1640 = ORIENTED_EDGE ( 'NONE', *, *, #1278, .F. ) ;
#1641 = DIRECTION ( 'NONE',  ( 0.000000000000000000, 0.000000000000000000, -1.000000000000000000 ) ) ;
#1642 = ORIENTED_EDGE ( 'NONE', *, *, #1456, .F. ) ;
#1643 = CARTESIAN_POINT ( 'NONE',  ( 1.500000000000007772, -8.687118008282549653, 10.00000000000000000 ) ) ;
#1644 = DIRECTION ( 'NONE',  ( 0.000000000000000000, 0.000000000000000000, -1.000000000000000000 ) ) ;
#1645 = CARTESIAN_POINT ( 'NONE',  ( -6.379915765898334534, -39.38490441556261601, 10.00000000000006928 ) ) ;
#1646 = VERTEX_POINT ( 'NONE', #2331 ) ;
#1647 = EDGE_LOOP ( 'NONE', ( #1768, #1061, #1604, #1264 ) ) ;
#1648 = FACE_OUTER_BOUND ( 'NONE', #2894, .T. ) ;
#1650 = AXIS2_PLACEMENT_3D ( 'NONE', #2404, #3461, #1028 ) ;
#1649 = CARTESIAN_POINT ( 'NONE',  ( 24.37139614189873882, 8.205614931611046714, 10.00000000000000000 ) ) ;
#1651 = ORIENTED_EDGE ( 'NONE', *, *, #1929, .F. ) ;
#1652 = DIRECTION ( 'NONE',  ( 0.000000000000000000, 0.000000000000000000, -1.000000000000000000 ) ) ;
#1653 = CARTESIAN_POINT ( 'NONE',  ( 20.00000000000001776, -62.50000000000000000, 10.00000000000000000 ) ) ;
#1654 = CARTESIAN_POINT ( 'NONE',  ( -21.06575960438037853, -24.89772158955817716, 10.00000000000005862 ) ) ;
#1655 = ADVANCED_FACE ( 'NONE', ( #2595 ), #3405, .F. ) ;
#1656 = ADVANCED_FACE ( 'NONE', ( #3132 ), #1750, .F. ) ;
#1657 = CARTESIAN_POINT ( 'NONE',  ( -14.34008204457511937, -56.37893313116378380, 10.00000000000006928 ) ) ;
#1658 = EDGE_CURVE ( 'NONE', #3240, #1300, #1199, .T. ) ;
#1659 = EDGE_LOOP ( 'NONE', ( #1737, #1065, #548, #26 ) ) ;
#1660 = EDGE_CURVE ( 'NONE', #1252, #46, #2407, .T. ) ;
#1661 = CARTESIAN_POINT ( 'NONE',  ( 12.84008204457447455, -43.87893313116376959, 10.00000000000006928 ) ) ;
#1662 = ORIENTED_EDGE ( 'NONE', *, *, #3028, .F. ) ;
#1663 = CARTESIAN_POINT ( 'NONE',  ( 1.499999999999747757, -33.68711800828255321, 0.000000000000000000 ) ) ;
#1664 = CIRCLE ( 'NONE', #3053, 1.500000000000001332 ) ;
#1665 = DIRECTION ( 'NONE',  ( -1.000000000000000000, 0.000000000000000000, 0.000000000000000000 ) ) ;
#1666 = ORIENTED_EDGE ( 'NONE', *, *, #118, .F. ) ;
#1667 = EDGE_LOOP ( 'NONE', ( #554, #3570, #439, #782 ) ) ;
#1668 = FACE_BOUND ( 'NONE', #2299, .T. ) ;
#1669 = DIRECTION ( 'NONE',  ( -1.000000000000000000, 0.000000000000000000, 0.000000000000000000 ) ) ;
#1670 = ORIENTED_EDGE ( 'NONE', *, *, #1876, .T. ) ;
#1671 = VERTEX_POINT ( 'NONE', #2821 ) ;
#1672 = DIRECTION ( 'NONE',  ( -1.000000000000000000, 0.000000000000000000, 0.000000000000000000 ) ) ;
#1673 = EDGE_LOOP ( 'NONE', ( #2308, #3036, #3222, #2698 ) ) ;
#1674 = CARTESIAN_POINT ( 'NONE',  ( -12.84008204457511759, -56.37893313116378380, 10.00000000000006928 ) ) ;
#1675 = AXIS2_PLACEMENT_3D ( 'NONE', #2625, #3096, #167 ) ;
#1676 = AXIS2_PLACEMENT_3D ( 'NONE', #83, #743, #3469 ) ;
#1677 = CARTESIAN_POINT ( 'NONE',  ( 7.879915765897822055, -39.38490441556260890, 10.00000000000006928 ) ) ;
#1678 = ORIENTED_EDGE ( 'NONE', *, *, #2465, .T. ) ;
#1679 = EDGE_CURVE ( 'NONE', #571, #3509, #1664, .T. ) ;
#1680 = ORIENTED_EDGE ( 'NONE', *, *, #2291, .T. ) ;
#1681 = CIRCLE ( 'NONE', #2143, 10.00000000000000000 ) ;
#1682 = LINE ( 'NONE', #307, #2087 ) ;
#1683 = EDGE_CURVE ( 'NONE', #498, #2693, #1308, .T. ) ;
#1684 = DIRECTION ( 'NONE',  ( 1.000000000000000000, 0.000000000000000000, 0.000000000000000000 ) ) ;
#1685 = CARTESIAN_POINT ( 'NONE',  ( 7.879915765897690605, -51.88490441556261601, 10.00000000000006928 ) ) ;
#1686 = EDGE_LOOP ( 'NONE', ( #2632, #250, #2822, #2190 ) ) ;
#1687 = EDGE_LOOP ( 'NONE', ( #2646, #904, #2820, #3065, #1209, #1680, #2252, #78, #3061, #935 ) ) ;
#1688 = CYLINDRICAL_SURFACE ( 'NONE', #483, 0.5999999999999998668 ) ;
#1689 = DIRECTION ( 'NONE',  ( -0.000000000000000000, -0.000000000000000000, -1.000000000000000000 ) ) ;
#1690 = CARTESIAN_POINT ( 'NONE',  ( -26.35000000000002984, 27.74999999999998579, 7.313594174718225021E-14 ) ) ;
#1691 = CIRCLE ( 'NONE', #1920, 1.500000000000000444 ) ;
#1692 = AXIS2_PLACEMENT_3D ( 'NONE', #1286, #146, #175 ) ;
#1693 = VERTEX_POINT ( 'NONE', #348 ) ;
#1694 = CARTESIAN_POINT ( 'NONE',  ( 22.56575960438015827, -49.89772158955817360, 10.00000000000006928 ) ) ;
#1695 = VECTOR ( 'NONE', #415, 1000.000000000000000 ) ;
#1696 = CIRCLE ( 'NONE', #1574, 1.500000000000001332 ) ;
#1697 = ORIENTED_EDGE ( 'NONE', *, *, #2637, .T. ) ;
#1698 = CARTESIAN_POINT ( 'NONE',  ( 22.53502857718832431, -17.03317133725614951, 0.000000000000000000 ) ) ;
#1699 = EDGE_CURVE ( 'NONE', #1502, #3287, #3418, .T. ) ;
#1700 = CARTESIAN_POINT ( 'NONE',  ( -6.379915765898464208, -51.88490441556262311, 10.00000000000006928 ) ) ;
#1701 = CARTESIAN_POINT ( 'NONE',  ( 1.149254302834634700E-14, -22.20932941147529505, 10.00000000000000000 ) ) ;
#1702 = ORIENTED_EDGE ( 'NONE', *, *, #2094, .F. ) ;
#1703 = DIRECTION ( 'NONE',  ( -2.775557561562892140E-15, -6.293636852642899475E-31, -1.000000000000000000 ) ) ;
#1704 = EDGE_LOOP ( 'NONE', ( #1720, #1263 ) ) ;
#1705 = CYLINDRICAL_SURFACE ( 'NONE', #3322, 1.500000000000001332 ) ;
#1706 = VERTEX_POINT ( 'NONE', #2871 ) ;
#1707 = LINE ( 'NONE', #315, #1988 ) ;
#1708 = CYLINDRICAL_SURFACE ( 'NONE', #1742, 1.500000000000001332 ) ;
#1709 = FACE_OUTER_BOUND ( 'NONE', #3014, .T. ) ;
#1710 = DIRECTION ( 'NONE',  ( -0.000000000000000000, -0.000000000000000000, -1.000000000000000000 ) ) ;
#1711 = LINE ( 'NONE', #3109, #1097 ) ;
#1712 = VERTEX_POINT ( 'NONE', #2048 ) ;
#1713 = DIRECTION ( 'NONE',  ( -1.000000000000000000, 0.000000000000000000, 0.000000000000000000 ) ) ;
#1714 = EDGE_CURVE ( 'NONE', #2183, #673, #3153, .T. ) ;
#1715 = DIRECTION ( 'NONE',  ( -1.000000000000000000, -5.782411586589358625E-16, 2.312964634635743450E-15 ) ) ;
#1716 = ADVANCED_FACE ( 'NONE', ( #399 ), #1495, .F. ) ;
#1717 = CARTESIAN_POINT ( 'NONE',  ( 19.56575960438015471, -49.89772158955817360, 0.000000000000000000 ) ) ;
#1718 = ORIENTED_EDGE ( 'NONE', *, *, #1876, .F. ) ;
#1719 = DIRECTION ( 'NONE',  ( -2.775557561562892140E-15, -6.293636852642899475E-31, -1.000000000000000000 ) ) ;
#1720 = ORIENTED_EDGE ( 'NONE', *, *, #380, .T. ) ;
#1721 = ORIENTED_EDGE ( 'NONE', *, *, #79, .F. ) ;
#1722 = FACE_BOUND ( 'NONE', #3154, .T. ) ;
#1723 = ADVANCED_FACE ( 'NONE', ( #2612 ), #1246, .F. ) ;
#1724 = DIRECTION ( 'NONE',  ( 0.000000000000000000, 0.000000000000000000, -1.000000000000000000 ) ) ;
#1725 = LINE ( 'NONE', #74, #3063 ) ;
#1726 = DIRECTION ( 'NONE',  ( -0.000000000000000000, -0.000000000000000000, -1.000000000000000000 ) ) ;
#1727 = AXIS2_PLACEMENT_3D ( 'NONE', #630, #57, #2224 ) ;
#1728 = ORIENTED_EDGE ( 'NONE', *, *, #2955, .F. ) ;
#1729 = AXIS2_PLACEMENT_3D ( 'NONE', #1155, #1730, #102 ) ;
#1730 = DIRECTION ( 'NONE',  ( -2.775557561562891745E-15, -6.293636852642898599E-31, -1.000000000000000000 ) ) ;
#1731 = DIRECTION ( 'NONE',  ( -1.000000000000000000, 0.000000000000000000, 0.000000000000000000 ) ) ;
#1732 = ORIENTED_EDGE ( 'NONE', *, *, #2030, .F. ) ;
#1733 = ORIENTED_EDGE ( 'NONE', *, *, #1210, .T. ) ;
#1734 = FACE_BOUND ( 'NONE', #1445, .T. ) ;
#1735 = CARTESIAN_POINT ( 'NONE',  ( 21.06575960438028616, -37.39772158955816650, 0.000000000000000000 ) ) ;
#1736 = ORIENTED_EDGE ( 'NONE', *, *, #1460, .F. ) ;
#1737 = ORIENTED_EDGE ( 'NONE', *, *, #3050, .F. ) ;
#1738 = EDGE_CURVE ( 'NONE', #3001, #1838, #677, .T. ) ;
#1739 = FACE_OUTER_BOUND ( 'NONE', #1250, .T. ) ;
#1740 = DIRECTION ( 'NONE',  ( 1.000000000000000000, 0.000000000000000000, 0.000000000000000000 ) ) ;
#1741 = CARTESIAN_POINT ( 'NONE',  ( -29.99999999999999289, 30.50000000000000000, 10.00000000000000000 ) ) ;
#1742 = AXIS2_PLACEMENT_3D ( 'NONE', #2811, #1416, #1448 ) ;
#1743 = ORIENTED_EDGE ( 'NONE', *, *, #2784, .T. ) ;
#1744 = CIRCLE ( 'NONE', #540, 1.500000000000001332 ) ;
#1745 = VECTOR ( 'NONE', #1243, 1000.000000000000000 ) ;
#1746 = DIRECTION ( 'NONE',  ( -0.000000000000000000, -0.000000000000000000, -1.000000000000000000 ) ) ;
#1747 = CIRCLE ( 'NONE', #2225, 2.000000000000001776 ) ;
#1748 = DIRECTION ( 'NONE',  ( -1.000000000000000000, 0.000000000000000000, 0.000000000000000000 ) ) ;
#1749 = ORIENTED_EDGE ( 'NONE', *, *, #1660, .T. ) ;
#1750 = CYLINDRICAL_SURFACE ( 'NONE', #2127, 1.500000000000001332 ) ;
#1751 = FACE_BOUND ( 'NONE', #2945, .T. ) ;
#1752 = AXIS2_PLACEMENT_3D ( 'NONE', #3328, #2412, #3526 ) ;
#1753 = ORIENTED_EDGE ( 'NONE', *, *, #1030, .F. ) ;
#1754 = DIRECTION ( 'NONE',  ( -1.000000000000000000, 0.000000000000000000, 0.000000000000000000 ) ) ;
#1755 = CYLINDRICAL_SURFACE ( 'NONE', #148, 1.500000000000001332 ) ;
#1756 = ORIENTED_EDGE ( 'NONE', *, *, #2148, .T. ) ;
#1757 = DIRECTION ( 'NONE',  ( -1.000000000000000000, 0.000000000000000000, 0.000000000000000000 ) ) ;
#1758 = EDGE_CURVE ( 'NONE', #1427, #2769, #2546, .T. ) ;
#1759 = DIRECTION ( 'NONE',  ( -0.000000000000000000, -0.000000000000000000, -1.000000000000000000 ) ) ;
#1760 = FACE_BOUND ( 'NONE', #2102, .T. ) ;
#1761 = ORIENTED_EDGE ( 'NONE', *, *, #13, .T. ) ;
#1762 = EDGE_CURVE ( 'NONE', #3482, #726, #3223, .T. ) ;
#1763 = CIRCLE ( 'NONE', #2920, 1.500000000000001332 ) ;
#1764 = CARTESIAN_POINT ( 'NONE',  ( -6.379915765898052982, 0.5015657048662117701, 10.00000000000001776 ) ) ;
#1765 = ORIENTED_EDGE ( 'NONE', *, *, #2076, .F. ) ;
#1766 = EDGE_CURVE ( 'NONE', #755, #801, #1592, .T. ) ;
#1767 = DIRECTION ( 'NONE',  ( 0.000000000000000000, 0.000000000000000000, -1.000000000000000000 ) ) ;
#1768 = ORIENTED_EDGE ( 'NONE', *, *, #100, .F. ) ;
#1769 = DIRECTION ( 'NONE',  ( 0.000000000000000000, 0.000000000000000000, -1.000000000000000000 ) ) ;
#1770 = FACE_BOUND ( 'NONE', #1027, .T. ) ;
#1771 = ORIENTED_EDGE ( 'NONE', *, *, #559, .T. ) ;
#1772 = CARTESIAN_POINT ( 'NONE',  ( 6.379915765898081403, -27.02436017819085734, 0.000000000000000000 ) ) ;
#1773 = DIRECTION ( 'NONE',  ( -0.000000000000000000, -0.000000000000000000, -1.000000000000000000 ) ) ;
#1774 = VERTEX_POINT ( 'NONE', #2772 ) ;
#1775 = VECTOR ( 'NONE', #2855, 1000.000000000000000 ) ;
#1776 = ORIENTED_EDGE ( 'NONE', *, *, #1099, .T. ) ;
#1777 = FACE_OUTER_BOUND ( 'NONE', #961, .T. ) ;
#1778 = DIRECTION ( 'NONE',  ( -1.000000000000000000, 0.000000000000000000, 0.000000000000000000 ) ) ;
#1779 = CARTESIAN_POINT ( 'NONE',  ( -11.34008204457511404, -56.37893313116378380, 10.00000000000006928 ) ) ;
#1780 = CARTESIAN_POINT ( 'NONE',  ( -12.84008204457485647, -31.37893313116377314, 10.00000000000006928 ) ) ;
#1781 = FACE_BOUND ( 'NONE', #3543, .T. ) ;
#1782 = CARTESIAN_POINT ( 'NONE',  ( -6.379915765898334534, -39.38490441556261601, 10.00000000000006928 ) ) ;
#1783 = ORIENTED_EDGE ( 'NONE', *, *, #2145, .T. ) ;
#1784 = AXIS2_PLACEMENT_3D ( 'NONE', #2273, #23, #2539 ) ;
#1785 = CARTESIAN_POINT ( 'NONE',  ( 1.499999999999617639, -46.18711800828255321, 10.00000000000006928 ) ) ;
#1786 = VERTEX_POINT ( 'NONE', #925 ) ;
#1787 = DIRECTION ( 'NONE',  ( -0.000000000000000000, -0.000000000000000000, -1.000000000000000000 ) ) ;
#1788 = FACE_BOUND ( 'NONE', #2022, .T. ) ;
#1789 = VERTEX_POINT ( 'NONE', #1961 ) ;
#1790 = ORIENTED_EDGE ( 'NONE', *, *, #967, .F. ) ;
#1791 = FACE_BOUND ( 'NONE', #508, .T. ) ;
#1792 = DIRECTION ( 'NONE',  ( -1.000000000000000000, 0.000000000000000000, 0.000000000000000000 ) ) ;
#1793 = VERTEX_POINT ( 'NONE', #3062 ) ;
#1794 = CARTESIAN_POINT ( 'NONE',  ( -11.34008204457511404, -56.37893313116378380, 10.00000000000006928 ) ) ;
#1795 = DIRECTION ( 'NONE',  ( -1.000000000000000000, 0.000000000000000000, 0.000000000000000000 ) ) ;
#1796 = DIRECTION ( 'NONE',  ( 0.000000000000000000, 0.000000000000000000, 1.000000000000000000 ) ) ;
#1797 = CARTESIAN_POINT ( 'NONE',  ( 24.37139614189873882, 8.205614931611046714, 0.000000000000000000 ) ) ;
#1798 = VECTOR ( 'NONE', #853, 1000.000000000000000 ) ;
#1799 = AXIS2_PLACEMENT_3D ( 'NONE', #457, #2393, #2339 ) ;
#1800 = CARTESIAN_POINT ( 'NONE',  ( 30.00000000000001421, -52.49999999999999289, 10.00000000000000000 ) ) ;
#1801 = CARTESIAN_POINT ( 'NONE',  ( -6.379915765898041435, -27.02436017819086089, 10.00000000000001776 ) ) ;
#1802 = AXIS2_PLACEMENT_3D ( 'NONE', #2476, #509, #2733 ) ;
#1803 = ORIENTED_EDGE ( 'NONE', *, *, #2607, .F. ) ;
#1804 = EDGE_CURVE ( 'NONE', #2487, #1842, #2789, .T. ) ;
#1805 = CARTESIAN_POINT ( 'NONE',  ( -12.84008204457511759, -56.37893313116378380, 0.000000000000000000 ) ) ;
#1806 = EDGE_LOOP ( 'NONE', ( #3481, #2964 ) ) ;
#1807 = DIRECTION ( 'NONE',  ( -0.000000000000000000, -0.000000000000000000, -1.000000000000000000 ) ) ;
#1808 = FACE_BOUND ( 'NONE', #1150, .T. ) ;
#1809 = EDGE_LOOP ( 'NONE', ( #3309, #1244 ) ) ;
#1810 = VECTOR ( 'NONE', #2205, 1000.000000000000000 ) ;
#1811 = AXIS2_PLACEMENT_3D ( 'NONE', #2452, #502, #259 ) ;
#1812 = ORIENTED_EDGE ( 'NONE', *, *, #1131, .F. ) ;
#1813 = CARTESIAN_POINT ( 'NONE',  ( 4.879915765898081403, -27.02436017819085734, 10.00000000000000000 ) ) ;
#1814 = VECTOR ( 'NONE', #2180, 1000.000000000000000 ) ;
#1815 = VERTEX_POINT ( 'NONE', #3466 ) ;
#1816 = EDGE_CURVE ( 'NONE', #2483, #2885, #2868, .T. ) ;
#1817 = DIRECTION ( 'NONE',  ( -1.000000000000000000, 0.000000000000000000, 0.000000000000000000 ) ) ;
#1818 = CARTESIAN_POINT ( 'NONE',  ( 22.87139614189873882, 8.205614931611046714, 10.00000000000000000 ) ) ;
#1819 = PRODUCT_DEFINITION_FORMATION_WITH_SPECIFIED_SOURCE ( 'ä»', '', #605, .NOT_KNOWN. ) ;
#1820 = PLANE ( 'NONE',  #2430 ) ;
#1821 = DIRECTION ( 'NONE',  ( -1.000000000000000000, 0.000000000000000000, 0.000000000000000000 ) ) ;
#1822 = CARTESIAN_POINT ( 'NONE',  ( 6.379915765898081403, -14.38490441556261068, 10.00000000000000000 ) ) ;
#1823 = DIRECTION ( 'NONE',  ( -1.000000000000000000, 0.000000000000000000, 0.000000000000000000 ) ) ;
#1824 = CIRCLE ( 'NONE', #322, 1.500000000000001332 ) ;
#1825 = CARTESIAN_POINT ( 'NONE',  ( -22.56575960438066986, -49.89772158955818071, 0.000000000000000000 ) ) ;
#1826 = CARTESIAN_POINT ( 'NONE',  ( 11.34008204457447455, -43.87893313116376959, 10.00000000000006928 ) ) ;
#1827 = VECTOR ( 'NONE', #770, 1000.000000000000000 ) ;
#1828 = ORIENTED_EDGE ( 'NONE', *, *, #734, .T. ) ;
#1829 = EDGE_CURVE ( 'NONE', #2948, #3242, #2063, .T. ) ;
#1830 = LINE ( 'NONE', #736, #2553 ) ;
#1831 = ORIENTED_EDGE ( 'NONE', *, *, #906, .T. ) ;
#1832 = EDGE_LOOP ( 'NONE', ( #786, #1147, #3448, #257 ) ) ;
#1833 = DIRECTION ( 'NONE',  ( -0.000000000000000000, -0.000000000000000000, -1.000000000000000000 ) ) ;
#1834 = ADVANCED_FACE ( 'NONE', ( #910 ), #383, .F. ) ;
#1835 = DIRECTION ( 'NONE',  ( -2.775557561562892140E-15, -6.293636852642899475E-31, -1.000000000000000000 ) ) ;
#1836 = ADVANCED_FACE ( 'NONE', ( #331 ), #2009, .F. ) ;
#1837 = CARTESIAN_POINT ( 'NONE',  ( 19.91749268268688766, -11.21500916080822030, 10.00000000000000000 ) ) ;
#1838 = VERTEX_POINT ( 'NONE', #2992 ) ;
#1839 = SURFACE_STYLE_USAGE ( .BOTH. , #3548 ) ;
#1840 = DIRECTION ( 'NONE',  ( -1.000000000000000000, 0.000000000000000000, 0.000000000000000000 ) ) ;
#1841 = CARTESIAN_POINT ( 'NONE',  ( 14.34008204457473745, -18.87893313116376603, 0.000000000000000000 ) ) ;
#1842 = VERTEX_POINT ( 'NONE', #517 ) ;
#1843 = EDGE_LOOP ( 'NONE', ( #2121, #420, #1321, #939 ) ) ;
#1844 = AXIS2_PLACEMENT_3D ( 'NONE', #1166, #1420, #886 ) ;
#1845 = DIRECTION ( 'NONE',  ( -0.000000000000000000, -0.000000000000000000, -1.000000000000000000 ) ) ;
#1846 = CARTESIAN_POINT ( 'NONE',  ( 6.379915765898081403, -14.38490441556261068, 10.00000000000000000 ) ) ;
#1847 = ORIENTED_EDGE ( 'NONE', *, *, #2291, .F. ) ;
#1848 = VERTEX_POINT ( 'NONE', #2179 ) ;
#1849 = CARTESIAN_POINT ( 'NONE',  ( -21.06575960438066630, -49.89772158955818071, 0.000000000000000000 ) ) ;
#1850 = DIRECTION ( 'NONE',  ( -1.000000000000000000, 0.000000000000000000, 0.000000000000000000 ) ) ;
#1851 = CARTESIAN_POINT ( 'NONE',  ( -19.99999999999998224, -52.50000000000000000, 10.00000000000000000 ) ) ;
#1852 = ORIENTED_EDGE ( 'NONE', *, *, #1299, .F. ) ;
#1853 = CIRCLE ( 'NONE', #761, 1.500000000000001332 ) ;
#1854 = CARTESIAN_POINT ( 'NONE',  ( 1.499999999999747757, -33.68711800828255321, 10.00000000000006928 ) ) ;
#1855 = EDGE_CURVE ( 'NONE', #1411, #121, #3019, .T. ) ;
#1856 = ORIENTED_EDGE ( 'NONE', *, *, #490, .T. ) ;
#1857 = AXIS2_PLACEMENT_3D ( 'NONE', #476, #3452, #1555 ) ;
#1858 = DIRECTION ( 'NONE',  ( 0.000000000000000000, 0.000000000000000000, -1.000000000000000000 ) ) ;
#1859 = AXIS2_PLACEMENT_3D ( 'NONE', #1862, #1320, #2459 ) ;
#1860 = DIRECTION ( 'NONE',  ( -1.000000000000000000, 0.000000000000000000, 0.000000000000000000 ) ) ;
#1861 = VECTOR ( 'NONE', #594, 1000.000000000000000 ) ;
#1862 = CARTESIAN_POINT ( 'NONE',  ( 6.379915765898081403, 0.5015657048662146567, 10.00000000000000000 ) ) ;
#1863 = ORIENTED_EDGE ( 'NONE', *, *, #2397, .T. ) ;
#1864 = AXIS2_PLACEMENT_3D ( 'NONE', #1701, #1143, #2025 ) ;
#1865 = VERTEX_POINT ( 'NONE', #1951 ) ;
#1866 = CARTESIAN_POINT ( 'NONE',  ( -21.06575960438053841, -37.39772158955817360, 0.000000000000000000 ) ) ;
#1867 = AXIS2_PLACEMENT_3D ( 'NONE', #2249, #1033, #1327 ) ;
#1868 = DIRECTION ( 'NONE',  ( -1.000000000000000000, 0.000000000000000000, 0.000000000000000000 ) ) ;
#1869 = CIRCLE ( 'NONE', #1056, 9.999999999999998224 ) ;
#1870 = CARTESIAN_POINT ( 'NONE',  ( -2.533913980103936344E-13, -33.68711800828255321, 0.000000000000000000 ) ) ;
#1871 = CARTESIAN_POINT ( 'NONE',  ( -21.06575960438037853, -24.89772158955817716, 10.00000000000005862 ) ) ;
#1872 = EDGE_CURVE ( 'NONE', #1545, #1891, #798, .T. ) ;
#1873 = CARTESIAN_POINT ( 'NONE',  ( 20.00000000000001421, -52.50000000000000000, 10.00000000000000000 ) ) ;
#1874 = EDGE_LOOP ( 'NONE', ( #838, #1631, #404, #525 ) ) ;
#1875 = DIRECTION ( 'NONE',  ( -1.000000000000000000, 0.000000000000000000, 0.000000000000000000 ) ) ;
#1876 = EDGE_CURVE ( 'NONE', #3403, #1013, #2220, .T. ) ;
#1877 = LINE ( 'NONE', #545, #1810 ) ;
#1878 = DIRECTION ( 'NONE',  ( 0.000000000000000000, 0.000000000000000000, -1.000000000000000000 ) ) ;
#1879 = AXIS2_PLACEMENT_3D ( 'NONE', #3496, #3219, #3528 ) ;
#1880 = CARTESIAN_POINT ( 'NONE',  ( -25.53502857718832075, -17.03317133725616017, 7.087394165213956804E-14 ) ) ;
#1881 = ORIENTED_EDGE ( 'NONE', *, *, #2990, .F. ) ;
#1882 = ORIENTED_EDGE ( 'NONE', *, *, #1275, .F. ) ;
#1883 = DIRECTION ( 'NONE',  ( -1.000000000000000000, -2.135044278125300850E-16, 0.000000000000000000 ) ) ;
#1884 = EDGE_CURVE ( 'NONE', #141, #2214, #2041, .T. ) ;
#1885 = DIRECTION ( 'NONE',  ( 0.000000000000000000, 0.000000000000000000, -1.000000000000000000 ) ) ;
#1886 = EDGE_LOOP ( 'NONE', ( #2203, #825, #974, #1185 ) ) ;
#1887 = AXIS2_PLACEMENT_3D ( 'NONE', #198, #2949, #235 ) ;
#1888 = ORIENTED_EDGE ( 'NONE', *, *, #1, .T. ) ;
#1889 = DIRECTION ( 'NONE',  ( -1.000000000000000000, 0.000000000000000000, 0.000000000000000000 ) ) ;
#1890 = FACE_OUTER_BOUND ( 'NONE', #2204, .T. ) ;
#1891 = VERTEX_POINT ( 'NONE', #562 ) ;
#1892 = DIRECTION ( 'NONE',  ( -1.000000000000000000, 0.000000000000000000, 2.312964634635740689E-15 ) ) ;
#1893 = EDGE_LOOP ( 'NONE', ( #219, #728, #1743, #574 ) ) ;
#1894 = DIRECTION ( 'NONE',  ( -0.000000000000000000, -0.000000000000000000, -1.000000000000000000 ) ) ;
#1895 = DIRECTION ( 'NONE',  ( -1.000000000000000000, 0.000000000000000000, 0.000000000000000000 ) ) ;
#1896 = DIRECTION ( 'NONE',  ( -1.000000000000000000, 0.000000000000000000, 0.000000000000000000 ) ) ;
#1897 = CARTESIAN_POINT ( 'NONE',  ( -29.99999999999999289, 32.50000000000000000, 10.00000000000000000 ) ) ;
#1898 = CARTESIAN_POINT ( 'NONE',  ( -12.84008204457498614, -43.87893313116376959, 0.000000000000000000 ) ) ;
#1899 = EDGE_CURVE ( 'NONE', #2349, #437, #2775, .T. ) ;
#1900 = ORIENTED_EDGE ( 'NONE', *, *, #2450, .T. ) ;
#1901 = DIRECTION ( 'NONE',  ( -0.000000000000000000, -0.000000000000000000, -1.000000000000000000 ) ) ;
#1902 = CARTESIAN_POINT ( 'NONE',  ( 6.379915765897821167, -39.38490441556260890, 10.00000000000006928 ) ) ;
#1903 = EDGE_LOOP ( 'NONE', ( #2113, #2575 ) ) ;
#1904 = ORIENTED_EDGE ( 'NONE', *, *, #1343, .F. ) ;
#1905 = AXIS2_PLACEMENT_3D ( 'NONE', #2489, #1096, #2185 ) ;
#1906 = DIRECTION ( 'NONE',  ( 1.000000000000000000, 4.336808689942013792E-16, -2.312964634635740689E-15 ) ) ;
#1907 = DIRECTION ( 'NONE',  ( -1.000000000000000000, 0.000000000000000000, 0.000000000000000000 ) ) ;
#1908 = AXIS2_PLACEMENT_3D ( 'NONE', #2007, #3197, #623 ) ;
#1909 = DIRECTION ( 'NONE',  ( -1.000000000000000000, 0.000000000000000000, 0.000000000000000000 ) ) ;
#1910 = AXIS2_PLACEMENT_3D ( 'NONE', #2321, #2356, #982 ) ;
#1911 = ORIENTED_EDGE ( 'NONE', *, *, #2823, .F. ) ;
#1912 = CARTESIAN_POINT ( 'NONE',  ( -14.28459127458939371, 3.751711472399178682, 3.964770532602188958E-14 ) ) ;
#1913 = EDGE_LOOP ( 'NONE', ( #1527, #797 ) ) ;
#1914 = EDGE_CURVE ( 'NONE', #305, #268, #1619, .T. ) ;
#1915 = CARTESIAN_POINT ( 'NONE',  ( -24.03502857718828878, -17.03317133725616017, 10.00000000000006573 ) ) ;
#1916 = AXIS2_PLACEMENT_3D ( 'NONE', #2960, #1584, #1566 ) ;
#1917 = DIRECTION ( 'NONE',  ( -1.000000000000000000, 0.000000000000000000, 0.000000000000000000 ) ) ;
#1918 = ORIENTED_EDGE ( 'NONE', *, *, #1634, .T. ) ;
#1919 = CIRCLE ( 'NONE', #2781, 1.500000000000001332 ) ;
#1920 = AXIS2_PLACEMENT_3D ( 'NONE', #1050, #1593, #1068 ) ;
#1921 = CARTESIAN_POINT ( 'NONE',  ( -11.34008204457498437, -43.87893313116376959, 10.00000000000006928 ) ) ;
#1922 = EDGE_CURVE ( 'NONE', #2885, #658, #1927, .T. ) ;
#1923 = CARTESIAN_POINT ( 'NONE',  ( -20.56889101411279341, -1.384321345430710393, 10.00000000000005684 ) ) ;
#1924 = ORIENTED_EDGE ( 'NONE', *, *, #3127, .F. ) ;
#1925 = ORIENTED_EDGE ( 'NONE', *, *, #2261, .T. ) ;
#1926 = ORIENTED_EDGE ( 'NONE', *, *, #79, .T. ) ;
#1927 = LINE ( 'NONE', #1983, #3546 ) ;
#1928 = PRODUCT_DEFINITION_SHAPE ( 'NONE', 'NONE',  #2508 ) ;
#1929 = EDGE_CURVE ( 'NONE', #2187, #3210, #1707, .T. ) ;
#1930 = CYLINDRICAL_SURFACE ( 'NONE', #1338, 1.500000000000003109 ) ;
#1931 = CIRCLE ( 'NONE', #2794, 1.500000000000001332 ) ;
#1932 = AXIS2_PLACEMENT_3D ( 'NONE', #1130, #314, #1414 ) ;
#1933 = CARTESIAN_POINT ( 'NONE',  ( -2.533913980103936344E-13, -33.68711800828255321, 10.00000000000006928 ) ) ;
#1934 = ORIENTED_EDGE ( 'NONE', *, *, #3028, .T. ) ;
#1935 = CARTESIAN_POINT ( 'NONE',  ( 1.499999999999487743, -58.68711800828255321, 10.00000000000006928 ) ) ;
#1936 = CARTESIAN_POINT ( 'NONE',  ( 20.00000000000001421, -52.50000000000000000, 0.000000000000000000 ) ) ;
#1937 = ORIENTED_EDGE ( 'NONE', *, *, #686, .F. ) ;
#1938 = DIRECTION ( 'NONE',  ( 1.000000000000000000, 4.336808689942016257E-16, -2.775557561562892140E-15 ) ) ;
#1939 = FACE_OUTER_BOUND ( 'NONE', #1686, .T. ) ;
#1940 = ORIENTED_EDGE ( 'NONE', *, *, #871, .T. ) ;
#1941 = CARTESIAN_POINT ( 'NONE',  ( 22.56575960438041761, -24.89772158955816650, 0.000000000000000000 ) ) ;
#1943 = AXIS2_PLACEMENT_3D ( 'NONE', #2699, #234, #1323 ) ;
#1942 = DIRECTION ( 'NONE',  ( -2.775557561562892140E-15, -6.293636852642899475E-31, -1.000000000000000000 ) ) ;
#1944 = ORIENTED_EDGE ( 'NONE', *, *, #820, .F. ) ;
#1945 = ORIENTED_EDGE ( 'NONE', *, *, #485, .F. ) ;
#1946 = CARTESIAN_POINT ( 'NONE',  ( -6.379915765898334534, -39.38490441556261601, 10.00000000000006928 ) ) ;
#1947 = FACE_OUTER_BOUND ( 'NONE', #2542, .T. ) ;
#1948 = AXIS2_PLACEMENT_3D ( 'NONE', #680, #3192, #979 ) ;
#1949 = CYLINDRICAL_SURFACE ( 'NONE', #142, 2.000000000000001776 ) ;
#1950 = ORIENTED_EDGE ( 'NONE', *, *, #866, .F. ) ;
#1951 = CARTESIAN_POINT ( 'NONE',  ( -4.879915765898073410, -14.38490441556261423, 1.354448710382837812E-14 ) ) ;
#1952 = ADVANCED_FACE ( 'NONE', ( #1947 ), #2752, .F. ) ;
#1953 = CYLINDRICAL_SURFACE ( 'NONE', #1123, 1.500000000000001332 ) ;
#1954 = EDGE_LOOP ( 'NONE', ( #1119, #3499, #823, #1721 ) ) ;
#1955 = VERTEX_POINT ( 'NONE', #1400 ) ;
#1956 = CYLINDRICAL_SURFACE ( 'NONE', #11, 1.499999999999999556 ) ;
#1957 = AXIS2_PLACEMENT_3D ( 'NONE', #86, #2581, #119 ) ;
#1958 = CARTESIAN_POINT ( 'NONE',  ( -6.379915765898081403, 0.5015657048662117701, 1.770782344617272776E-14 ) ) ;
#1959 = FACE_OUTER_BOUND ( 'NONE', #790, .T. ) ;
#1960 = ORIENTED_EDGE ( 'NONE', *, *, #1602, .F. ) ;
#1961 = CARTESIAN_POINT ( 'NONE',  ( -7.879915765898465985, -51.88490441556262311, 0.000000000000000000 ) ) ;
#1962 = LINE ( 'NONE', #1145, #2503 ) ;
#1963 = ORIENTED_EDGE ( 'NONE', *, *, #3454, .T. ) ;
#1964 = DIRECTION ( 'NONE',  ( 0.000000000000000000, 0.000000000000000000, -1.000000000000000000 ) ) ;
#1965 = VECTOR ( 'NONE', #1622, 1000.000000000000000 ) ;
#1966 = LINE ( 'NONE', #2755, #2417 ) ;
#1967 = EDGE_CURVE ( 'NONE', #2788, #1955, #2096, .T. ) ;
#1968 = DIRECTION ( 'NONE',  ( -1.000000000000000000, 0.000000000000000000, 2.312964634635740689E-15 ) ) ;
#1969 = ORIENTED_EDGE ( 'NONE', *, *, #3319, .F. ) ;
#1970 = EDGE_CURVE ( 'NONE', #3045, #1115, #1744, .T. ) ;
#1971 = DIRECTION ( 'NONE',  ( -2.775557561562892140E-15, -6.293636852642899475E-31, -1.000000000000000000 ) ) ;
#1972 = DIRECTION ( 'NONE',  ( 0.000000000000000000, 0.000000000000000000, -1.000000000000000000 ) ) ;
#1973 = CARTESIAN_POINT ( 'NONE',  ( -2.533913980103936344E-13, -33.68711800828255321, 0.000000000000000000 ) ) ;
#1974 = VECTOR ( 'NONE', #785, 1000.000000000000000 ) ;
#1975 = CARTESIAN_POINT ( 'NONE',  ( 4.879915765898080515, -14.38490441556261068, 0.000000000000000000 ) ) ;
#1976 = ORIENTED_EDGE ( 'NONE', *, *, #2537, .F. ) ;
#1977 = LINE ( 'NONE', #1070, #202 ) ;
#1978 = ORIENTED_EDGE ( 'NONE', *, *, #1135, .F. ) ;
#1979 = CIRCLE ( 'NONE', #255, 1.500000000000000444 ) ;
#1980 = LINE ( 'NONE', #849, #1576 ) ;
#1981 = EDGE_CURVE ( 'NONE', #1161, #1077, #531, .T. ) ;
#1982 = ORIENTED_EDGE ( 'NONE', *, *, #3379, .F. ) ;
#1983 = CARTESIAN_POINT ( 'NONE',  ( 7.879915765898082292, -14.38490441556261068, 10.00000000000000000 ) ) ;
#1984 = DIRECTION ( 'NONE',  ( 0.000000000000000000, 0.000000000000000000, -1.000000000000000000 ) ) ;
#1985 = ORIENTED_EDGE ( 'NONE', *, *, #1602, .T. ) ;
#1986 = AXIS2_PLACEMENT_3D ( 'NONE', #300, #851, #1907 ) ;
#1987 = AXIS2_PLACEMENT_3D ( 'NONE', #715, #2617, #1520 ) ;
#1988 = VECTOR ( 'NONE', #3047, 1000.000000000000000 ) ;
#1989 = CARTESIAN_POINT ( 'NONE',  ( 22.56575960438028616, -37.39772158955816650, 10.00000000000006928 ) ) ;
#1990 = AXIS2_PLACEMENT_3D ( 'NONE', #3202, #2922, #2114 ) ;
#1991 = VERTEX_POINT ( 'NONE', #2809 ) ;
#1992 = CIRCLE ( 'NONE', #1001, 1.499999999999999556 ) ;
#1993 = DIRECTION ( 'NONE',  ( 0.000000000000000000, 0.000000000000000000, -1.000000000000000000 ) ) ;
#1994 = DIRECTION ( 'NONE',  ( 0.000000000000000000, 0.000000000000000000, -1.000000000000000000 ) ) ;
#1995 = ORIENTED_EDGE ( 'NONE', *, *, #115, .T. ) ;
#1996 = DIRECTION ( 'NONE',  ( -1.000000000000000000, 0.000000000000000000, 0.000000000000000000 ) ) ;
#1997 = ORIENTED_EDGE ( 'NONE', *, *, #3156, .F. ) ;
#1998 = ADVANCED_FACE ( 'NONE', ( #2615 ), #957, .F. ) ;
#1999 = ORIENTED_EDGE ( 'NONE', *, *, #1699, .F. ) ;
#2000 = FACE_BOUND ( 'NONE', #174, .T. ) ;
#2001 = DIRECTION ( 'NONE',  ( -0.000000000000000000, -0.000000000000000000, -1.000000000000000000 ) ) ;
#2002 = DIRECTION ( 'NONE',  ( -2.775557561562892140E-15, -6.293636852642899475E-31, -1.000000000000000000 ) ) ;
#2003 = ORIENTED_EDGE ( 'NONE', *, *, #1608, .T. ) ;
#2004 = CARTESIAN_POINT ( 'NONE',  ( -3.835565439675440658E-13, -46.18711800828255321, 10.00000000000006928 ) ) ;
#2005 = AXIS2_PLACEMENT_3D ( 'NONE', #929, #1236, #2034 ) ;
#2006 = ORIENTED_EDGE ( 'NONE', *, *, #704, .T. ) ;
#2007 = CARTESIAN_POINT ( 'NONE',  ( 25.75000000000001421, 27.74999999999999645, 0.000000000000000000 ) ) ;
#2008 = DIRECTION ( 'NONE',  ( 1.000000000000000000, 0.000000000000000000, 0.000000000000000000 ) ) ;
#2009 = CYLINDRICAL_SURFACE ( 'NONE', #1569, 1.500000000000001332 ) ;
#2010 = EDGE_LOOP ( 'NONE', ( #398, #160 ) ) ;
#2011 = EDGE_CURVE ( 'NONE', #1458, #305, #3173, .T. ) ;
#2012 = FACE_OUTER_BOUND ( 'NONE', #1687, .T. ) ;
#2013 = ORIENTED_EDGE ( 'NONE', *, *, #2958, .T. ) ;
#2014 = ORIENTED_EDGE ( 'NONE', *, *, #2177, .T. ) ;
#2015 = CARTESIAN_POINT ( 'NONE',  ( 12.84008204457447455, -43.87893313116376959, 10.00000000000006928 ) ) ;
#2016 = FACE_OUTER_BOUND ( 'NONE', #2200, .T. ) ;
#2017 = ORIENTED_EDGE ( 'NONE', *, *, #2557, .T. ) ;
#2018 = VERTEX_POINT ( 'NONE', #915 ) ;
#2019 = DIRECTION ( 'NONE',  ( 0.000000000000000000, 0.000000000000000000, -1.000000000000000000 ) ) ;
#2020 = CYLINDRICAL_SURFACE ( 'NONE', #701, 1.500000000000001332 ) ;
#2021 = AXIS2_PLACEMENT_3D ( 'NONE', #2516, #455, #233 ) ;
#2022 = EDGE_LOOP ( 'NONE', ( #2743, #1925 ) ) ;
#2023 = VECTOR ( 'NONE', #1901, 1000.000000000000000 ) ;
#2024 = AXIS2_PLACEMENT_3D ( 'NONE', #887, #2303, #1968 ) ;
#2025 = DIRECTION ( 'NONE',  ( -1.000000000000000000, 0.000000000000000000, 0.000000000000000000 ) ) ;
#2026 = VERTEX_POINT ( 'NONE', #3155 ) ;
#2027 = CARTESIAN_POINT ( 'NONE',  ( 25.75000000000001421, 27.74999999999999645, 10.00000000000000000 ) ) ;
#2028 = EDGE_CURVE ( 'NONE', #1487, #211, #1596, .T. ) ;
#2029 = VERTEX_POINT ( 'NONE', #676 ) ;
#2030 = EDGE_CURVE ( 'NONE', #993, #1588, #1019, .T. ) ;
#2031 = DIRECTION ( 'NONE',  ( 1.000000000000000000, 0.000000000000000000, 0.000000000000000000 ) ) ;
#2032 = FACE_OUTER_BOUND ( 'NONE', #2680, .T. ) ;
#2033 = CIRCLE ( 'NONE', #359, 1.500000000000001332 ) ;
#2034 = DIRECTION ( 'NONE',  ( -1.000000000000000000, 0.000000000000000000, 0.000000000000000000 ) ) ;
#2035 = EDGE_CURVE ( 'NONE', #2627, #2867, #3051, .T. ) ;
#2036 = AXIS2_PLACEMENT_3D ( 'NONE', #1238, #3214, #2086 ) ;
#2037 = CARTESIAN_POINT ( 'NONE',  ( -23.56889101411279697, -1.384321345430710393, 10.00000000000006395 ) ) ;
#2038 = DIRECTION ( 'NONE',  ( -2.775557561562892140E-15, -6.293636852642899475E-31, -1.000000000000000000 ) ) ;
#2039 = DIRECTION ( 'NONE',  ( -1.000000000000000000, 0.000000000000000000, 0.000000000000000000 ) ) ;
#2040 = ORIENTED_EDGE ( 'NONE', *, *, #947, .F. ) ;
#2041 = CIRCLE ( 'NONE', #2667, 1.500000000000001332 ) ;
#2042 = AXIS2_PLACEMENT_3D ( 'NONE', #2801, #3350, #2008 ) ;
#2043 = DIRECTION ( 'NONE',  ( -2.775557561562892140E-15, -6.293636852642899475E-31, -1.000000000000000000 ) ) ;
#2044 = AXIS2_PLACEMENT_3D ( 'NONE', #795, #515, #2531 ) ;
#2045 = ORIENTED_EDGE ( 'NONE', *, *, #417, .F. ) ;
#2046 = CIRCLE ( 'NONE', #3145, 1.500000000000001332 ) ;
#2047 = DIRECTION ( 'NONE',  ( 0.000000000000000000, 0.000000000000000000, -1.000000000000000000 ) ) ;
#2048 = CARTESIAN_POINT ( 'NONE',  ( 25.53502857718832786, -17.03317133725614951, 0.000000000000000000 ) ) ;
#2049 = AXIS2_PLACEMENT_3D ( 'NONE', #2845, #3397, #918 ) ;
#2050 = VERTEX_POINT ( 'NONE', #402 ) ;
#2051 = CARTESIAN_POINT ( 'NONE',  ( 6.379915765898081403, 0.5015657048662146567, 10.00000000000000000 ) ) ;
#2052 = FACE_OUTER_BOUND ( 'NONE', #2692, .T. ) ;
#2053 = ORIENTED_EDGE ( 'NONE', *, *, #2124, .T. ) ;
#2054 = VERTEX_POINT ( 'NONE', #3372 ) ;
#2055 = CARTESIAN_POINT ( 'NONE',  ( -3.835565439675440658E-13, -46.18711800828255321, 10.00000000000006928 ) ) ;
#2056 = CIRCLE ( 'NONE', #1943, 1.500000000000001332 ) ;
#2057 = DIRECTION ( 'NONE',  ( -1.000000000000000000, 0.000000000000000000, 0.000000000000000000 ) ) ;
#2058 = FACE_OUTER_BOUND ( 'NONE', #632, .T. ) ;
#2059 = EDGE_CURVE ( 'NONE', #1043, #493, #2608, .T. ) ;
#2060 = VERTEX_POINT ( 'NONE', #2860 ) ;
#2061 = EDGE_CURVE ( 'NONE', #2613, #3417, #628, .T. ) ;
#2062 = CARTESIAN_POINT ( 'NONE',  ( 21.37139614189873527, 8.205614931611046714, 10.00000000000000000 ) ) ;
#2063 = LINE ( 'NONE', #3098, #1775 ) ;
#2064 = DIRECTION ( 'NONE',  ( 0.000000000000000000, 0.000000000000000000, -1.000000000000000000 ) ) ;
#2065 = AXIS2_PLACEMENT_3D ( 'NONE', #1772, #2269, #654 ) ;
#2066 = FACE_BOUND ( 'NONE', #2545, .T. ) ;
#2067 = DIRECTION ( 'NONE',  ( -1.000000000000000000, 0.000000000000000000, 0.000000000000000000 ) ) ;
#2068 = VERTEX_POINT ( 'NONE', #91 ) ;
#2069 = ORIENTED_EDGE ( 'NONE', *, *, #2148, .F. ) ;
#2070 = ORIENTED_EDGE ( 'NONE', *, *, #2197, .T. ) ;
#2071 = CARTESIAN_POINT ( 'NONE',  ( -4.879915765898079627, 0.5015657048662119921, 1.354448710382838600E-14 ) ) ;
#2072 = LINE ( 'NONE', #163, #472 ) ;
#2073 = ADVANCED_FACE ( 'NONE', ( #694, #2066, #2584, #1182, #1791, #2315, #387, #2284, #3423, #641, #2887, #2000, #943, #1467, #3103, #1734, #2570, #1483, #123, #3392, #1722, #2824, #352, #2597, #1447, #845, #32, #859, #2170, #2999, #248, #1629, #1339, #3571, #1083, #1125, #3349, #3041, #3021, #2511, #1668, #49, #3081, #876 ), #2786, .F. ) ;
#2074 = CARTESIAN_POINT ( 'NONE',  ( -12.23820319873529172, -6.159226855756934071, 3.396783742819291435E-14 ) ) ;
#2075 = ORIENTED_EDGE ( 'NONE', *, *, #2522, .T. ) ;
#2076 = EDGE_CURVE ( 'NONE', #1269, #2487, #368, .T. ) ;
#2077 = EDGE_CURVE ( 'NONE', #2710, #2477, #577, .T. ) ;
#2078 = CARTESIAN_POINT ( 'NONE',  ( 12.23820319873529527, -6.159226855756928742, 10.00000000000000000 ) ) ;
#2079 = CARTESIAN_POINT ( 'NONE',  ( 12.84008204457473568, -18.87893313116376603, 0.000000000000000000 ) ) ;
#2080 = ORIENTED_EDGE ( 'NONE', *, *, #600, .F. ) ;
#2081 = CARTESIAN_POINT ( 'NONE',  ( 6.379915765898081403, -27.02436017819085734, 10.00000000000000000 ) ) ;
#2082 = ORIENTED_EDGE ( 'NONE', *, *, #2396, .F. ) ;
#2083 = ORIENTED_EDGE ( 'NONE', *, *, #2277, .F. ) ;
#2084 = CARTESIAN_POINT ( 'NONE',  ( 6.938893903907228378E-15, -8.687118008282549653, 10.00000000000000000 ) ) ;
#2085 = CARTESIAN_POINT ( 'NONE',  ( -12.84008204457485647, -31.37893313116377314, 10.00000000000006928 ) ) ;
#2086 = DIRECTION ( 'NONE',  ( 1.000000000000000000, 0.000000000000000000, 0.000000000000000000 ) ) ;
#2087 = VECTOR ( 'NONE', #1409, 1000.000000000000000 ) ;
#2088 = DIRECTION ( 'NONE',  ( -0.000000000000000000, -0.000000000000000000, -1.000000000000000000 ) ) ;
#2089 = CIRCLE ( 'NONE', #3076, 1.500000000000000444 ) ;
#2090 = AXIS2_PLACEMENT_3D ( 'NONE', #2422, #2719, #2222 ) ;
#2091 = DIRECTION ( 'NONE',  ( 1.000000000000000000, 5.782411586589351722E-16, -2.775557561562891351E-15 ) ) ;
#2092 = EDGE_CURVE ( 'NONE', #3208, #920, #608, .T. ) ;
#2093 = VECTOR ( 'NONE', #2888, 1000.000000000000000 ) ;
#2094 = EDGE_CURVE ( 'NONE', #1178, #2618, #295, .T. ) ;
#2095 = CYLINDRICAL_SURFACE ( 'NONE', #3199, 1.500000000000001332 ) ;
#2096 = CIRCLE ( 'NONE', #87, 1.499999999999999556 ) ;
#2097 = PLANE ( 'NONE',  #1116 ) ;
#2098 = EDGE_LOOP ( 'NONE', ( #2286, #3323 ) ) ;
#2099 = DIRECTION ( 'NONE',  ( -1.000000000000000000, 0.000000000000000000, 2.312964634635740689E-15 ) ) ;
#2100 = EDGE_CURVE ( 'NONE', #1955, #2788, #3296, .T. ) ;
#2101 = CIRCLE ( 'NONE', #839, 1.500000000000001332 ) ;
#2102 = EDGE_LOOP ( 'NONE', ( #637, #1201 ) ) ;
#2103 = DIRECTION ( 'NONE',  ( 0.000000000000000000, 0.000000000000000000, -1.000000000000000000 ) ) ;
#2104 = CIRCLE ( 'NONE', #843, 1.500000000000001332 ) ;
#2105 = EDGE_LOOP ( 'NONE', ( #927, #1749 ) ) ;
#2106 = ADVANCED_FACE ( 'NONE', ( #1648 ), #1379, .F. ) ;
#2107 = VERTEX_POINT ( 'NONE', #1941 ) ;
#2108 = CARTESIAN_POINT ( 'NONE',  ( 6.379915765897821167, -39.38490441556260890, 10.00000000000006928 ) ) ;
#2109 = DIRECTION ( 'NONE',  ( -2.775557561562892140E-15, -6.293636852642899475E-31, -1.000000000000000000 ) ) ;
#2110 = DIRECTION ( 'NONE',  ( 1.000000000000000000, 4.336808689942013792E-16, -2.312964634635740689E-15 ) ) ;
#2111 = CIRCLE ( 'NONE', #558, 1.500000000000001332 ) ;
#2112 = CARTESIAN_POINT ( 'NONE',  ( 1.499999999999747757, -33.68711800828255321, 10.00000000000006928 ) ) ;
#2113 = ORIENTED_EDGE ( 'NONE', *, *, #2512, .F. ) ;
#2114 = DIRECTION ( 'NONE',  ( -1.000000000000000000, 0.000000000000000000, 0.000000000000000000 ) ) ;
#2115 = LINE ( 'NONE', #1316, #1419 ) ;
#2116 = FACE_BOUND ( 'NONE', #1547, .T. ) ;
#2117 = EDGE_LOOP ( 'NONE', ( #2739, #2982, #1075, #669 ) ) ;
#2118 = FACE_OUTER_BOUND ( 'NONE', #1396, .T. ) ;
#2119 = EDGE_CURVE ( 'NONE', #3026, #733, #461, .T. ) ;
#2120 = DIRECTION ( 'NONE',  ( -1.000000000000000000, 0.000000000000000000, 0.000000000000000000 ) ) ;
#2121 = ORIENTED_EDGE ( 'NONE', *, *, #1559, .T. ) ;
#2122 = FACE_OUTER_BOUND ( 'NONE', #2457, .T. ) ;
#2123 = DIRECTION ( 'NONE',  ( -2.775557561562892140E-15, -6.293636852642899475E-31, -1.000000000000000000 ) ) ;
#2124 = EDGE_CURVE ( 'NONE', #2985, #2219, #1551, .T. ) ;
#2125 = PRODUCT_DEFINITION_CONTEXT ( 'detailed design', #2672, 'design' ) ;
#2126 = CARTESIAN_POINT ( 'NONE',  ( -20.00000000000001421, 32.50000000000000000, 10.00000000000000000 ) ) ;
#2127 = AXIS2_PLACEMENT_3D ( 'NONE', #2856, #955, #384 ) ;
#2128 = ORIENTED_EDGE ( 'NONE', *, *, #1981, .F. ) ;
#2129 = CARTESIAN_POINT ( 'NONE',  ( -1.499999999999994005, -8.687118008282549653, 10.00000000000000000 ) ) ;
#2130 = AXIS2_PLACEMENT_3D ( 'NONE', #585, #3334, #2436 ) ;
#2131 = CYLINDRICAL_SURFACE ( 'NONE', #459, 1.500000000000001332 ) ;
#2132 = VERTEX_POINT ( 'NONE', #364 ) ;
#2133 = FACE_OUTER_BOUND ( 'NONE', #1402, .T. ) ;
#2134 = DIRECTION ( 'NONE',  ( -2.775557561562892140E-15, -6.293636852642899475E-31, -1.000000000000000000 ) ) ;
#2135 = EDGE_LOOP ( 'NONE', ( #2314, #1036, #1114, #2416 ) ) ;
#2136 = AXIS2_PLACEMENT_3D ( 'NONE', #819, #1376, #2727 ) ;
#2137 = DIRECTION ( 'NONE',  ( 0.000000000000000000, 0.000000000000000000, -1.000000000000000000 ) ) ;
#2138 = EDGE_LOOP ( 'NONE', ( #2462, #176 ) ) ;
#2139 = CIRCLE ( 'NONE', #3411, 1.500000000000001332 ) ;
#2140 = CARTESIAN_POINT ( 'NONE',  ( 6.379915765897690605, -51.88490441556261601, 10.00000000000006928 ) ) ;
#2141 = DIRECTION ( 'NONE',  ( -0.000000000000000000, -0.000000000000000000, -1.000000000000000000 ) ) ;
#2142 = FACE_OUTER_BOUND ( 'NONE', #1306, .T. ) ;
#2143 = AXIS2_PLACEMENT_3D ( 'NONE', #3398, #3361, #109 ) ;
#2144 = CARTESIAN_POINT ( 'NONE',  ( -22.87139614189871395, 8.205614931611036056, 10.00000000000006395 ) ) ;
#2145 = EDGE_CURVE ( 'NONE', #1693, #880, #16, .T. ) ;
#2146 = DIRECTION ( 'NONE',  ( -0.000000000000000000, -0.000000000000000000, -1.000000000000000000 ) ) ;
#2147 = ORIENTED_EDGE ( 'NONE', *, *, #377, .F. ) ;
#2148 = EDGE_CURVE ( 'NONE', #3554, #2060, #3237, .T. ) ;
#2149 = CIRCLE ( 'NONE', #1627, 1.500000000000001332 ) ;
#2150 = CARTESIAN_POINT ( 'NONE',  ( 6.379915765898081403, -27.02436017819085734, 0.000000000000000000 ) ) ;
#2151 = AXIS2_PLACEMENT_3D ( 'NONE', #1367, #3267, #3559 ) ;
#2152 = DIRECTION ( 'NONE',  ( -0.000000000000000000, -0.000000000000000000, -1.000000000000000000 ) ) ;
#2153 = DIRECTION ( 'NONE',  ( -2.775557561562892140E-15, -6.293636852642899475E-31, -1.000000000000000000 ) ) ;
#2154 = ORIENTED_EDGE ( 'NONE', *, *, #1829, .T. ) ;
#2155 = ORIENTED_EDGE ( 'NONE', *, *, #3342, .F. ) ;
#2156 = AXIS2_PLACEMENT_3D ( 'NONE', #2401, #2749, #3000 ) ;
#2157 = FACE_OUTER_BOUND ( 'NONE', #842, .T. ) ;
#2158 = ORIENTED_EDGE ( 'NONE', *, *, #2124, .F. ) ;
#2159 = VECTOR ( 'NONE', #3298, 1000.000000000000000 ) ;
#2160 = ORIENTED_EDGE ( 'NONE', *, *, #272, .T. ) ;
#2161 = AXIS2_PLACEMENT_3D ( 'NONE', #2144, #1703, #1892 ) ;
#2162 = CARTESIAN_POINT ( 'NONE',  ( 22.56575960438041761, -24.89772158955816650, 10.00000000000000000 ) ) ;
#2163 = CARTESIAN_POINT ( 'NONE',  ( 11.34008204457473390, -18.87893313116376603, 0.000000000000000000 ) ) ;
#2164 = DIRECTION ( 'NONE',  ( -2.775557561562892140E-15, -6.293636852642899475E-31, -1.000000000000000000 ) ) ;
#2165 = ORIENTED_EDGE ( 'NONE', *, *, #329, .T. ) ;
#2166 = DIRECTION ( 'NONE',  ( -2.775557561562891745E-15, -6.293636852642898599E-31, -1.000000000000000000 ) ) ;
#2167 = CYLINDRICAL_SURFACE ( 'NONE', #544, 1.500000000000003109 ) ;
#2168 = LINE ( 'NONE', #1897, #241 ) ;
#2169 = DIRECTION ( 'NONE',  ( 1.000000000000000000, 4.336808689942013792E-16, -2.775557561562887407E-15 ) ) ;
#2170 = FACE_BOUND ( 'NONE', #1094, .T. ) ;
#2171 = DIRECTION ( 'NONE',  ( -0.000000000000000000, -0.000000000000000000, -1.000000000000000000 ) ) ;
#2172 = ORIENTED_EDGE ( 'NONE', *, *, #3474, .F. ) ;
#2173 = VERTEX_POINT ( 'NONE', #1003 ) ;
#2174 = DIRECTION ( 'NONE',  ( 1.067522139062650425E-16, -1.000000000000000000, 0.000000000000000000 ) ) ;
#2175 = CARTESIAN_POINT ( 'NONE',  ( -19.91749268268685569, -11.21500916080822918, 10.00000000000005329 ) ) ;
#2176 = DIRECTION ( 'NONE',  ( 1.000000000000000000, 0.000000000000000000, 0.000000000000000000 ) ) ;
#2177 = EDGE_CURVE ( 'NONE', #639, #751, #1386, .T. ) ;
#2178 = EDGE_LOOP ( 'NONE', ( #1765, #73 ) ) ;
#2179 = CARTESIAN_POINT ( 'NONE',  ( -7.879915765898335422, -39.38490441556261601, 0.000000000000000000 ) ) ;
#2180 = DIRECTION ( 'NONE',  ( -2.775557561562892140E-15, -6.293636852642899475E-31, -1.000000000000000000 ) ) ;
#2181 = EDGE_CURVE ( 'NONE', #733, #3026, #128, .T. ) ;
#2182 = ORIENTED_EDGE ( 'NONE', *, *, #1099, .F. ) ;
#2183 = VERTEX_POINT ( 'NONE', #1800 ) ;
#2184 = CARTESIAN_POINT ( 'NONE',  ( -12.84008204457511759, -56.37893313116378380, 10.00000000000006928 ) ) ;
#2185 = DIRECTION ( 'NONE',  ( -1.000000000000000000, 0.000000000000000000, 0.000000000000000000 ) ) ;
#2186 = CYLINDRICAL_SURFACE ( 'NONE', #3365, 1.500000000000001332 ) ;
#2187 = VERTEX_POINT ( 'NONE', #1259 ) ;
#2188 = EDGE_CURVE ( 'NONE', #2250, #1427, #2139, .T. ) ;
#2189 = CARTESIAN_POINT ( 'NONE',  ( 4.879915765897819391, -39.38490441556260890, 10.00000000000006928 ) ) ;
#2190 = ORIENTED_EDGE ( 'NONE', *, *, #120, .F. ) ;
#2191 = ORIENTED_EDGE ( 'NONE', *, *, #2470, .F. ) ;
#2192 = CIRCLE ( 'NONE', #3525, 1.500000000000003109 ) ;
#2193 = FACE_OUTER_BOUND ( 'NONE', #1832, .T. ) ;
#2194 = ORIENTED_EDGE ( 'NONE', *, *, #2852, .F. ) ;
#2195 = CARTESIAN_POINT ( 'NONE',  ( 4.879915765897819391, -39.38490441556260890, 0.000000000000000000 ) ) ;
#2196 = AXIS2_PLACEMENT_3D ( 'NONE', #921, #2264, #430 ) ;
#2197 = EDGE_CURVE ( 'NONE', #1571, #2054, #2648, .T. ) ;
#2198 = CIRCLE ( 'NONE', #2653, 1.500000000000001332 ) ;
#2199 = CARTESIAN_POINT ( 'NONE',  ( -22.06889101411282184, -1.384321345430710393, 6.125347732952819297E-14 ) ) ;
#2200 = EDGE_LOOP ( 'NONE', ( #1100, #2346, #2460, #2925 ) ) ;
#2201 = DIRECTION ( 'NONE',  ( -1.000000000000000000, 0.000000000000000000, 0.000000000000000000 ) ) ;
#2202 = LINE ( 'NONE', #242, #3434 ) ;
#2203 = ORIENTED_EDGE ( 'NONE', *, *, #1804, .F. ) ;
#2204 = EDGE_LOOP ( 'NONE', ( #3099, #2458, #1926, #3321 ) ) ;
#2205 = DIRECTION ( 'NONE',  ( -0.000000000000000000, -0.000000000000000000, -1.000000000000000000 ) ) ;
#2206 = DIRECTION ( 'NONE',  ( -2.135044278125300850E-16, 1.000000000000000000, -0.000000000000000000 ) ) ;
#2207 = EDGE_CURVE ( 'NONE', #2107, #1475, #1034, .T. ) ;
#2208 = AXIS2_PLACEMENT_3D ( 'NONE', #2709, #1041, #245 ) ;
#2209 = CARTESIAN_POINT ( 'NONE',  ( 16.91749268268688411, -11.21500916080822030, 0.000000000000000000 ) ) ;
#2210 = ORIENTED_EDGE ( 'NONE', *, *, #2059, .T. ) ;
#2211 = CIRCLE ( 'NONE', #1167, 1.500000000000001332 ) ;
#2212 = DIRECTION ( 'NONE',  ( 0.000000000000000000, -1.000000000000000000, 0.000000000000000000 ) ) ;
#2213 = LINE ( 'NONE', #1923, #1511 ) ;
#2214 = VERTEX_POINT ( 'NONE', #2359 ) ;
#2215 = EDGE_CURVE ( 'NONE', #2912, #437, #2363, .T. ) ;
#2216 = ORIENTED_EDGE ( 'NONE', *, *, #506, .F. ) ;
#2217 = AXIS2_PLACEMENT_3D ( 'NONE', #3174, #3424, #2909 ) ;
#2218 = DIRECTION ( 'NONE',  ( -1.000000000000000000, 0.000000000000000000, 0.000000000000000000 ) ) ;
#2219 = VERTEX_POINT ( 'NONE', #2800 ) ;
#2220 = CIRCLE ( 'NONE', #941, 1.500000000000001332 ) ;
#2221 = AXIS2_PLACEMENT_3D ( 'NONE', #3335, #1463, #330 ) ;
#2222 = DIRECTION ( 'NONE',  ( -1.000000000000000000, 0.000000000000000000, 0.000000000000000000 ) ) ;
#2223 = ADVANCED_FACE ( 'NONE', ( #2919 ), #447, .F. ) ;
#2224 = DIRECTION ( 'NONE',  ( -1.000000000000000000, 0.000000000000000000, 0.000000000000000000 ) ) ;
#2225 = AXIS2_PLACEMENT_3D ( 'NONE', #2993, #1356, #6 ) ;
#2226 = CARTESIAN_POINT ( 'NONE',  ( 22.56575960438015827, -49.89772158955817360, 0.000000000000000000 ) ) ;
#2227 = VERTEX_POINT ( 'NONE', #703 ) ;
#2228 = CARTESIAN_POINT ( 'NONE',  ( 30.00000000000000355, 32.50000000000000000, 10.00000000000000000 ) ) ;
#2229 = DIRECTION ( 'NONE',  ( -1.000000000000000000, 0.000000000000000000, 0.000000000000000000 ) ) ;
#2230 = EDGE_LOOP ( 'NONE', ( #422, #370 ) ) ;
#2231 = EDGE_CURVE ( 'NONE', #132, #2173, #2828, .T. ) ;
#2232 = DIRECTION ( 'NONE',  ( -0.000000000000000000, 0.000000000000000000, 1.000000000000000000 ) ) ;
#2234 = AXIS2_PLACEMENT_3D ( 'NONE', #1205, #1525, #2039 ) ;
#2233 = FACE_OUTER_BOUND ( 'NONE', #827, .T. ) ;
#2235 = ORIENTED_EDGE ( 'NONE', *, *, #204, .F. ) ;
#2236 = EDGE_LOOP ( 'NONE', ( #3262, #1678, #2963, #3175 ) ) ;
#2237 = DIRECTION ( 'NONE',  ( -2.775557561562892140E-15, -6.293636852642899475E-31, -1.000000000000000000 ) ) ;
#2238 = EDGE_CURVE ( 'NONE', #1671, #529, #1268, .T. ) ;
#2239 = CIRCLE ( 'NONE', #1304, 1.500000000000001332 ) ;
#2240 = DIRECTION ( 'NONE',  ( -1.000000000000000000, 0.000000000000000000, 0.000000000000000000 ) ) ;
#2241 = ORIENTED_EDGE ( 'NONE', *, *, #1449, .F. ) ;
#2242 = EDGE_CURVE ( 'NONE', #1774, #1706, #184, .T. ) ;
#2243 = DIRECTION ( 'NONE',  ( -1.000000000000000000, 0.000000000000000000, 0.000000000000000000 ) ) ;
#2244 = LINE ( 'NONE', #58, #644 ) ;
#2245 = EDGE_LOOP ( 'NONE', ( #2927, #1568 ) ) ;
#2246 = CARTESIAN_POINT ( 'NONE',  ( -29.99999999999999289, 32.50000000000000000, 10.00000000000000000 ) ) ;
#2247 = DIRECTION ( 'NONE',  ( 1.000000000000000000, 0.000000000000000000, -2.775557561562891351E-15 ) ) ;
#2248 = EDGE_LOOP ( 'NONE', ( #1287, #1637 ) ) ;
#2249 = CARTESIAN_POINT ( 'NONE',  ( -12.23820319873526330, -6.159226855756934071, 10.00000000000003553 ) ) ;
#2250 = VERTEX_POINT ( 'NONE', #1193 ) ;
#2251 = CARTESIAN_POINT ( 'NONE',  ( -6.379915765898464208, -51.88490441556262311, 0.000000000000000000 ) ) ;
#2252 = ORIENTED_EDGE ( 'NONE', *, *, #2474, .T. ) ;
#2253 = CARTESIAN_POINT ( 'NONE',  ( -27.99999999999998934, 30.50000000000000000, 10.00000000000000000 ) ) ;
#2254 = EDGE_CURVE ( 'NONE', #1013, #1417, #2294, .T. ) ;
#2255 = EDGE_LOOP ( 'NONE', ( #3015, #3388 ) ) ;
#2256 = ADVANCED_FACE ( 'NONE', ( #1526 ), #3368, .F. ) ;
#2257 = AXIS2_PLACEMENT_3D ( 'NONE', #1933, #1113, #43 ) ;
#2258 = DIRECTION ( 'NONE',  ( 1.000000000000000000, 0.000000000000000000, -2.312964634635740689E-15 ) ) ;
#2259 = CARTESIAN_POINT ( 'NONE',  ( 4.879915765898081403, -27.02436017819085734, 10.00000000000000000 ) ) ;
#2260 = FACE_OUTER_BOUND ( 'NONE', #550, .T. ) ;
#2261 = EDGE_CURVE ( 'NONE', #529, #1671, #66, .T. ) ;
#2262 = ORIENTED_EDGE ( 'NONE', *, *, #2778, .F. ) ;
#2263 = EDGE_CURVE ( 'NONE', #449, #516, #1276, .T. ) ;
#2264 = DIRECTION ( 'NONE',  ( 2.775557561562891745E-15, 6.293636852642898599E-31, 1.000000000000000000 ) ) ;
#2265 = CARTESIAN_POINT ( 'NONE',  ( -21.06575960438066630, -49.89772158955818071, 10.00000000000006928 ) ) ;
#2266 = ORIENTED_EDGE ( 'NONE', *, *, #2427, .T. ) ;
#2267 = LINE ( 'NONE', #1854, #428 ) ;
#2268 = CIRCLE ( 'NONE', #888, 1.500000000000001332 ) ;
#2269 = DIRECTION ( 'NONE',  ( 0.000000000000000000, 0.000000000000000000, -1.000000000000000000 ) ) ;
#2270 = FACE_OUTER_BOUND ( 'NONE', #1104, .T. ) ;
#2271 = CIRCLE ( 'NONE', #3138, 1.500000000000001332 ) ;
#2272 = CIRCLE ( 'NONE', #836, 1.500000000000001332 ) ;
#2273 = CARTESIAN_POINT ( 'NONE',  ( 12.84008204457460600, -31.37893313116376603, 10.00000000000006928 ) ) ;
#2274 = CARTESIAN_POINT ( 'NONE',  ( 7.879915765898080515, -27.02436017819085734, 10.00000000000000000 ) ) ;
#2275 = AXIS2_PLACEMENT_3D ( 'NONE', #116, #2384, #670 ) ;
#2276 = EDGE_LOOP ( 'NONE', ( #143, #2069 ) ) ;
#2277 = EDGE_CURVE ( 'NONE', #2434, #9, #2192, .T. ) ;
#2278 = AXIS2_PLACEMENT_3D ( 'NONE', #2319, #2573, #108 ) ;
#2279 = DIRECTION ( 'NONE',  ( 2.775557561562891745E-15, 6.293636852642898599E-31, 1.000000000000000000 ) ) ;
#2280 = CARTESIAN_POINT ( 'NONE',  ( 21.06575960438015827, -49.89772158955817360, 10.00000000000006928 ) ) ;
#2281 = VERTEX_POINT ( 'NONE', #1353 ) ;
#2282 = FACE_BOUND ( 'NONE', #1466, .T. ) ;
#2283 = EDGE_LOOP ( 'NONE', ( #1543, #2262 ) ) ;
#2284 = FACE_BOUND ( 'NONE', #14, .T. ) ;
#2285 = DIRECTION ( 'NONE',  ( -1.000000000000000000, 0.000000000000000000, 2.312964634635740689E-15 ) ) ;
#2286 = ORIENTED_EDGE ( 'NONE', *, *, #355, .F. ) ;
#2287 = DIRECTION ( 'NONE',  ( 0.000000000000000000, 0.000000000000000000, -1.000000000000000000 ) ) ;
#2288 = LINE ( 'NONE', #378, #131 ) ;
#2289 = VECTOR ( 'NONE', #1344, 1000.000000000000000 ) ;
#2290 = ORIENTED_EDGE ( 'NONE', *, *, #376, .F. ) ;
#2291 = EDGE_CURVE ( 'NONE', #268, #2183, #697, .T. ) ;
#2292 = DIRECTION ( 'NONE',  ( 0.000000000000000000, 0.000000000000000000, -1.000000000000000000 ) ) ;
#2293 = ADVANCED_FACE ( 'NONE', ( #2742 ), #3542, .F. ) ;
#2294 = LINE ( 'NONE', #1542, #638 ) ;
#2295 = DIRECTION ( 'NONE',  ( 0.000000000000000000, 0.000000000000000000, -1.000000000000000000 ) ) ;
#2296 = ORIENTED_EDGE ( 'NONE', *, *, #2563, .T. ) ;
#2297 = FACE_BOUND ( 'NONE', #2283, .T. ) ;
#2298 = EDGE_CURVE ( 'NONE', #3135, #1646, #1438, .T. ) ;
#2299 = EDGE_LOOP ( 'NONE', ( #2362, #587 ) ) ;
#2300 = CARTESIAN_POINT ( 'NONE',  ( -12.84008204457485647, -31.37893313116377314, 10.00000000000006928 ) ) ;
#2301 = VERTEX_POINT ( 'NONE', #1837 ) ;
#2302 = DIRECTION ( 'NONE',  ( -0.000000000000000000, -0.000000000000000000, -1.000000000000000000 ) ) ;
#2303 = DIRECTION ( 'NONE',  ( -2.775557561562892140E-15, -6.293636852642899475E-31, -1.000000000000000000 ) ) ;
#2304 = FACE_BOUND ( 'NONE', #3295, .T. ) ;
#2305 = ORIENTED_EDGE ( 'NONE', *, *, #912, .F. ) ;
#2306 = AXIS2_PLACEMENT_3D ( 'NONE', #551, #3297, #1062 ) ;
#2307 = FACE_OUTER_BOUND ( 'NONE', #946, .T. ) ;
#2308 = ORIENTED_EDGE ( 'NONE', *, *, #3419, .F. ) ;
#2309 = LINE ( 'NONE', #2903, #1695 ) ;
#2310 = DIRECTION ( 'NONE',  ( 0.000000000000000000, 0.000000000000000000, -1.000000000000000000 ) ) ;
#2311 = ORIENTED_EDGE ( 'NONE', *, *, #2355, .F. ) ;
#2312 = DIRECTION ( 'NONE',  ( 1.000000000000000000, 0.000000000000000000, 0.000000000000000000 ) ) ;
#2313 = ORIENTED_EDGE ( 'NONE', *, *, #2263, .F. ) ;
#2314 = ORIENTED_EDGE ( 'NONE', *, *, #1388, .F. ) ;
#2315 = FACE_BOUND ( 'NONE', #1578, .T. ) ;
#2316 = ADVANCED_FACE ( 'NONE', ( #2937 ), #2131, .F. ) ;
#2317 = LINE ( 'NONE', #2370, #3254 ) ;
#2318 = ORIENTED_EDGE ( 'NONE', *, *, #165, .F. ) ;
#2319 = CARTESIAN_POINT ( 'NONE',  ( -25.75000000000002842, 27.74999999999998579, 7.147060721024451540E-14 ) ) ;
#2320 = EDGE_CURVE ( 'NONE', #1891, #2281, #3467, .T. ) ;
#2321 = CARTESIAN_POINT ( 'NONE',  ( 12.84008204457434488, -56.37893313116376959, 10.00000000000006928 ) ) ;
#2322 = CARTESIAN_POINT ( 'NONE',  ( -3.835565439675440658E-13, -46.18711800828255321, 0.000000000000000000 ) ) ;
#2323 = ORIENTED_EDGE ( 'NONE', *, *, #2059, .F. ) ;
#2324 = AXIS2_PLACEMENT_3D ( 'NONE', #1197, #2334, #144 ) ;
#2325 = CIRCLE ( 'NONE', #258, 0.5999999999999998668 ) ;
#2326 = DIRECTION ( 'NONE',  ( 0.000000000000000000, 0.000000000000000000, -1.000000000000000000 ) ) ;
#2327 = AXIS2_PLACEMENT_3D ( 'NONE', #2446, #2806, #1428 ) ;
#2328 = EDGE_LOOP ( 'NONE', ( #620, #1105, #283, #3010 ) ) ;
#2329 = CIRCLE ( 'NONE', #3553, 1.500000000000001332 ) ;
#2330 = CARTESIAN_POINT ( 'NONE',  ( -7.879915765898040547, -27.02436017819086089, 10.00000000000002132 ) ) ;
#2331 = CARTESIAN_POINT ( 'NONE',  ( -23.56889101411282184, -1.384321345430710393, 6.541681367187252999E-14 ) ) ;
#2332 = ORIENTED_EDGE ( 'NONE', *, *, #2643, .T. ) ;
#2333 = ORIENTED_EDGE ( 'NONE', *, *, #742, .T. ) ;
#2334 = DIRECTION ( 'NONE',  ( 2.775557561562891745E-15, 6.293636852642898599E-31, 1.000000000000000000 ) ) ;
#2335 = FACE_OUTER_BOUND ( 'NONE', #90, .T. ) ;
#2336 = EDGE_LOOP ( 'NONE', ( #2498, #2241, #8, #864 ) ) ;
#2337 = ADVANCED_FACE ( 'NONE', ( #1709 ), #834, .F. ) ;
#2338 = DIRECTION ( 'NONE',  ( -1.000000000000000000, 0.000000000000000000, 0.000000000000000000 ) ) ;
#2339 = DIRECTION ( 'NONE',  ( -1.000000000000000000, 0.000000000000000000, 0.000000000000000000 ) ) ;
#2340 = AXIS2_PLACEMENT_3D ( 'NONE', #1245, #2347, #3457 ) ;
#2341 = CARTESIAN_POINT ( 'NONE',  ( 14.34008204457447633, -43.87893313116376959, 10.00000000000006928 ) ) ;
#2342 = DIRECTION ( 'NONE',  ( -1.000000000000000000, 0.000000000000000000, 2.312964634635740689E-15 ) ) ;
#2343 = AXIS2_PLACEMENT_3D ( 'NONE', #2933, #2700, #1850 ) ;
#2344 = ORIENTED_EDGE ( 'NONE', *, *, #485, .T. ) ;
#2345 = PLANE ( 'NONE',  #2275 ) ;
#2346 = ORIENTED_EDGE ( 'NONE', *, *, #395, .T. ) ;
#2347 = DIRECTION ( 'NONE',  ( 0.000000000000000000, 0.000000000000000000, -1.000000000000000000 ) ) ;
#2348 = CARTESIAN_POINT ( 'NONE',  ( 6.379915765898081403, -14.38490441556261068, 10.00000000000000000 ) ) ;
#2349 = VERTEX_POINT ( 'NONE', #869 ) ;
#2350 = DIRECTION ( 'NONE',  ( -1.000000000000000000, 0.000000000000000000, 0.000000000000000000 ) ) ;
#2351 = VERTEX_POINT ( 'NONE', #900 ) ;
#2352 = ORIENTED_EDGE ( 'NONE', *, *, #1430, .F. ) ;
#2353 = CARTESIAN_POINT ( 'NONE',  ( 1.500000000000012879, -22.20932941147529505, 10.00000000000000000 ) ) ;
#2354 = LINE ( 'NONE', #3463, #2493 ) ;
#2355 = EDGE_CURVE ( 'NONE', #1838, #3001, #518, .T. ) ;
#2356 = DIRECTION ( 'NONE',  ( 0.000000000000000000, 0.000000000000000000, -1.000000000000000000 ) ) ;
#2357 = LINE ( 'NONE', #1220, #273 ) ;
#2358 = DIRECTION ( 'NONE',  ( 0.000000000000000000, 0.000000000000000000, -1.000000000000000000 ) ) ;
#2359 = CARTESIAN_POINT ( 'NONE',  ( -11.34008204457472502, -18.87893313116376959, 3.147505046756296733E-14 ) ) ;
#2360 = ADVANCED_FACE ( 'NONE', ( #618 ), #576, .F. ) ;
#2361 = AXIS2_PLACEMENT_3D ( 'NONE', #2694, #1011, #228 ) ;
#2362 = ORIENTED_EDGE ( 'NONE', *, *, #2643, .F. ) ;
#2363 = CIRCLE ( 'NONE', #3126, 1.500000000000001332 ) ;
#2364 = ADVANCED_FACE ( 'NONE', ( #3343 ), #3106, .F. ) ;
#2365 = CYLINDRICAL_SURFACE ( 'NONE', #2555, 1.500000000000001332 ) ;
#2366 = DIRECTION ( 'NONE',  ( 0.000000000000000000, 0.000000000000000000, -1.000000000000000000 ) ) ;
#2367 = CYLINDRICAL_SURFACE ( 'NONE', #647, 1.500000000000001332 ) ;
#2368 = ORIENTED_EDGE ( 'NONE', *, *, #664, .F. ) ;
#2369 = CIRCLE ( 'NONE', #1910, 1.500000000000001332 ) ;
#2370 = CARTESIAN_POINT ( 'NONE',  ( -7.879915765898465985, -51.88490441556262311, 10.00000000000006928 ) ) ;
#2371 = ORIENTED_EDGE ( 'NONE', *, *, #1981, .T. ) ;
#2372 = ORIENTED_EDGE ( 'NONE', *, *, #3380, .T. ) ;
#2373 = CARTESIAN_POINT ( 'NONE',  ( -29.99999999999998224, -52.49999999999999289, 0.000000000000000000 ) ) ;
#2374 = UNCERTAINTY_MEASURE_WITH_UNIT (LENGTH_MEASURE( 1.000000000000000082E-05 ), #1600, 'distance_accuracy_value', 'NONE');
#2375 = DIRECTION ( 'NONE',  ( -1.000000000000000000, 0.000000000000000000, 0.000000000000000000 ) ) ;
#2376 = AXIS2_PLACEMENT_3D ( 'NONE', #1122, #2748, #2229 ) ;
#2377 = DIRECTION ( 'NONE',  ( -0.000000000000000000, -0.000000000000000000, -1.000000000000000000 ) ) ;
#2378 = FACE_OUTER_BOUND ( 'NONE', #1843, .T. ) ;
#2379 = CIRCLE ( 'NONE', #1279, 1.500000000000000444 ) ;
#2380 = CARTESIAN_POINT ( 'NONE',  ( 25.75000000000001421, 27.74999999999999645, 10.00000000000000000 ) ) ;
#2381 = CIRCLE ( 'NONE', #2217, 20.00000000000001421 ) ;
#2382 = EDGE_CURVE ( 'NONE', #2655, #2870, #1725, .T. ) ;
#2383 = AXIS2_PLACEMENT_3D ( 'NONE', #1127, #1994, #636 ) ;
#2384 = DIRECTION ( 'NONE',  ( 0.000000000000000000, 1.000000000000000000, 0.000000000000000000 ) ) ;
#2385 = DIRECTION ( 'NONE',  ( 0.000000000000000000, 0.000000000000000000, -1.000000000000000000 ) ) ;
#2386 = ORIENTED_EDGE ( 'NONE', *, *, #238, .F. ) ;
#2387 = CARTESIAN_POINT ( 'NONE',  ( 26.35000000000001563, 27.74999999999999645, 10.00000000000000000 ) ) ;
#2388 = CIRCLE ( 'NONE', #2851, 1.500000000000001332 ) ;
#2389 = ORIENTED_EDGE ( 'NONE', *, *, #2061, .F. ) ;
#2390 = ORIENTED_EDGE ( 'NONE', *, *, #3422, .F. ) ;
#2391 = ORIENTED_EDGE ( 'NONE', *, *, #506, .T. ) ;
#2392 = CARTESIAN_POINT ( 'NONE',  ( 1.149254302834634700E-14, -22.20932941147529505, 0.000000000000000000 ) ) ;
#2393 = DIRECTION ( 'NONE',  ( 0.000000000000000000, 0.000000000000000000, -1.000000000000000000 ) ) ;
#2394 = ORIENTED_EDGE ( 'NONE', *, *, #224, .T. ) ;
#2395 = AXIS2_PLACEMENT_3D ( 'NONE', #2108, #2141, #3558 ) ;
#2396 = EDGE_CURVE ( 'NONE', #1774, #2214, #1966, .T. ) ;
#2397 = EDGE_CURVE ( 'NONE', #726, #3482, #1613, .T. ) ;
#2398 = AXIS2_PLACEMENT_3D ( 'NONE', #1481, #2064, #3441 ) ;
#2399 = FACE_BOUND ( 'NONE', #1806, .T. ) ;
#2400 = EDGE_LOOP ( 'NONE', ( #482, #3110, #379, #818 ) ) ;
#2401 = CARTESIAN_POINT ( 'NONE',  ( 12.23820319873529527, -6.159226855756928742, 10.00000000000000000 ) ) ;
#2402 = VERTEX_POINT ( 'NONE', #357 ) ;
#2403 = EDGE_CURVE ( 'NONE', #1706, #1774, #2712, .T. ) ;
#2404 = CARTESIAN_POINT ( 'NONE',  ( -3.835565439675440658E-13, -46.18711800828255321, 10.00000000000006928 ) ) ;
#2405 = LINE ( 'NONE', #2966, #1827 ) ;
#2406 = CARTESIAN_POINT ( 'NONE',  ( 7.879915765898080515, -27.02436017819085734, 10.00000000000000000 ) ) ;
#2407 = CIRCLE ( 'NONE', #1957, 1.500000000000001332 ) ;
#2408 = EDGE_CURVE ( 'NONE', #2281, #1891, #126, .T. ) ;
#2409 = DIRECTION ( 'NONE',  ( 2.775557561562891745E-15, 6.293636852642898599E-31, 1.000000000000000000 ) ) ;
#2410 = ORIENTED_EDGE ( 'NONE', *, *, #2512, .T. ) ;
#2411 = DIRECTION ( 'NONE',  ( 0.000000000000000000, 0.000000000000000000, -1.000000000000000000 ) ) ;
#2412 = DIRECTION ( 'NONE',  ( -0.000000000000000000, -0.000000000000000000, -1.000000000000000000 ) ) ;
#2413 = DIRECTION ( 'NONE',  ( 0.000000000000000000, -0.000000000000000000, 1.000000000000000000 ) ) ;
#2414 = DIRECTION ( 'NONE',  ( -0.000000000000000000, -0.000000000000000000, -1.000000000000000000 ) ) ;
#2415 = DIRECTION ( 'NONE',  ( -1.000000000000000000, 0.000000000000000000, 2.312964634635740689E-15 ) ) ;
#2416 = ORIENTED_EDGE ( 'NONE', *, *, #606, .T. ) ;
#2417 = VECTOR ( 'NONE', #2002, 1000.000000000000000 ) ;
#2418 = CARTESIAN_POINT ( 'NONE',  ( -24.37139614189874237, 8.205614931611036056, 6.764421284749172508E-14 ) ) ;
#2419 = EDGE_LOOP ( 'NONE', ( #901, #264, #3299, #3395 ) ) ;
#2420 = FACE_OUTER_BOUND ( 'NONE', #1667, .T. ) ;
#2421 = EDGE_CURVE ( 'NONE', #3310, #2838, #1153, .T. ) ;
#2422 = CARTESIAN_POINT ( 'NONE',  ( 6.379915765898081403, -14.38490441556261068, 0.000000000000000000 ) ) ;
#2423 = EDGE_LOOP ( 'NONE', ( #3565, #3557 ) ) ;
#2424 = CYLINDRICAL_SURFACE ( 'NONE', #262, 1.500000000000001332 ) ;
#2425 = DIRECTION ( 'NONE',  ( -0.000000000000000000, -0.000000000000000000, -1.000000000000000000 ) ) ;
#2426 = EDGE_LOOP ( 'NONE', ( #2650, #2235, #105, #2502 ) ) ;
#2427 = EDGE_CURVE ( 'NONE', #2219, #2985, #2479, .T. ) ;
#2428 = VECTOR ( 'NONE', #2526, 1000.000000000000000 ) ;
#2429 = DIRECTION ( 'NONE',  ( 1.000000000000000000, 0.000000000000000000, -2.312964634635740689E-15 ) ) ;
#2430 = AXIS2_PLACEMENT_3D ( 'NONE', #2915, #3506, #1271 ) ;
#2431 = DIRECTION ( 'NONE',  ( -1.000000000000000000, 0.000000000000000000, 2.312964634635740689E-15 ) ) ;
#2432 = LINE ( 'NONE', #546, #2826 ) ;
#2433 = CARTESIAN_POINT ( 'NONE',  ( 20.00000000000001421, 32.50000000000000000, 0.000000000000000000 ) ) ;
#2434 = VERTEX_POINT ( 'NONE', #1657 ) ;
#2435 = CIRCLE ( 'NONE', #1284, 1.500000000000001332 ) ;
#2436 = DIRECTION ( 'NONE',  ( 1.000000000000000000, 0.000000000000000000, 0.000000000000000000 ) ) ;
#2437 = CARTESIAN_POINT ( 'NONE',  ( -2.533913980103936344E-13, -33.68711800828255321, 10.00000000000006928 ) ) ;
#2438 = EDGE_LOOP ( 'NONE', ( #1553, #2453 ) ) ;
#2439 = ADVANCED_FACE ( 'NONE', ( #1136 ), #287, .F. ) ;
#2440 = CIRCLE ( 'NONE', #2669, 1.500000000000001332 ) ;
#2441 = ORIENTED_EDGE ( 'NONE', *, *, #2061, .T. ) ;
#2442 = VECTOR ( 'NONE', #3465, 1000.000000000000000 ) ;
#2443 = FACE_OUTER_BOUND ( 'NONE', #3447, .T. ) ;
#2444 = AXIS2_PLACEMENT_3D ( 'NONE', #837, #541, #1895 ) ;
#2445 = DIRECTION ( 'NONE',  ( 0.000000000000000000, 0.000000000000000000, -1.000000000000000000 ) ) ;
#2446 = CARTESIAN_POINT ( 'NONE',  ( 6.379915765897690605, -51.88490441556261601, 0.000000000000000000 ) ) ;
#2447 = ADVANCED_FACE ( 'NONE', ( #28 ), #1121, .F. ) ;
#2448 = EDGE_CURVE ( 'NONE', #2592, #1032, #1493, .T. ) ;
#2449 = ORIENTED_EDGE ( 'NONE', *, *, #1229, .T. ) ;
#2450 = EDGE_CURVE ( 'NONE', #673, #2838, #2432, .T. ) ;
#2451 = CARTESIAN_POINT ( 'NONE',  ( -29.99999999999999289, 32.50000000000000000, 0.000000000000000000 ) ) ;
#2452 = CARTESIAN_POINT ( 'NONE',  ( 21.06575960438015827, -49.89772158955817360, 0.000000000000000000 ) ) ;
#2453 = ORIENTED_EDGE ( 'NONE', *, *, #3380, .F. ) ;
#2454 = ORIENTED_EDGE ( 'NONE', *, *, #1855, .F. ) ;
#2455 =( LENGTH_UNIT ( ) NAMED_UNIT ( * ) SI_UNIT ( .MILLI., .METRE. ) );
#2456 = CARTESIAN_POINT ( 'NONE',  ( 13.73820319873529705, -6.159226855756928742, 10.00000000000000000 ) ) ;
#2457 = EDGE_LOOP ( 'NONE', ( #1536, #2530, #2780, #1318 ) ) ;
#2458 = ORIENTED_EDGE ( 'NONE', *, *, #380, .F. ) ;
#2459 = DIRECTION ( 'NONE',  ( -1.000000000000000000, 0.000000000000000000, 0.000000000000000000 ) ) ;
#2460 = ORIENTED_EDGE ( 'NONE', *, *, #2713, .T. ) ;
#2461 = CIRCLE ( 'NONE', #1369, 1.500000000000001332 ) ;
#2462 = ORIENTED_EDGE ( 'NONE', *, *, #2926, .T. ) ;
#2463 = DIRECTION ( 'NONE',  ( -0.000000000000000000, -0.000000000000000000, -1.000000000000000000 ) ) ;
#2464 = DIRECTION ( 'NONE',  ( -1.000000000000000000, 0.000000000000000000, 0.000000000000000000 ) ) ;
#2465 = EDGE_CURVE ( 'NONE', #1375, #498, #1377, .T. ) ;
#2466 = ORIENTED_EDGE ( 'NONE', *, *, #60, .T. ) ;
#2467 = CARTESIAN_POINT ( 'NONE',  ( -3.835565439675440658E-13, -46.18711800828255321, 10.00000000000006928 ) ) ;
#2468 = DIRECTION ( 'NONE',  ( 0.000000000000000000, -0.000000000000000000, -1.000000000000000000 ) ) ;
#2469 = VERTEX_POINT ( 'NONE', #10 ) ;
#2470 = EDGE_CURVE ( 'NONE', #995, #878, #2538, .T. ) ;
#2471 = EDGE_LOOP ( 'NONE', ( #3268, #1360 ) ) ;
#2472 = CYLINDRICAL_SURFACE ( 'NONE', #137, 20.00000000000001421 ) ;
#2473 = ORIENTED_EDGE ( 'NONE', *, *, #2382, .T. ) ;
#2474 = EDGE_CURVE ( 'NONE', #2183, #374, #566, .T. ) ;
#2475 = CARTESIAN_POINT ( 'NONE',  ( -29.99999999999999289, 32.50000000000000000, 10.00000000000000000 ) ) ;
#2476 = CARTESIAN_POINT ( 'NONE',  ( -6.379915765898052982, 0.5015657048662117701, 10.00000000000001776 ) ) ;
#2477 = VERTEX_POINT ( 'NONE', #1663 ) ;
#2478 = VERTEX_POINT ( 'NONE', #1601 ) ;
#2479 = CIRCLE ( 'NONE', #3464, 0.5999999999999998668 ) ;
#2480 = EDGE_LOOP ( 'NONE', ( #463, #2311, #778, #1995 ) ) ;
#2481 = CYLINDRICAL_SURFACE ( 'NONE', #1046, 1.500000000000001332 ) ;
#2482 = AXIS2_PLACEMENT_3D ( 'NONE', #1462, #2834, #634 ) ;
#2483 = VERTEX_POINT ( 'NONE', #226 ) ;
#2484 = LINE ( 'NONE', #2814, #1337 ) ;
#2485 = DIRECTION ( 'NONE',  ( -1.000000000000000000, 0.000000000000000000, 0.000000000000000000 ) ) ;
#2486 = APPLICATION_CONTEXT ( 'automotive_design' ) ;
#2487 = VERTEX_POINT ( 'NONE', #3331 ) ;
#2488 = ORIENTED_EDGE ( 'NONE', *, *, #3139, .T. ) ;
#2489 = CARTESIAN_POINT ( 'NONE',  ( 14.28459127458939193, 3.751711472399185343, 10.00000000000000000 ) ) ;
#2490 = CYLINDRICAL_SURFACE ( 'NONE', #1452, 10.00000000000000000 ) ;
#2491 = EDGE_CURVE ( 'NONE', #1607, #3310, #2708, .T. ) ;
#2492 = VERTEX_POINT ( 'NONE', #291 ) ;
#2493 = VECTOR ( 'NONE', #2934, 1000.000000000000000 ) ;
#2494 = CARTESIAN_POINT ( 'NONE',  ( -19.99999999999998224, -62.50000000000000000, 10.00000000000000000 ) ) ;
#2495 = VERTEX_POINT ( 'NONE', #857 ) ;
#2496 = ORIENTED_EDGE ( 'NONE', *, *, #1030, .T. ) ;
#2497 = CIRCLE ( 'NONE', #1987, 1.500000000000001332 ) ;
#2498 = ORIENTED_EDGE ( 'NONE', *, *, #272, .F. ) ;
#2499 = AXIS2_PLACEMENT_3D ( 'NONE', #690, #432, #2593 ) ;
#2500 = FACE_OUTER_BOUND ( 'NONE', #3381, .T. ) ;
#2501 = ADVANCED_FACE ( 'NONE', ( #1390 ), #1956, .F. ) ;
#2502 = ORIENTED_EDGE ( 'NONE', *, *, #2491, .F. ) ;
#2503 = VECTOR ( 'NONE', #2768, 1000.000000000000000 ) ;
#2504 = EDGE_CURVE ( 'NONE', #1607, #665, #2168, .T. ) ;
#2505 = LINE ( 'NONE', #3143, #591 ) ;
#2506 = AXIS2_PLACEMENT_3D ( 'NONE', #2777, #2302, #1795 ) ;
#2507 = ORIENTED_EDGE ( 'NONE', *, *, #3160, .T. ) ;
#2508 = PRODUCT_DEFINITION ( 'æœ', '', #1819, #2125 ) ;
#2509 = DIRECTION ( 'NONE',  ( -1.000000000000000000, 0.000000000000000000, 0.000000000000000000 ) ) ;
#2510 = ADVANCED_FACE ( 'NONE', ( #3432 ), #683, .F. ) ;
#2511 = FACE_BOUND ( 'NONE', #689, .T. ) ;
#2512 = EDGE_CURVE ( 'NONE', #413, #1712, #181, .T. ) ;
#2514 = AXIS2_PLACEMENT_3D ( 'NONE', #2084, #424, #1817 ) ;
#2513 = CARTESIAN_POINT ( 'NONE',  ( 21.06575960438015827, -49.89772158955817360, 10.00000000000006928 ) ) ;
#2515 = ORIENTED_EDGE ( 'NONE', *, *, #2491, .T. ) ;
#2516 = CARTESIAN_POINT ( 'NONE',  ( -12.84008204457472679, -18.87893313116376959, 3.563838680990731066E-14 ) ) ;
#2517 = CARTESIAN_POINT ( 'NONE',  ( -22.87139614189874237, 8.205614931611036056, 6.348087650514740067E-14 ) ) ;
#2518 = DIRECTION ( 'NONE',  ( 1.000000000000000000, 0.000000000000000000, -2.775557561562892534E-15 ) ) ;
#2519 = ADVANCED_FACE ( 'NONE', ( #2118 ), #3224, .F. ) ;
#2520 = DIRECTION ( 'NONE',  ( -1.000000000000000000, 0.000000000000000000, 0.000000000000000000 ) ) ;
#2521 = ORIENTED_EDGE ( 'NONE', *, *, #1714, .T. ) ;
#2522 = EDGE_CURVE ( 'NONE', #639, #413, #2685, .T. ) ;
#2523 = CARTESIAN_POINT ( 'NONE',  ( -5.137216899246944972E-13, -58.68711800828255321, 0.000000000000000000 ) ) ;
#2524 = DIRECTION ( 'NONE',  ( 2.775557561562891745E-15, 6.293636852642898599E-31, 1.000000000000000000 ) ) ;
#2525 = ORIENTED_EDGE ( 'NONE', *, *, #2261, .F. ) ;
#2526 = DIRECTION ( 'NONE',  ( -2.775557561562892140E-15, -6.293636852642899475E-31, -1.000000000000000000 ) ) ;
#2527 = CARTESIAN_POINT ( 'NONE',  ( -6.379915765898052982, 0.5015657048662117701, 10.00000000000001776 ) ) ;
#2528 = DIRECTION ( 'NONE',  ( -1.000000000000000000, 0.000000000000000000, 0.000000000000000000 ) ) ;
#2529 = CARTESIAN_POINT ( 'NONE',  ( 12.84008204457447455, -43.87893313116376959, 10.00000000000006928 ) ) ;
#2530 = ORIENTED_EDGE ( 'NONE', *, *, #1063, .F. ) ;
#2531 = DIRECTION ( 'NONE',  ( -1.000000000000000000, 0.000000000000000000, 0.000000000000000000 ) ) ;
#2532 = ORIENTED_EDGE ( 'NONE', *, *, #2718, .F. ) ;
#2533 = CARTESIAN_POINT ( 'NONE',  ( -22.06889101411279341, -1.384321345430710393, 10.00000000000006040 ) ) ;
#2534 = DIRECTION ( 'NONE',  ( -1.000000000000000000, 0.000000000000000000, 0.000000000000000000 ) ) ;
#2535 = CARTESIAN_POINT ( 'NONE',  ( -18.41749268268685569, -11.21500916080822918, 10.00000000000004974 ) ) ;
#2536 = ORIENTED_EDGE ( 'NONE', *, *, #1, .F. ) ;
#2537 = EDGE_CURVE ( 'NONE', #2214, #141, #635, .T. ) ;
#2538 = CIRCLE ( 'NONE', #292, 1.500000000000000444 ) ;
#2539 = DIRECTION ( 'NONE',  ( -1.000000000000000000, 0.000000000000000000, 0.000000000000000000 ) ) ;
#2540 = FACE_OUTER_BOUND ( 'NONE', #3517, .T. ) ;
#2541 = CIRCLE ( 'NONE', #3070, 1.500000000000001332 ) ;
#2542 = EDGE_LOOP ( 'NONE', ( #3085, #2154, #714, #2389 ) ) ;
#2543 = CARTESIAN_POINT ( 'NONE',  ( 12.84008204457473568, -18.87893313116376603, 10.00000000000000000 ) ) ;
#2544 = DIRECTION ( 'NONE',  ( -0.000000000000000000, -0.000000000000000000, -1.000000000000000000 ) ) ;
#2545 = EDGE_LOOP ( 'NONE', ( #1640, #1911 ) ) ;
#2546 = LINE ( 'NONE', #968, #2578 ) ;
#2547 = AXIS2_PLACEMENT_3D ( 'NONE', #1645, #3038, #1665 ) ;
#2548 = CIRCLE ( 'NONE', #1628, 1.500000000000001332 ) ;
#2549 = ORIENTED_EDGE ( 'NONE', *, *, #1884, .T. ) ;
#2550 = CARTESIAN_POINT ( 'NONE',  ( 6.379915765898081403, 0.5015657048662146567, 0.000000000000000000 ) ) ;
#2551 = FACE_OUTER_BOUND ( 'NONE', #2135, .T. ) ;
#2552 = ORIENTED_EDGE ( 'NONE', *, *, #3360, .T. ) ;
#2553 = VECTOR ( 'NONE', #1012, 1000.000000000000000 ) ;
#2554 = CARTESIAN_POINT ( 'NONE',  ( -22.87139614189871395, 8.205614931611036056, 10.00000000000006395 ) ) ;
#2555 = AXIS2_PLACEMENT_3D ( 'NONE', #3475, #1095, #2431 ) ;
#2556 = DIRECTION ( 'NONE',  ( 0.000000000000000000, -0.000000000000000000, -1.000000000000000000 ) ) ;
#2557 = EDGE_CURVE ( 'NONE', #1293, #1842, #2880, .T. ) ;
#2558 = DIRECTION ( 'NONE',  ( -1.000000000000000000, 0.000000000000000000, 0.000000000000000000 ) ) ;
#2559 = VECTOR ( 'NONE', #2152, 1000.000000000000000 ) ;
#2560 = ORIENTED_EDGE ( 'NONE', *, *, #165, .T. ) ;
#2561 = ADVANCED_FACE ( 'NONE', ( #1524 ), #3488, .F. ) ;
#2562 = AXIS2_PLACEMENT_3D ( 'NONE', #406, #356, #95 ) ;
#2563 = EDGE_CURVE ( 'NONE', #3240, #154, #2072, .T. ) ;
#2564 = LINE ( 'NONE', #3400, #2600 ) ;
#2565 = DIRECTION ( 'NONE',  ( 1.000000000000000000, 0.000000000000000000, -2.775557561562891351E-15 ) ) ;
#2566 = CARTESIAN_POINT ( 'NONE',  ( 22.56575960438015827, -49.89772158955817360, 10.00000000000006928 ) ) ;
#2567 = ORIENTED_EDGE ( 'NONE', *, *, #2594, .F. ) ;
#2568 = FACE_BOUND ( 'NONE', #889, .T. ) ;
#2569 = EDGE_LOOP ( 'NONE', ( #1051, #3035 ) ) ;
#2570 = FACE_BOUND ( 'NONE', #196, .T. ) ;
#2571 = FACE_OUTER_BOUND ( 'NONE', #3265, .T. ) ;
#2572 = ORIENTED_EDGE ( 'NONE', *, *, #1078, .F. ) ;
#2573 = DIRECTION ( 'NONE',  ( 2.775557561562891745E-15, 6.293636852642898599E-31, 1.000000000000000000 ) ) ;
#2574 = DIRECTION ( 'NONE',  ( 0.000000000000000000, 0.000000000000000000, 1.000000000000000000 ) ) ;
#2575 = ORIENTED_EDGE ( 'NONE', *, *, #1210, .F. ) ;
#2576 = CARTESIAN_POINT ( 'NONE',  ( -29.99999999999999289, 30.50000000000000000, 0.000000000000000000 ) ) ;
#2577 = EDGE_CURVE ( 'NONE', #755, #880, #2897, .T. ) ;
#2578 = VECTOR ( 'NONE', #705, 1000.000000000000000 ) ;
#2579 = FACE_OUTER_BOUND ( 'NONE', #1108, .T. ) ;
#2580 = ORIENTED_EDGE ( 'NONE', *, *, #1278, .T. ) ;
#2581 = DIRECTION ( 'NONE',  ( 0.000000000000000000, 0.000000000000000000, -1.000000000000000000 ) ) ;
#2582 = ADVANCED_FACE ( 'NONE', ( #1309 ), #1820, .F. ) ;
#2583 = ORIENTED_EDGE ( 'NONE', *, *, #2076, .T. ) ;
#2584 = FACE_BOUND ( 'NONE', #2715, .T. ) ;
#2585 = CARTESIAN_POINT ( 'NONE',  ( 16.91749268268688411, -11.21500916080822030, 10.00000000000000000 ) ) ;
#2586 = ORIENTED_EDGE ( 'NONE', *, *, #3101, .F. ) ;
#2587 = AXIS2_PLACEMENT_3D ( 'NONE', #1873, #1074, #2970 ) ;
#2588 = ORIENTED_EDGE ( 'NONE', *, *, #2936, .F. ) ;
#2589 = EDGE_CURVE ( 'NONE', #1786, #1393, #24, .T. ) ;
#2590 = AXIS2_PLACEMENT_3D ( 'NONE', #344, #3113, #983 ) ;
#2591 = CARTESIAN_POINT ( 'NONE',  ( 7.879915765898082292, 0.5015657048662148787, 10.00000000000000000 ) ) ;
#2592 = VERTEX_POINT ( 'NONE', #443 ) ;
#2593 = DIRECTION ( 'NONE',  ( -1.000000000000000000, 0.000000000000000000, 0.000000000000000000 ) ) ;
#2594 = EDGE_CURVE ( 'NONE', #1060, #1159, #1018, .T. ) ;
#2595 = FACE_OUTER_BOUND ( 'NONE', #2951, .T. ) ;
#2596 = FACE_BOUND ( 'NONE', #30, .T. ) ;
#2597 = FACE_BOUND ( 'NONE', #2248, .T. ) ;
#2598 = CARTESIAN_POINT ( 'NONE',  ( 14.34008204457460600, -31.37893313116376603, 0.000000000000000000 ) ) ;
#2599 = VERTEX_POINT ( 'NONE', #2126 ) ;
#2600 = VECTOR ( 'NONE', #1746, 1000.000000000000000 ) ;
#2601 = DIRECTION ( 'NONE',  ( -0.000000000000000000, -0.000000000000000000, -1.000000000000000000 ) ) ;
#2602 = AXIS2_PLACEMENT_3D ( 'NONE', #1851, #2950, #1577 ) ;
#2603 = CARTESIAN_POINT ( 'NONE',  ( -22.56575960438066986, -49.89772158955818071, 10.00000000000006928 ) ) ;
#2604 = DIRECTION ( 'NONE',  ( -0.000000000000000000, -0.000000000000000000, -1.000000000000000000 ) ) ;
#2605 = FACE_BOUND ( 'NONE', #1144, .T. ) ;
#2606 = CIRCLE ( 'NONE', #1859, 1.500000000000000444 ) ;
#2607 = EDGE_CURVE ( 'NONE', #9, #2434, #3250, .T. ) ;
#2608 = CIRCLE ( 'NONE', #1251, 1.500000000000000444 ) ;
#2609 = VECTOR ( 'NONE', #501, 1000.000000000000000 ) ;
#2610 = AXIS2_PLACEMENT_3D ( 'NONE', #1946, #3046, #1672 ) ;
#2611 = FACE_OUTER_BOUND ( 'NONE', #844, .T. ) ;
#2612 = FACE_OUTER_BOUND ( 'NONE', #1659, .T. ) ;
#2613 = VERTEX_POINT ( 'NONE', #2603 ) ;
#2614 = EDGE_CURVE ( 'NONE', #1427, #2250, #2268, .T. ) ;
#2615 = FACE_OUTER_BOUND ( 'NONE', #1482, .T. ) ;
#2616 = EDGE_LOOP ( 'NONE', ( #170, #1079, #2194, #561 ) ) ;
#2617 = DIRECTION ( 'NONE',  ( 0.000000000000000000, 0.000000000000000000, -1.000000000000000000 ) ) ;
#2618 = VERTEX_POINT ( 'NONE', #2682 ) ;
#2619 = DIRECTION ( 'NONE',  ( 2.135044278125300850E-16, -1.000000000000000000, 0.000000000000000000 ) ) ;
#2620 = ORIENTED_EDGE ( 'NONE', *, *, #3114, .F. ) ;
#2621 = DIRECTION ( 'NONE',  ( 0.000000000000000000, 0.000000000000000000, -1.000000000000000000 ) ) ;
#2622 = EDGE_CURVE ( 'NONE', #3442, #2797, #832, .T. ) ;
#2623 = CARTESIAN_POINT ( 'NONE',  ( 21.06575960438041761, -24.89772158955816650, 10.00000000000000000 ) ) ;
#2624 = EDGE_CURVE ( 'NONE', #122, #1865, #754, .T. ) ;
#2625 = CARTESIAN_POINT ( 'NONE',  ( 12.23820319873529527, -6.159226855756928742, 10.00000000000000000 ) ) ;
#2626 = CIRCLE ( 'NONE', #854, 1.500000000000001332 ) ;
#2627 = VERTEX_POINT ( 'NONE', #3520 ) ;
#2628 = CARTESIAN_POINT ( 'NONE',  ( -5.137216899246944972E-13, -58.68711800828255321, 10.00000000000006928 ) ) ;
#2629 = ORIENTED_EDGE ( 'NONE', *, *, #3249, .T. ) ;
#2630 = CARTESIAN_POINT ( 'NONE',  ( -7.879915765898075186, -14.38490441556261423, 2.187115978851705848E-14 ) ) ;
#2631 = ORIENTED_EDGE ( 'NONE', *, *, #3251, .T. ) ;
#2632 = ORIENTED_EDGE ( 'NONE', *, *, #480, .F. ) ;
#2633 = CARTESIAN_POINT ( 'NONE',  ( -12.84008204457485647, -31.37893313116377314, 10.00000000000006928 ) ) ;
#2634 = ORIENTED_EDGE ( 'NONE', *, *, #947, .T. ) ;
#2635 = DIRECTION ( 'NONE',  ( 1.000000000000000000, 0.000000000000000000, -2.312964634635740689E-15 ) ) ;
#2636 = CYLINDRICAL_SURFACE ( 'NONE', #907, 1.499999999999999556 ) ;
#2637 = EDGE_CURVE ( 'NONE', #2693, #1793, #2354, .T. ) ;
#2638 = CARTESIAN_POINT ( 'NONE',  ( 12.84008204457473568, -18.87893313116376603, 10.00000000000000000 ) ) ;
#2639 = FACE_OUTER_BOUND ( 'NONE', #2117, .T. ) ;
#2640 = DIRECTION ( 'NONE',  ( -0.000000000000000000, -0.000000000000000000, -1.000000000000000000 ) ) ;
#2641 = EDGE_CURVE ( 'NONE', #112, #3283, #1403, .T. ) ;
#2642 = CARTESIAN_POINT ( 'NONE',  ( -14.28459127458936528, 3.751711472399178682, 10.00000000000004086 ) ) ;
#2643 = EDGE_CURVE ( 'NONE', #2050, #1159, #2896, .T. ) ;
#2644 = AXIS2_PLACEMENT_3D ( 'NONE', #2199, #2686, #3304 ) ;
#2645 = DIRECTION ( 'NONE',  ( -2.775557561562892140E-15, -6.293636852642899475E-31, -1.000000000000000000 ) ) ;
#2646 = ORIENTED_EDGE ( 'NONE', *, *, #377, .T. ) ;
#2647 = EDGE_CURVE ( 'NONE', #1371, #1502, #304, .T. ) ;
#2648 = CIRCLE ( 'NONE', #1092, 1.500000000000001332 ) ;
#2649 = CARTESIAN_POINT ( 'NONE',  ( 12.84008204457447455, -43.87893313116376959, 0.000000000000000000 ) ) ;
#2650 = ORIENTED_EDGE ( 'NONE', *, *, #3346, .F. ) ;
#2651 = CARTESIAN_POINT ( 'NONE',  ( 20.00000000000001776, -62.50000000000000000, 0.000000000000000000 ) ) ;
#2652 = ORIENTED_EDGE ( 'NONE', *, *, #2713, .F. ) ;
#2653 = AXIS2_PLACEMENT_3D ( 'NONE', #3345, #2796, #1203 ) ;
#2654 = CARTESIAN_POINT ( 'NONE',  ( -12.84008204457498614, -43.87893313116376959, 0.000000000000000000 ) ) ;
#2655 = VERTEX_POINT ( 'NONE', #3194 ) ;
#2656 = EDGE_LOOP ( 'NONE', ( #553, #3359 ) ) ;
#2657 = CARTESIAN_POINT ( 'NONE',  ( -24.03502857718828878, -17.03317133725616017, 10.00000000000006573 ) ) ;
#2658 = CARTESIAN_POINT ( 'NONE',  ( -29.99999999999999289, 32.50000000000000000, 0.000000000000000000 ) ) ;
#2659 = CARTESIAN_POINT ( 'NONE',  ( 6.379915765897821167, -39.38490441556260890, 0.000000000000000000 ) ) ;
#2660 = VECTOR ( 'NONE', #3348, 1000.000000000000000 ) ;
#2661 = ADVANCED_FACE ( 'NONE', ( #200 ), #1292, .T. ) ;
#2662 = CIRCLE ( 'NONE', #3190, 1.500000000000001332 ) ;
#2663 = EDGE_CURVE ( 'NONE', #1301, #1588, #218, .T. ) ;
#2664 = ORIENTED_EDGE ( 'NONE', *, *, #783, .F. ) ;
#2665 = AXIS2_PLACEMENT_3D ( 'NONE', #2300, #336, #2520 ) ;
#2666 = ORIENTED_EDGE ( 'NONE', *, *, #2995, .F. ) ;
#2667 = AXIS2_PLACEMENT_3D ( 'NONE', #3253, #3033, #1385 ) ;
#2668 = ADVANCED_FACE ( 'NONE', ( #2142 ), #557, .F. ) ;
#2669 = AXIS2_PLACEMENT_3D ( 'NONE', #3456, #1767, #727 ) ;
#2670 = FACE_OUTER_BOUND ( 'NONE', #1647, .T. ) ;
#2671 = AXIS2_PLACEMENT_3D ( 'NONE', #3288, #2968, #3269 ) ;
#2672 = APPLICATION_CONTEXT ( 'automotive_design' ) ;
#2673 = FACE_BOUND ( 'NONE', #2230, .T. ) ;
#2674 = ORIENTED_EDGE ( 'NONE', *, *, #2843, .T. ) ;
#2675 = AXIS2_PLACEMENT_3D ( 'NONE', #2251, #1652, #2218 ) ;
#2676 = ORIENTED_EDGE ( 'NONE', *, *, #3156, .T. ) ;
#2677 = LINE ( 'NONE', #438, #994 ) ;
#2678 = AXIS2_PLACEMENT_3D ( 'NONE', #2150, #3255, #1875 ) ;
#2679 = ORIENTED_EDGE ( 'NONE', *, *, #3049, .T. ) ;
#2680 = EDGE_LOOP ( 'NONE', ( #698, #19, #1048, #1087 ) ) ;
#2681 = CARTESIAN_POINT ( 'NONE',  ( -6.379915765898334534, -39.38490441556261601, 0.000000000000000000 ) ) ;
#2682 = CARTESIAN_POINT ( 'NONE',  ( -4.879915765898463320, -51.88490441556262311, 10.00000000000006928 ) ) ;
#2683 = ORIENTED_EDGE ( 'NONE', *, *, #578, .T. ) ;
#2684 = DIRECTION ( 'NONE',  ( -1.000000000000000000, 0.000000000000000000, 0.000000000000000000 ) ) ;
#2685 = LINE ( 'NONE', #775, #873 ) ;
#2686 = DIRECTION ( 'NONE',  ( 2.775557561562891745E-15, 6.293636852642898599E-31, 1.000000000000000000 ) ) ;
#2687 = AXIS2_PLACEMENT_3D ( 'NONE', #3205, #2366, #1840 ) ;
#2688 = ORIENTED_EDGE ( 'NONE', *, *, #2188, .T. ) ;
#2689 = DIRECTION ( 'NONE',  ( -0.000000000000000000, -0.000000000000000000, -1.000000000000000000 ) ) ;
#2690 = AXIS2_PLACEMENT_3D ( 'NONE', #3100, #627, #1444 ) ;
#2691 = LINE ( 'NONE', #172, #1974 ) ;
#2692 = EDGE_LOOP ( 'NONE', ( #351, #3300, #1733, #2939 ) ) ;
#2693 = VERTEX_POINT ( 'NONE', #1636 ) ;
#2694 = CARTESIAN_POINT ( 'NONE',  ( 24.03502857718832431, -17.03317133725614951, 0.000000000000000000 ) ) ;
#2695 = DIRECTION ( 'NONE',  ( -0.000000000000000000, -0.000000000000000000, -1.000000000000000000 ) ) ;
#2696 = ORIENTED_EDGE ( 'NONE', *, *, #640, .F. ) ;
#2697 = EDGE_CURVE ( 'NONE', #658, #3284, #768, .T. ) ;
#2698 = ORIENTED_EDGE ( 'NONE', *, *, #718, .F. ) ;
#2699 = CARTESIAN_POINT ( 'NONE',  ( -18.41749268268688411, -11.21500916080822918, 5.111881108046080863E-14 ) ) ;
#2700 = DIRECTION ( 'NONE',  ( 0.000000000000000000, 0.000000000000000000, -1.000000000000000000 ) ) ;
#2701 = DIRECTION ( 'NONE',  ( 2.775557561562891745E-15, 6.293636852642898599E-31, 1.000000000000000000 ) ) ;
#2702 = VECTOR ( 'NONE', #1498, 1000.000000000000000 ) ;
#2703 = ORIENTED_EDGE ( 'NONE', *, *, #3360, .F. ) ;
#2704 = FACE_OUTER_BOUND ( 'NONE', #1413, .T. ) ;
#2705 = EDGE_LOOP ( 'NONE', ( #18, #2449, #1381, #3005 ) ) ;
#2706 = CARTESIAN_POINT ( 'NONE',  ( 23.56889101411282184, -1.384321345430700401, 10.00000000000000000 ) ) ;
#2707 = EDGE_CURVE ( 'NONE', #2434, #3185, #3286, .T. ) ;
#2708 = LINE ( 'NONE', #244, #345 ) ;
#2709 = CARTESIAN_POINT ( 'NONE',  ( 0.000000000000000000, 0.000000000000000000, 10.00000000000000000 ) ) ;
#2710 = VERTEX_POINT ( 'NONE', #513 ) ;
#2711 = ORIENTED_EDGE ( 'NONE', *, *, #2408, .F. ) ;
#2712 = CIRCLE ( 'NONE', #1436, 1.500000000000001332 ) ;
#2713 = EDGE_CURVE ( 'NONE', #3363, #2867, #812, .T. ) ;
#2714 = CARTESIAN_POINT ( 'NONE',  ( -20.56889101411282184, -1.384321345430710393, 5.709014098718384332E-14 ) ) ;
#2715 = EDGE_LOOP ( 'NONE', ( #510, #1365 ) ) ;
#2716 = ORIENTED_EDGE ( 'NONE', *, *, #742, .F. ) ;
#2717 = DIRECTION ( 'NONE',  ( -1.000000000000000000, 0.000000000000000000, 2.312964634635743450E-15 ) ) ;
#2718 = EDGE_CURVE ( 'NONE', #2477, #2710, #1223, .T. ) ;
#2719 = DIRECTION ( 'NONE',  ( 0.000000000000000000, 0.000000000000000000, -1.000000000000000000 ) ) ;
#2720 = EDGE_LOOP ( 'NONE', ( #454, #3188 ) ) ;
#2721 = DIRECTION ( 'NONE',  ( -0.000000000000000000, -0.000000000000000000, -1.000000000000000000 ) ) ;
#2722 = AXIS2_PLACEMENT_3D ( 'NONE', #435, #1298, #3259 ) ;
#2723 = ORIENTED_EDGE ( 'NONE', *, *, #179, .F. ) ;
#2724 = AXIS2_PLACEMENT_3D ( 'NONE', #1198, #3090, #2240 ) ;
#2725 = DIRECTION ( 'NONE',  ( -1.000000000000000000, -0.000000000000000000, -0.000000000000000000 ) ) ;
#2726 = CIRCLE ( 'NONE', #1345, 1.499999999999999556 ) ;
#2727 = DIRECTION ( 'NONE',  ( -1.000000000000000000, 0.000000000000000000, 0.000000000000000000 ) ) ;
#2728 = CARTESIAN_POINT ( 'NONE',  ( -5.137216899246944972E-13, -58.68711800828255321, 10.00000000000006928 ) ) ;
#2729 = VERTEX_POINT ( 'NONE', #2988 ) ;
#2730 = ORIENTED_EDGE ( 'NONE', *, *, #480, .T. ) ;
#2731 = CIRCLE ( 'NONE', #2042, 2.000000000000001776 ) ;
#2732 = DIRECTION ( 'NONE',  ( 0.000000000000000000, 0.000000000000000000, -1.000000000000000000 ) ) ;
#2733 = DIRECTION ( 'NONE',  ( -1.000000000000000000, 0.000000000000000000, 2.312964634635740689E-15 ) ) ;
#2734 = ORIENTED_EDGE ( 'NONE', *, *, #2622, .T. ) ;
#2735 = AXIS2_PLACEMENT_3D ( 'NONE', #3216, #135, #688 ) ;
#2736 = ADVANCED_FACE ( 'NONE', ( #2500 ), #2481, .F. ) ;
#2737 = CARTESIAN_POINT ( 'NONE',  ( -6.379915765898052982, 0.5015657048662117701, 10.00000000000001776 ) ) ;
#2738 = FACE_OUTER_BOUND ( 'NONE', #588, .T. ) ;
#2739 = ORIENTED_EDGE ( 'NONE', *, *, #2563, .F. ) ;
#2740 = CYLINDRICAL_SURFACE ( 'NONE', #371, 1.500000000000000444 ) ;
#2741 = EDGE_CURVE ( 'NONE', #2349, #2029, #3080, .T. ) ;
#2742 = FACE_OUTER_BOUND ( 'NONE', #3438, .T. ) ;
#2743 = ORIENTED_EDGE ( 'NONE', *, *, #2238, .T. ) ;
#2744 = ADVANCED_FACE ( 'NONE', ( #3030 ), #1949, .T. ) ;
#2745 = DIRECTION ( 'NONE',  ( -1.000000000000000000, 0.000000000000000000, 0.000000000000000000 ) ) ;
#2746 = ORIENTED_EDGE ( 'NONE', *, *, #1683, .F. ) ;
#2747 = LINE ( 'NONE', #3238, #3198 ) ;
#2748 = DIRECTION ( 'NONE',  ( 0.000000000000000000, 0.000000000000000000, -1.000000000000000000 ) ) ;
#2749 = DIRECTION ( 'NONE',  ( -0.000000000000000000, -0.000000000000000000, -1.000000000000000000 ) ) ;
#2750 = ORIENTED_EDGE ( 'NONE', *, *, #1053, .F. ) ;
#2751 = CARTESIAN_POINT ( 'NONE',  ( 22.53502857718832431, -17.03317133725614951, 10.00000000000000000 ) ) ;
#2752 = CYLINDRICAL_SURFACE ( 'NONE', #3315, 1.500000000000001332 ) ;
#2753 = DIRECTION ( 'NONE',  ( 1.000000000000000000, 0.000000000000000000, -2.312964634635740689E-15 ) ) ;
#2754 = AXIS2_PLACEMENT_3D ( 'NONE', #2886, #940, #2312 ) ;
#2755 = CARTESIAN_POINT ( 'NONE',  ( -11.34008204457469837, -18.87893313116376959, 10.00000000000003375 ) ) ;
#2756 = ORIENTED_EDGE ( 'NONE', *, *, #395, .F. ) ;
#2757 = ADVANCED_FACE ( 'NONE', ( #2738 ), #1930, .F. ) ;
#2758 = LINE ( 'NONE', #2706, #2962 ) ;
#2759 = VERTEX_POINT ( 'NONE', #2967 ) ;
#2760 = DIRECTION ( 'NONE',  ( 0.000000000000000000, 0.000000000000000000, -1.000000000000000000 ) ) ;
#2761 = DIRECTION ( 'NONE',  ( 1.000000000000000000, 4.336808689942016257E-16, -2.775557561562892140E-15 ) ) ;
#2762 = ORIENTED_EDGE ( 'NONE', *, *, #2028, .T. ) ;
#2763 = ORIENTED_EDGE ( 'NONE', *, *, #1456, .T. ) ;
#2764 = DIRECTION ( 'NONE',  ( -0.000000000000000000, -0.000000000000000000, -1.000000000000000000 ) ) ;
#2765 = ORIENTED_EDGE ( 'NONE', *, *, #2298, .T. ) ;
#2766 = VERTEX_POINT ( 'NONE', #497 ) ;
#2767 = AXIS2_PLACEMENT_3D ( 'NONE', #747, #1845, #757 ) ;
#2768 = DIRECTION ( 'NONE',  ( -0.000000000000000000, -0.000000000000000000, -1.000000000000000000 ) ) ;
#2769 = VERTEX_POINT ( 'NONE', #2163 ) ;
#2770 = CARTESIAN_POINT ( 'NONE',  ( -22.87139614189871395, 8.205614931611036056, 10.00000000000006395 ) ) ;
#2771 = AXIS2_PLACEMENT_3D ( 'NONE', #2475, #2212, #3318 ) ;
#2772 = CARTESIAN_POINT ( 'NONE',  ( -11.34008204457469837, -18.87893313116376959, 10.00000000000003375 ) ) ;
#2773 = VECTOR ( 'NONE', #646, 1000.000000000000000 ) ;
#2774 = DIRECTION ( 'NONE',  ( 1.000000000000000000, 0.000000000000000000, 0.000000000000000000 ) ) ;
#2775 = LINE ( 'NONE', #2973, #2609 ) ;
#2776 = EDGE_CURVE ( 'NONE', #1865, #203, #1691, .T. ) ;
#2777 = CARTESIAN_POINT ( 'NONE',  ( 6.938893903907228378E-15, -8.687118008282549653, 10.00000000000000000 ) ) ;
#2778 = EDGE_CURVE ( 'NONE', #2029, #2349, #2211, .T. ) ;
#2779 = CIRCLE ( 'NONE', #2376, 1.500000000000001332 ) ;
#2780 = ORIENTED_EDGE ( 'NONE', *, *, #2254, .T. ) ;
#2781 = AXIS2_PLACEMENT_3D ( 'NONE', #3094, #621, #1713 ) ;
#2782 = CARTESIAN_POINT ( 'NONE',  ( 12.84008204457447455, -43.87893313116376959, 0.000000000000000000 ) ) ;
#2783 = ADVANCED_FACE ( 'NONE', ( #1890 ), #1383, .F. ) ;
#2784 = EDGE_CURVE ( 'NONE', #1295, #1475, #3006, .T. ) ;
#2785 = VECTOR ( 'NONE', #41, 1000.000000000000000 ) ;
#2786 = PLANE ( 'NONE',  #48 ) ;
#2787 = DIRECTION ( 'NONE',  ( -0.000000000000000000, -0.000000000000000000, -1.000000000000000000 ) ) ;
#2788 = VERTEX_POINT ( 'NONE', #3575 ) ;
#2789 = LINE ( 'NONE', #1258, #862 ) ;
#2790 = DIRECTION ( 'NONE',  ( -1.000000000000000000, 0.000000000000000000, 0.000000000000000000 ) ) ;
#2791 = EDGE_CURVE ( 'NONE', #2187, #787, #2893, .T. ) ;
#2792 = DIRECTION ( 'NONE',  ( -2.775557561562892140E-15, -6.293636852642899475E-31, -1.000000000000000000 ) ) ;
#2793 = CARTESIAN_POINT ( 'NONE',  ( 11.34008204457434310, -56.37893313116376959, 0.000000000000000000 ) ) ;
#2794 = AXIS2_PLACEMENT_3D ( 'NONE', #537, #333, #3008 ) ;
#2795 = ORIENTED_EDGE ( 'NONE', *, *, #481, .T. ) ;
#2796 = DIRECTION ( 'NONE',  ( 0.000000000000000000, 0.000000000000000000, -1.000000000000000000 ) ) ;
#2797 = VERTEX_POINT ( 'NONE', #2195 ) ;
#2798 = FACE_BOUND ( 'NONE', #2471, .T. ) ;
#2799 = CARTESIAN_POINT ( 'NONE',  ( -22.06889101411282184, -1.384321345430710393, 6.125347732952819297E-14 ) ) ;
#2800 = CARTESIAN_POINT ( 'NONE',  ( 26.35000000000001563, 27.74999999999999645, 0.000000000000000000 ) ) ;
#2802 = CIRCLE ( 'NONE', #2971, 1.500000000000001332 ) ;
#2801 = CARTESIAN_POINT ( 'NONE',  ( 28.00000000000000355, 30.50000000000000000, 10.00000000000000000 ) ) ;
#2803 = DIRECTION ( 'NONE',  ( -1.000000000000000000, 0.000000000000000000, 2.312964634635740689E-15 ) ) ;
#2804 = EDGE_LOOP ( 'NONE', ( #1283, #1485 ) ) ;
#2805 = EDGE_CURVE ( 'NONE', #2907, #2301, #3484, .T. ) ;
#2806 = DIRECTION ( 'NONE',  ( 0.000000000000000000, 0.000000000000000000, -1.000000000000000000 ) ) ;
#2807 = ORIENTED_EDGE ( 'NONE', *, *, #1315, .F. ) ;
#2808 = DIRECTION ( 'NONE',  ( 2.775557561562891745E-15, 6.293636852642898599E-31, 1.000000000000000000 ) ) ;
#2809 = CARTESIAN_POINT ( 'NONE',  ( -22.53502857718831720, -17.03317133725616017, 6.254726896745089399E-14 ) ) ;
#2810 = VECTOR ( 'NONE', #1833, 1000.000000000000000 ) ;
#2811 = CARTESIAN_POINT ( 'NONE',  ( 12.84008204457460600, -31.37893313116376603, 10.00000000000006928 ) ) ;
#2812 = VERTEX_POINT ( 'NONE', #2175 ) ;
#2813 = CARTESIAN_POINT ( 'NONE',  ( 28.00000000000000355, 30.50000000000000000, 0.000000000000000000 ) ) ;
#2814 = CARTESIAN_POINT ( 'NONE',  ( -29.99999999999998579, -62.50000000000000000, 10.00000000000000000 ) ) ;
#2815 = CARTESIAN_POINT ( 'NONE',  ( 7.879915765897690605, -51.88490441556261601, 0.000000000000000000 ) ) ;
#2816 = VERTEX_POINT ( 'NONE', #830 ) ;
#2817 = CARTESIAN_POINT ( 'NONE',  ( -11.34008204457485469, -31.37893313116377314, 0.000000000000000000 ) ) ;
#2818 = DIRECTION ( 'NONE',  ( 2.775557561562891745E-15, 6.293636852642898599E-31, 1.000000000000000000 ) ) ;
#2819 = DIRECTION ( 'NONE',  ( 1.000000000000000000, 0.000000000000000000, -2.891205793294679017E-15 ) ) ;
#2820 = ORIENTED_EDGE ( 'NONE', *, *, #1237, .T. ) ;
#2821 = CARTESIAN_POINT ( 'NONE',  ( -15.78459127458936528, 3.751711472399177794, 10.00000000000004441 ) ) ;
#2822 = ORIENTED_EDGE ( 'NONE', *, *, #1196, .T. ) ;
#2823 = EDGE_CURVE ( 'NONE', #3226, #3123, #2662, .T. ) ;
#2824 = FACE_BOUND ( 'NONE', #3370, .T. ) ;
#2825 = CARTESIAN_POINT ( 'NONE',  ( -6.379915765898464208, -51.88490441556262311, 10.00000000000006928 ) ) ;
#2826 = VECTOR ( 'NONE', #2206, 1000.000000000000000 ) ;
#2827 = ADVANCED_FACE ( 'NONE', ( #1432 ), #124, .F. ) ;
#2828 = CIRCLE ( 'NONE', #926, 1.500000000000000444 ) ;
#2829 = DIRECTION ( 'NONE',  ( 1.000000000000000000, 0.000000000000000000, -2.312964634635743450E-15 ) ) ;
#2830 = DIRECTION ( 'NONE',  ( -1.000000000000000000, 0.000000000000000000, 0.000000000000000000 ) ) ;
#2831 = AXIS2_PLACEMENT_3D ( 'NONE', #183, #153, #1239 ) ;
#2832 = ORIENTED_EDGE ( 'NONE', *, *, #3181, .F. ) ;
#2833 = EDGE_CURVE ( 'NONE', #2478, #2050, #68, .T. ) ;
#2834 = DIRECTION ( 'NONE',  ( -0.000000000000000000, -0.000000000000000000, -1.000000000000000000 ) ) ;
#2835 = AXIS2_PLACEMENT_3D ( 'NONE', #2079, #1858, #505 ) ;
#2836 = DIRECTION ( 'NONE',  ( -1.000000000000000000, 0.000000000000000000, 0.000000000000000000 ) ) ;
#2837 = CARTESIAN_POINT ( 'NONE',  ( -22.06889101411279341, -1.384321345430710393, 10.00000000000006040 ) ) ;
#2838 = VERTEX_POINT ( 'NONE', #1163 ) ;
#2839 = ORIENTED_EDGE ( 'NONE', *, *, #113, .T. ) ;
#2840 = DIRECTION ( 'NONE',  ( 0.000000000000000000, 0.000000000000000000, -1.000000000000000000 ) ) ;
#2841 = ORIENTED_EDGE ( 'NONE', *, *, #2100, .F. ) ;
#2842 = AXIS2_PLACEMENT_3D ( 'NONE', #3282, #2137, #846 ) ;
#2843 = EDGE_CURVE ( 'NONE', #493, #1043, #710, .T. ) ;
#2844 = ORIENTED_EDGE ( 'NONE', *, *, #2450, .F. ) ;
#2845 = CARTESIAN_POINT ( 'NONE',  ( -12.84008204457498614, -43.87893313116376959, 10.00000000000006928 ) ) ;
#2846 = CIRCLE ( 'NONE', #1288, 1.500000000000001332 ) ;
#2847 = AXIS2_PLACEMENT_3D ( 'NONE', #1638, #1368, #1909 ) ;
#2848 = CARTESIAN_POINT ( 'NONE',  ( 21.06575960438028616, -37.39772158955816650, 0.000000000000000000 ) ) ;
#2849 = EDGE_CURVE ( 'NONE', #65, #3302, #2548, .T. ) ;
#2850 = ORIENTED_EDGE ( 'NONE', *, *, #1501, .F. ) ;
#2851 = AXIS2_PLACEMENT_3D ( 'NONE', #3409, #2019, #3125 ) ;
#2852 = EDGE_CURVE ( 'NONE', #203, #1865, #2379, .T. ) ;
#2853 = CARTESIAN_POINT ( 'NONE',  ( 4.879915765898080515, 0.5015657048662146567, 0.000000000000000000 ) ) ;
#2854 = CARTESIAN_POINT ( 'NONE',  ( 4.879915765897691493, -51.88490441556261601, 10.00000000000006928 ) ) ;
#2855 = DIRECTION ( 'NONE',  ( -0.000000000000000000, -0.000000000000000000, -1.000000000000000000 ) ) ;
#2856 = CARTESIAN_POINT ( 'NONE',  ( -6.379915765898045876, -14.38490441556261423, 10.00000000000001776 ) ) ;
#2857 = FACE_BOUND ( 'NONE', #477, .T. ) ;
#2858 = VERTEX_POINT ( 'NONE', #1146 ) ;
#2859 = ORIENTED_EDGE ( 'NONE', *, *, #3101, .T. ) ;
#2860 = CARTESIAN_POINT ( 'NONE',  ( -22.56575960438053841, -37.39772158955817360, 0.000000000000000000 ) ) ;
#2861 = CARTESIAN_POINT ( 'NONE',  ( -12.23820319873526330, -6.159226855756934071, 10.00000000000003553 ) ) ;
#2862 = CARTESIAN_POINT ( 'NONE',  ( 22.56575960438041761, -24.89772158955816650, 10.00000000000000000 ) ) ;
#2863 = VECTOR ( 'NONE', #753, 1000.000000000000000 ) ;
#2864 = ORIENTED_EDGE ( 'NONE', *, *, #1922, .F. ) ;
#2865 = ADVANCED_FACE ( 'NONE', ( #614 ), #595, .F. ) ;
#2866 = LINE ( 'NONE', #905, #885 ) ;
#2867 = VERTEX_POINT ( 'NONE', #1690 ) ;
#2868 = CIRCLE ( 'NONE', #1313, 1.500000000000000444 ) ;
#2869 = CARTESIAN_POINT ( 'NONE',  ( 7.879915765897822055, -39.38490441556260890, 0.000000000000000000 ) ) ;
#2870 = VERTEX_POINT ( 'NONE', #2793 ) ;
#2871 = CARTESIAN_POINT ( 'NONE',  ( -14.34008204457470015, -18.87893313116376959, 10.00000000000004086 ) ) ;
#2872 = FACE_BOUND ( 'NONE', #3569, .T. ) ;
#2873 = EDGE_LOOP ( 'NONE', ( #2572, #1728, #616, #3329 ) ) ;
#2874 = CARTESIAN_POINT ( 'NONE',  ( -29.99999999999998579, -62.50000000000000000, 0.000000000000000000 ) ) ;
#2875 = DIRECTION ( 'NONE',  ( -1.000000000000000000, 0.000000000000000000, 0.000000000000000000 ) ) ;
#2876 = EDGE_LOOP ( 'NONE', ( #1736, #2083, #3133, #3534 ) ) ;
#2877 = EDGE_LOOP ( 'NONE', ( #1118, #2696 ) ) ;
#2878 = DIRECTION ( 'NONE',  ( 0.000000000000000000, 0.000000000000000000, -1.000000000000000000 ) ) ;
#2879 = CARTESIAN_POINT ( 'NONE',  ( 6.379915765897690605, -51.88490441556261601, 0.000000000000000000 ) ) ;
#2880 = CIRCLE ( 'NONE', #756, 1.500000000000001332 ) ;
#2881 = ADVANCED_FACE ( 'NONE', ( #2270 ), #1708, .F. ) ;
#2882 = DIRECTION ( 'NONE',  ( 0.000000000000000000, 0.000000000000000000, -1.000000000000000000 ) ) ;
#2883 = ADVANCED_FACE ( 'NONE', ( #2551 ), #388, .F. ) ;
#2884 = DIRECTION ( 'NONE',  ( -1.000000000000000000, 0.000000000000000000, 0.000000000000000000 ) ) ;
#2885 = VERTEX_POINT ( 'NONE', #3137 ) ;
#2886 = CARTESIAN_POINT ( 'NONE',  ( -27.99999999999998934, 30.50000000000000000, 0.000000000000000000 ) ) ;
#2887 = FACE_BOUND ( 'NONE', #1069, .T. ) ;
#2888 = DIRECTION ( 'NONE',  ( -0.000000000000000000, -0.000000000000000000, -1.000000000000000000 ) ) ;
#2889 = ORIENTED_EDGE ( 'NONE', *, *, #563, .F. ) ;
#2890 = ADVANCED_FACE ( 'NONE', ( #2571 ), #3374, .T. ) ;
#2891 = ORIENTED_EDGE ( 'NONE', *, *, #1349, .T. ) ;
#2892 = VECTOR ( 'NONE', #1710, 1000.000000000000000 ) ;
#2893 = CIRCLE ( 'NONE', #3366, 1.500000000000001332 ) ;
#2894 = EDGE_LOOP ( 'NONE', ( #746, #2515, #405, #764 ) ) ;
#2895 = DIRECTION ( 'NONE',  ( -1.000000000000000000, 0.000000000000000000, 0.000000000000000000 ) ) ;
#2896 = CIRCLE ( 'NONE', #1799, 1.500000000000001332 ) ;
#2897 = LINE ( 'NONE', #3230, #81 ) ;
#2898 = CARTESIAN_POINT ( 'NONE',  ( 11.34008204457473390, -18.87893313116376603, 10.00000000000000000 ) ) ;
#2899 = AXIS2_PLACEMENT_3D ( 'NONE', #93, #1724, #1183 ) ;
#2900 = DIRECTION ( 'NONE',  ( 0.000000000000000000, 0.000000000000000000, -1.000000000000000000 ) ) ;
#2901 = VECTOR ( 'NONE', #1410, 1000.000000000000000 ) ;
#2902 = VECTOR ( 'NONE', #1719, 1000.000000000000000 ) ;
#2903 = CARTESIAN_POINT ( 'NONE',  ( -12.78459127458936528, 3.751711472399178682, 10.00000000000003730 ) ) ;
#2904 = CARTESIAN_POINT ( 'NONE',  ( 12.84008204457434488, -56.37893313116376959, 0.000000000000000000 ) ) ;
#2905 = CARTESIAN_POINT ( 'NONE',  ( 4.879915765898080515, -14.38490441556261068, 10.00000000000000000 ) ) ;
#2906 = ORIENTED_EDGE ( 'NONE', *, *, #2181, .T. ) ;
#2907 = VERTEX_POINT ( 'NONE', #2585 ) ;
#2908 = ADVANCED_FACE ( 'NONE', ( #107 ), #899, .F. ) ;
#2909 = DIRECTION ( 'NONE',  ( 1.000000000000000000, 0.000000000000000000, 0.000000000000000000 ) ) ;
#2910 = ORIENTED_EDGE ( 'NONE', *, *, #1232, .T. ) ;
#2911 = ORIENTED_EDGE ( 'NONE', *, *, #1884, .F. ) ;
#2912 = VERTEX_POINT ( 'NONE', #629 ) ;
#2913 = CARTESIAN_POINT ( 'NONE',  ( -12.84008204457511759, -56.37893313116378380, 0.000000000000000000 ) ) ;
#2914 = AXIS2_PLACEMENT_3D ( 'NONE', #207, #973, #1565 ) ;
#2915 = CARTESIAN_POINT ( 'NONE',  ( -29.99999999999999289, 32.50000000000000000, 10.00000000000000000 ) ) ;
#2916 = CARTESIAN_POINT ( 'NONE',  ( 19.56575960438041406, -24.89772158955816650, 0.000000000000000000 ) ) ;
#2917 = CARTESIAN_POINT ( 'NONE',  ( -4.879915765898463320, -51.88490441556262311, 10.00000000000006928 ) ) ;
#2918 = CARTESIAN_POINT ( 'NONE',  ( -19.56575960438053841, -37.39772158955817360, 10.00000000000006928 ) ) ;
#2919 = FACE_OUTER_BOUND ( 'NONE', #1010, .T. ) ;
#2920 = AXIS2_PLACEMENT_3D ( 'NONE', #660, #391, #1757 ) ;
#2921 = DIRECTION ( 'NONE',  ( -1.000000000000000000, 0.000000000000000000, 2.312964634635740689E-15 ) ) ;
#2922 = DIRECTION ( 'NONE',  ( -0.000000000000000000, -0.000000000000000000, -1.000000000000000000 ) ) ;
#2923 = ORIENTED_EDGE ( 'NONE', *, *, #666, .F. ) ;
#2924 = CARTESIAN_POINT ( 'NONE',  ( 1.149254302834634700E-14, -22.20932941147529505, 10.00000000000000000 ) ) ;
#2925 = ORIENTED_EDGE ( 'NONE', *, *, #2035, .F. ) ;
#2926 = EDGE_CURVE ( 'NONE', #2613, #2948, #1112, .T. ) ;
#2927 = ORIENTED_EDGE ( 'NONE', *, *, #3342, .T. ) ;
#2928 = CARTESIAN_POINT ( 'NONE',  ( -7.879915765898335422, -39.38490441556261601, 10.00000000000006928 ) ) ;
#2929 = EDGE_LOOP ( 'NONE', ( #2567, #1303, #2, #2332 ) ) ;
#2930 = ADVANCED_FACE ( 'NONE', ( #2016 ), #3122, .F. ) ;
#2931 = ORIENTED_EDGE ( 'NONE', *, *, #1148, .T. ) ;
#2932 = ADVANCED_FACE ( 'NONE', ( #2032 ), #1755, .F. ) ;
#2933 = CARTESIAN_POINT ( 'NONE',  ( 0.000000000000000000, 32.50000000000000000, 10.00000000000000000 ) ) ;
#2934 = DIRECTION ( 'NONE',  ( -0.000000000000000000, -0.000000000000000000, 1.000000000000000000 ) ) ;
#2935 = EDGE_CURVE ( 'NONE', #2469, #1991, #1830, .T. ) ;
#2936 = EDGE_CURVE ( 'NONE', #1178, #1789, #2317, .T. ) ;
#2937 = FACE_OUTER_BOUND ( 'NONE', #489, .T. ) ;
#2938 = VECTOR ( 'NONE', #1644, 1000.000000000000000 ) ;
#2939 = ORIENTED_EDGE ( 'NONE', *, *, #2522, .F. ) ;
#2940 = AXIS2_PLACEMENT_3D ( 'NONE', #3490, #328, #908 ) ;
#2941 = PRESENTATION_STYLE_ASSIGNMENT (( #1839 ) ) ;
#2942 = CARTESIAN_POINT ( 'NONE',  ( -29.99999999999998224, -52.49999999999999289, 10.00000000000000000 ) ) ;
#2943 = LINE ( 'NONE', #1282, #251 ) ;
#2944 = EDGE_LOOP ( 'NONE', ( #2864, #1181, #986, #1856 ) ) ;
#2945 = EDGE_LOOP ( 'NONE', ( #773, #3023 ) ) ;
#2946 = CARTESIAN_POINT ( 'NONE',  ( 22.87139614189873882, 8.205614931611046714, 0.000000000000000000 ) ) ;
#2947 = ORIENTED_EDGE ( 'NONE', *, *, #1476, .F. ) ;
#2948 = VERTEX_POINT ( 'NONE', #958 ) ;
#2949 = DIRECTION ( 'NONE',  ( 0.000000000000000000, 0.000000000000000000, -1.000000000000000000 ) ) ;
#2950 = DIRECTION ( 'NONE',  ( -0.000000000000000000, 0.000000000000000000, -1.000000000000000000 ) ) ;
#2951 = EDGE_LOOP ( 'NONE', ( #2850, #136, #2013, #2053 ) ) ;
#2952 = LINE ( 'NONE', #478, #777 ) ;
#2953 = VECTOR ( 'NONE', #700, 1000.000000000000000 ) ;
#2954 = ORIENTED_EDGE ( 'NONE', *, *, #965, .F. ) ;
#2955 = EDGE_CURVE ( 'NONE', #211, #1487, #2271, .T. ) ;
#2956 = CIRCLE ( 'NONE', #3016, 1.500000000000001332 ) ;
#2957 = AXIS2_PLACEMENT_3D ( 'NONE', #2280, #3386, #1731 ) ;
#2958 = EDGE_CURVE ( 'NONE', #733, #2985, #748, .T. ) ;
#2959 =( NAMED_UNIT ( * ) PLANE_ANGLE_UNIT ( ) SI_UNIT ( $, .RADIAN. ) );
#2960 = CARTESIAN_POINT ( 'NONE',  ( 1.149254302834634700E-14, -22.20932941147529505, 10.00000000000000000 ) ) ;
#2961 = CARTESIAN_POINT ( 'NONE',  ( -6.379915765898464208, -51.88490441556262311, 0.000000000000000000 ) ) ;
#2962 = VECTOR ( 'NONE', #3274, 1000.000000000000000 ) ;
#2963 = ORIENTED_EDGE ( 'NONE', *, *, #1131, .T. ) ;
#2964 = ORIENTED_EDGE ( 'NONE', *, *, #1658, .T. ) ;
#2965 = CARTESIAN_POINT ( 'NONE',  ( 19.56575960438028261, -37.39772158955816650, 10.00000000000006928 ) ) ;
#2966 = CARTESIAN_POINT ( 'NONE',  ( 19.91749268268688766, -11.21500916080822030, 10.00000000000000000 ) ) ;
#2967 = CARTESIAN_POINT ( 'NONE',  ( 21.37139614189873527, 8.205614931611046714, 0.000000000000000000 ) ) ;
#2968 = DIRECTION ( 'NONE',  ( 0.000000000000000000, 0.000000000000000000, -1.000000000000000000 ) ) ;
#2969 = DIRECTION ( 'NONE',  ( 1.000000000000000000, 0.000000000000000000, -2.312964634635743450E-15 ) ) ;
#2970 = DIRECTION ( 'NONE',  ( 1.000000000000000000, 0.000000000000000000, 0.000000000000000000 ) ) ;
#2971 = AXIS2_PLACEMENT_3D ( 'NONE', #3078, #325, #3383 ) ;
#2972 = EDGE_LOOP ( 'NONE', ( #1783, #500 ) ) ;
#2973 = CARTESIAN_POINT ( 'NONE',  ( -22.56575960438037853, -24.89772158955817716, 10.00000000000006217 ) ) ;
#2974 = LINE ( 'NONE', #799, #3325 ) ;
#2975 = EDGE_CURVE ( 'NONE', #2478, #1060, #2497, .T. ) ;
#2976 = VERTEX_POINT ( 'NONE', #1813 ) ;
#2977 = AXIS2_PLACEMENT_3D ( 'NONE', #2913, #441, #1538 ) ;
#2978 =( NAMED_UNIT ( * ) SI_UNIT ( $, .STERADIAN. ) SOLID_ANGLE_UNIT ( ) );
#2979 = CARTESIAN_POINT ( 'NONE',  ( -29.99999999999999289, 30.50000000000000000, 10.00000000000000000 ) ) ;
#2980 = FACE_OUTER_BOUND ( 'NONE', #3176, .T. ) ;
#2981 = EDGE_CURVE ( 'NONE', #1562, #2018, #1457, .T. ) ;
#2982 = ORIENTED_EDGE ( 'NONE', *, *, #1082, .F. ) ;
#2983 = EDGE_LOOP ( 'NONE', ( #3421, #2003, #2394, #653 ) ) ;
#2984 = FACE_OUTER_BOUND ( 'NONE', #847, .T. ) ;
#2985 = VERTEX_POINT ( 'NONE', #1499 ) ;
#2986 = VERTEX_POINT ( 'NONE', #2928 ) ;
#2987 = DIRECTION ( 'NONE',  ( 0.000000000000000000, 0.000000000000000000, -1.000000000000000000 ) ) ;
#2988 = CARTESIAN_POINT ( 'NONE',  ( 4.879915765897691493, -51.88490441556261601, 10.00000000000006928 ) ) ;
#2989 = CARTESIAN_POINT ( 'NONE',  ( -23.56889101411279697, -1.384321345430710393, 10.00000000000006395 ) ) ;
#2990 = EDGE_CURVE ( 'NONE', #332, #920, #937, .T. ) ;
#2991 = ORIENTED_EDGE ( 'NONE', *, *, #1063, .T. ) ;
#2992 = CARTESIAN_POINT ( 'NONE',  ( 11.34008204457460423, -31.37893313116376603, 10.00000000000006928 ) ) ;
#2993 = CARTESIAN_POINT ( 'NONE',  ( -27.99999999999998934, 30.50000000000000000, 10.00000000000000000 ) ) ;
#2994 = DIRECTION ( 'NONE',  ( -1.000000000000000000, 0.000000000000000000, 0.000000000000000000 ) ) ;
#2995 = EDGE_CURVE ( 'NONE', #726, #2788, #2677, .T. ) ;
#2996 = CARTESIAN_POINT ( 'NONE',  ( -25.75000000000000355, 27.74999999999998579, 10.00000000000007105 ) ) ;
#2997 = EDGE_LOOP ( 'NONE', ( #1129, #342, #959, #347 ) ) ;
#2998 = PLANE ( 'NONE',  #496 ) ;
#2999 = FACE_BOUND ( 'NONE', #187, .T. ) ;
#3000 = DIRECTION ( 'NONE',  ( -1.000000000000000000, 0.000000000000000000, 0.000000000000000000 ) ) ;
#3001 = VERTEX_POINT ( 'NONE', #1534 ) ;
#3002 = EDGE_CURVE ( 'NONE', #393, #1364, #423, .T. ) ;
#3003 = ORIENTED_EDGE ( 'NONE', *, *, #578, .F. ) ;
#3004 = AXIS2_PLACEMENT_3D ( 'NONE', #444, #2377, #2057 ) ;
#3005 = ORIENTED_EDGE ( 'NONE', *, *, #2784, .F. ) ;
#3006 = LINE ( 'NONE', #21, #3541 ) ;
#3007 = EDGE_CURVE ( 'NONE', #1838, #1115, #3225, .T. ) ;
#3008 = DIRECTION ( 'NONE',  ( -1.000000000000000000, 0.000000000000000000, 0.000000000000000000 ) ) ;
#3009 = DIRECTION ( 'NONE',  ( 2.775557561562891745E-15, 6.293636852642898599E-31, 1.000000000000000000 ) ) ;
#3010 = ORIENTED_EDGE ( 'NONE', *, *, #2833, .F. ) ;
#3011 = VECTOR ( 'NONE', #1491, 1000.000000000000000 ) ;
#3012 = AXIS2_PLACEMENT_3D ( 'NONE', #1325, #2445, #1401 ) ;
#3013 = CARTESIAN_POINT ( 'NONE',  ( -6.379915765898334534, -39.38490441556261601, 0.000000000000000000 ) ) ;
#3014 = EDGE_LOOP ( 'NONE', ( #2703, #1480, #3524, #1423 ) ) ;
#3015 = ORIENTED_EDGE ( 'NONE', *, *, #3422, .T. ) ;
#3016 = AXIS2_PLACEMENT_3D ( 'NONE', #2946, #469, #1216 ) ;
#3017 = CYLINDRICAL_SURFACE ( 'NONE', #2547, 1.500000000000001332 ) ;
#3018 = ORIENTED_EDGE ( 'NONE', *, *, #1168, .F. ) ;
#3019 = CIRCLE ( 'NONE', #3256, 1.500000000000000888 ) ;
#3020 = MECHANICAL_DESIGN_GEOMETRIC_PRESENTATION_REPRESENTATION (  '', ( #998 ), #92 ) ;
#3021 = FACE_BOUND ( 'NONE', #2438, .T. ) ;
#3022 = LINE ( 'NONE', #552, #3193 ) ;
#3023 = ORIENTED_EDGE ( 'NONE', *, *, #3114, .T. ) ;
#3024 = AXIS2_PLACEMENT_3D ( 'NONE', #2184, #521, #1896 ) ;
#3025 = CIRCLE ( 'NONE', #1120, 1.500000000000001332 ) ;
#3026 = VERTEX_POINT ( 'NONE', #2387 ) ;
#3027 = CARTESIAN_POINT ( 'NONE',  ( -25.75000000000000355, 27.74999999999998579, 10.00000000000007105 ) ) ;
#3028 = EDGE_CURVE ( 'NONE', #1139, #193, #2381, .T. ) ;
#3029 = AXIS2_PLACEMENT_3D ( 'NONE', #150, #3450, #2895 ) ;
#3030 = FACE_OUTER_BOUND ( 'NONE', #2426, .T. ) ;
#3031 = CARTESIAN_POINT ( 'NONE',  ( 25.75000000000001421, 27.74999999999999645, 0.000000000000000000 ) ) ;
#3032 = ORIENTED_EDGE ( 'NONE', *, *, #1005, .T. ) ;
#3033 = DIRECTION ( 'NONE',  ( 2.775557561562891745E-15, 6.293636852642898599E-31, 1.000000000000000000 ) ) ;
#3034 = CARTESIAN_POINT ( 'NONE',  ( -19.91749268268685569, -11.21500916080822918, 10.00000000000005329 ) ) ;
#3035 = ORIENTED_EDGE ( 'NONE', *, *, #2607, .T. ) ;
#3036 = ORIENTED_EDGE ( 'NONE', *, *, #2263, .T. ) ;
#3037 = DIRECTION ( 'NONE',  ( 0.000000000000000000, 0.000000000000000000, 1.000000000000000000 ) ) ;
#3038 = DIRECTION ( 'NONE',  ( -0.000000000000000000, -0.000000000000000000, -1.000000000000000000 ) ) ;
#3039 = ORIENTED_EDGE ( 'NONE', *, *, #53, .F. ) ;
#3040 = ORIENTED_EDGE ( 'NONE', *, *, #2849, .F. ) ;
#3041 = FACE_BOUND ( 'NONE', #3273, .T. ) ;
#3042 = CYLINDRICAL_SURFACE ( 'NONE', #1802, 1.500000000000001332 ) ;
#3043 = VERTEX_POINT ( 'NONE', #975 ) ;
#3044 = PRODUCT_RELATED_PRODUCT_CATEGORY ( 'part', '', ( #605 ) ) ;
#3045 = VERTEX_POINT ( 'NONE', #2598 ) ;
#3046 = DIRECTION ( 'NONE',  ( -0.000000000000000000, -0.000000000000000000, -1.000000000000000000 ) ) ;
#3047 = DIRECTION ( 'NONE',  ( -2.775557561562892140E-15, -6.293636852642899475E-31, -1.000000000000000000 ) ) ;
#3048 = CARTESIAN_POINT ( 'NONE',  ( -26.35000000000000142, 27.74999999999998579, 10.00000000000007283 ) ) ;
#3049 = EDGE_CURVE ( 'NONE', #1161, #3235, #1049, .T. ) ;
#3050 = EDGE_CURVE ( 'NONE', #2885, #2483, #1567, .T. ) ;
#3051 = CIRCLE ( 'NONE', #2324, 0.5999999999999998668 ) ;
#3052 = DIRECTION ( 'NONE',  ( 1.000000000000000000, 5.782411586589351722E-16, -2.312964634635740689E-15 ) ) ;
#3053 = AXIS2_PLACEMENT_3D ( 'NONE', #139, #1211, #3171 ) ;
#3054 = DIRECTION ( 'NONE',  ( -1.000000000000000000, 0.000000000000000000, 0.000000000000000000 ) ) ;
#3055 = CYLINDRICAL_SURFACE ( 'NONE', #2444, 0.5999999999999998668 ) ;
#3056 = EDGE_LOOP ( 'NONE', ( #1847, #580, #277, #565 ) ) ;
#3057 = ORIENTED_EDGE ( 'NONE', *, *, #2843, .F. ) ;
#3058 = DIRECTION ( 'NONE',  ( -2.775557561562892140E-15, -6.293636852642899475E-31, -1.000000000000000000 ) ) ;
#3059 = DIRECTION ( 'NONE',  ( 2.775557561562891745E-15, 6.293636852642898599E-31, 1.000000000000000000 ) ) ;
#3060 = LINE ( 'NONE', #3131, #1406 ) ;
#3061 = ORIENTED_EDGE ( 'NONE', *, *, #2504, .T. ) ;
#3062 = CARTESIAN_POINT ( 'NONE',  ( -27.99999999999998934, 32.50000000000000000, 10.00000000000000000 ) ) ;
#3063 = VECTOR ( 'NONE', #318, 1000.000000000000000 ) ;
#3064 = DIRECTION ( 'NONE',  ( 2.775557561562891745E-15, 6.293636852642898599E-31, 1.000000000000000000 ) ) ;
#3065 = ORIENTED_EDGE ( 'NONE', *, *, #2641, .T. ) ;
#3066 = DIRECTION ( 'NONE',  ( -0.000000000000000000, -0.000000000000000000, -1.000000000000000000 ) ) ;
#3067 = DIRECTION ( 'NONE',  ( 1.000000000000000000, 0.000000000000000000, -2.775557561562892140E-15 ) ) ;
#3068 = EDGE_LOOP ( 'NONE', ( #2679, #749 ) ) ;
#3069 = AXIS2_PLACEMENT_3D ( 'NONE', #1700, #3555, #1102 ) ;
#3070 = AXIS2_PLACEMENT_3D ( 'NONE', #1435, #2574, #662 ) ;
#3071 = DIRECTION ( 'NONE',  ( -0.000000000000000000, -0.000000000000000000, -1.000000000000000000 ) ) ;
#3072 = AXIS2_PLACEMENT_3D ( 'NONE', #1958, #3059, #2761 ) ;
#3073 = EDGE_LOOP ( 'NONE', ( #1172, #3172, #278, #1164 ) ) ;
#3074 = EDGE_CURVE ( 'NONE', #2759, #154, #2956, .T. ) ;
#3075 = CARTESIAN_POINT ( 'NONE',  ( -12.84008204457469837, -18.87893313116376959, 10.00000000000003730 ) ) ;
#3076 = AXIS2_PLACEMENT_3D ( 'NONE', #1764, #1224, #114 ) ;
#3077 = DIRECTION ( 'NONE',  ( 1.000000000000000000, 0.000000000000000000, -2.891205793294679017E-15 ) ) ;
#3078 = CARTESIAN_POINT ( 'NONE',  ( -24.03502857718831720, -17.03317133725616017, 6.671060530979523102E-14 ) ) ;
#3079 = ADVANCED_FACE ( 'NONE', ( #2052 ), #695, .F. ) ;
#3080 = CIRCLE ( 'NONE', #599, 1.500000000000001332 ) ;
#3081 = FACE_OUTER_BOUND ( 'NONE', #195, .T. ) ;
#3082 = CARTESIAN_POINT ( 'NONE',  ( -22.56575960438053841, -37.39772158955817360, 10.00000000000006928 ) ) ;
#3083 = EDGE_LOOP ( 'NONE', ( #3187, #1124, #2839, #1632 ) ) ;
#3084 = CARTESIAN_POINT ( 'NONE',  ( 19.56575960438015471, -49.89772158955817360, 10.00000000000006928 ) ) ;
#3085 = ORIENTED_EDGE ( 'NONE', *, *, #3364, .F. ) ;
#3086 = VECTOR ( 'NONE', #1942, 1000.000000000000000 ) ;
#3087 = CARTESIAN_POINT ( 'NONE',  ( -12.84008204457485647, -31.37893313116377314, 0.000000000000000000 ) ) ;
#3088 = DIRECTION ( 'NONE',  ( -0.000000000000000000, -0.000000000000000000, -1.000000000000000000 ) ) ;
#3089 = AXIS2_PLACEMENT_3D ( 'NONE', #2437, #3320, #267 ) ;
#3090 = DIRECTION ( 'NONE',  ( 0.000000000000000000, 0.000000000000000000, -1.000000000000000000 ) ) ;
#3091 = EDGE_LOOP ( 'NONE', ( #804, #3355 ) ) ;
#3092 = CARTESIAN_POINT ( 'NONE',  ( -22.87139614189874237, 8.205614931611036056, 6.348087650514740067E-14 ) ) ;
#3093 = ORIENTED_EDGE ( 'NONE', *, *, #666, .T. ) ;
#3094 = CARTESIAN_POINT ( 'NONE',  ( -6.379915765898464208, -51.88490441556262311, 10.00000000000006928 ) ) ;
#3095 = EDGE_CURVE ( 'NONE', #2301, #2907, #891, .T. ) ;
#3096 = DIRECTION ( 'NONE',  ( -0.000000000000000000, -0.000000000000000000, -1.000000000000000000 ) ) ;
#3097 = LINE ( 'NONE', #62, #3141 ) ;
#3098 = CARTESIAN_POINT ( 'NONE',  ( -19.56575960438066630, -49.89772158955818071, 10.00000000000006928 ) ) ;
#3099 = ORIENTED_EDGE ( 'NONE', *, *, #1872, .F. ) ;
#3100 = CARTESIAN_POINT ( 'NONE',  ( 12.84008204457460600, -31.37893313116376603, 10.00000000000006928 ) ) ;
#3101 = EDGE_CURVE ( 'NONE', #1301, #2976, #2726, .T. ) ;
#3102 = ORIENTED_EDGE ( 'NONE', *, *, #1758, .T. ) ;
#3103 = FACE_BOUND ( 'NONE', #872, .T. ) ;
#3104 = AXIS2_PLACEMENT_3D ( 'NONE', #2392, #474, #1324 ) ;
#3105 = DIRECTION ( 'NONE',  ( -1.000000000000000000, 0.000000000000000000, 0.000000000000000000 ) ) ;
#3106 = CYLINDRICAL_SURFACE ( 'NONE', #2257, 1.500000000000001332 ) ;
#3107 = ADVANCED_FACE ( 'NONE', ( #2335 ), #158, .F. ) ;
#3108 = PRODUCT_CONTEXT ( 'NONE', #2486, 'mechanical' ) ;
#3109 = CARTESIAN_POINT ( 'NONE',  ( -19.56575960438053841, -37.39772158955817360, 10.00000000000006928 ) ) ;
#3110 = ORIENTED_EDGE ( 'NONE', *, *, #2778, .T. ) ;
#3111 = ADVANCED_BREP_SHAPE_REPRESENTATION ( 'monkey K \X2\8f6c63a55e955ea7\X0\(1)-\X2\7ad652a0\X0\3cm', ( #3508, #950 ), #3148 ) ;
#3112 = ADVANCED_FACE ( 'NONE', ( #3531 ), #528, .F. ) ;
#3113 = DIRECTION ( 'NONE',  ( 0.000000000000000000, 0.000000000000000000, -1.000000000000000000 ) ) ;
#3114 = EDGE_CURVE ( 'NONE', #3347, #2729, #602, .T. ) ;
#3115 = CARTESIAN_POINT ( 'NONE',  ( 6.379915765898081403, 0.5015657048662146567, 10.00000000000000000 ) ) ;
#3116 = DIRECTION ( 'NONE',  ( -0.000000000000000000, -0.000000000000000000, -1.000000000000000000 ) ) ;
#3117 = EDGE_LOOP ( 'NONE', ( #911, #1521 ) ) ;
#3118 = FACE_BOUND ( 'NONE', #70, .T. ) ;
#3119 = ORIENTED_EDGE ( 'NONE', *, *, #2011, .T. ) ;
#3120 = DIRECTION ( 'NONE',  ( -1.000000000000000000, 0.000000000000000000, 0.000000000000000000 ) ) ;
#3121 = ADVANCED_FACE ( 'NONE', ( #1025 ), #1606, .F. ) ;
#3122 = CYLINDRICAL_SURFACE ( 'NONE', #3544, 0.5999999999999998668 ) ;
#3123 = VERTEX_POINT ( 'NONE', #212 ) ;
#3124 = AXIS2_PLACEMENT_3D ( 'NONE', #1370, #2146, #1090 ) ;
#3125 = DIRECTION ( 'NONE',  ( -1.000000000000000000, 0.000000000000000000, 0.000000000000000000 ) ) ;
#3126 = AXIS2_PLACEMENT_3D ( 'NONE', #3385, #3215, #2565 ) ;
#3127 = EDGE_CURVE ( 'NONE', #2495, #471, #2606, .T. ) ;
#3128 = EDGE_LOOP ( 'NONE', ( #1556, #99, #2841, #3211 ) ) ;
#3129 = DIRECTION ( 'NONE',  ( 0.000000000000000000, 0.000000000000000000, -1.000000000000000000 ) ) ;
#3130 = ORIENTED_EDGE ( 'NONE', *, *, #532, .T. ) ;
#3131 = CARTESIAN_POINT ( 'NONE',  ( 4.879915765898080515, 0.5015657048662146567, 10.00000000000000000 ) ) ;
#3132 = FACE_OUTER_BOUND ( 'NONE', #2983, .T. ) ;
#3133 = ORIENTED_EDGE ( 'NONE', *, *, #2707, .T. ) ;
#3134 = AXIS2_PLACEMENT_3D ( 'NONE', #2659, #681, #152 ) ;
#3135 = VERTEX_POINT ( 'NONE', #2714 ) ;
#3136 = DIRECTION ( 'NONE',  ( -1.000000000000000000, 0.000000000000000000, 0.000000000000000000 ) ) ;
#3137 = CARTESIAN_POINT ( 'NONE',  ( 7.879915765898082292, -14.38490441556261068, 10.00000000000000000 ) ) ;
#3138 = AXIS2_PLACEMENT_3D ( 'NONE', #452, #3480, #3186 ) ;
#3139 = EDGE_CURVE ( 'NONE', #954, #1789, #2435, .T. ) ;
#3140 = CARTESIAN_POINT ( 'NONE',  ( 21.06575960438028616, -37.39772158955816650, 10.00000000000006928 ) ) ;
#3141 = VECTOR ( 'NONE', #2544, 1000.000000000000000 ) ;
#3142 = CIRCLE ( 'NONE', #1517, 1.500000000000001332 ) ;
#3143 = CARTESIAN_POINT ( 'NONE',  ( 14.34008204457473745, -18.87893313116376603, 10.00000000000000000 ) ) ;
#3144 = FACE_BOUND ( 'NONE', #1913, .T. ) ;
#3145 = AXIS2_PLACEMENT_3D ( 'NONE', #67, #3301, #573 ) ;
#3146 = ORIENTED_EDGE ( 'NONE', *, *, #890, .F. ) ;
#3147 = AXIS2_PLACEMENT_3D ( 'NONE', #645, #2621, #162 ) ;
#3148 =( GEOMETRIC_REPRESENTATION_CONTEXT ( 3 ) GLOBAL_UNCERTAINTY_ASSIGNED_CONTEXT ( ( #2374 ) ) GLOBAL_UNIT_ASSIGNED_CONTEXT ( ( #1600, #2959, #225 ) ) REPRESENTATION_CONTEXT ( 'NONE', 'WORKASPACE' ) );
#3149 = DIRECTION ( 'NONE',  ( -1.000000000000000000, 0.000000000000000000, 2.312964634635740689E-15 ) ) ;
#3150 = ORIENTED_EDGE ( 'NONE', *, *, #2242, .T. ) ;
#3151 = DIRECTION ( 'NONE',  ( 0.000000000000000000, 0.000000000000000000, -1.000000000000000000 ) ) ;
#3152 = EDGE_LOOP ( 'NONE', ( #969, #3167 ) ) ;
#3153 = LINE ( 'NONE', #672, #111 ) ;
#3154 = EDGE_LOOP ( 'NONE', ( #2549, #1594 ) ) ;
#3155 = CARTESIAN_POINT ( 'NONE',  ( 10.73820319873529350, -6.159226855756928742, 10.00000000000000000 ) ) ;
#3156 = EDGE_CURVE ( 'NONE', #59, #317, #3241, .T. ) ;
#3157 = DIRECTION ( 'NONE',  ( 0.000000000000000000, 0.000000000000000000, -1.000000000000000000 ) ) ;
#3158 = ORIENTED_EDGE ( 'NONE', *, *, #3502, .F. ) ;
#3159 = DIRECTION ( 'NONE',  ( 0.000000000000000000, 0.000000000000000000, -1.000000000000000000 ) ) ;
#3160 = EDGE_CURVE ( 'NONE', #2054, #3135, #2213, .T. ) ;
#3161 = ADVANCED_FACE ( 'NONE', ( #765 ), #3042, .F. ) ;
#3162 = CARTESIAN_POINT ( 'NONE',  ( -19.99999999999998224, -62.50000000000000000, 0.000000000000000000 ) ) ;
#3163 = AXIS2_PLACEMENT_3D ( 'NONE', #1227, #418, #1514 ) ;
#3164 = EDGE_CURVE ( 'NONE', #1815, #2627, #1587, .T. ) ;
#3165 = VECTOR ( 'NONE', #2031, 1000.000000000000000 ) ;
#3166 = DIRECTION ( 'NONE',  ( -1.000000000000000000, 0.000000000000000000, 2.312964634635743450E-15 ) ) ;
#3167 = ORIENTED_EDGE ( 'NONE', *, *, #1970, .F. ) ;
#3168 = ADVANCED_FACE ( 'NONE', ( #2157 ), #229, .F. ) ;
#3169 = DIRECTION ( 'NONE',  ( -2.775557561562892140E-15, -6.293636852642899475E-31, -1.000000000000000000 ) ) ;
#3170 = ORIENTED_EDGE ( 'NONE', *, *, #2448, .F. ) ;
#3171 = DIRECTION ( 'NONE',  ( -1.000000000000000000, 0.000000000000000000, 0.000000000000000000 ) ) ;
#3172 = ORIENTED_EDGE ( 'NONE', *, *, #3533, .T. ) ;
#3173 = LINE ( 'NONE', #2874, #3165 ) ;
#3174 = CARTESIAN_POINT ( 'NONE',  ( 0.000000000000000000, 32.50000000000000000, 0.000000000000000000 ) ) ;
#3175 = ORIENTED_EDGE ( 'NONE', *, *, #3535, .T. ) ;
#3176 = EDGE_LOOP ( 'NONE', ( #2070, #2507, #230, #2807 ) ) ;
#3177 = CARTESIAN_POINT ( 'NONE',  ( -1.500000000000385025, -46.18711800828255321, 10.00000000000006928 ) ) ;
#3178 = DIRECTION ( 'NONE',  ( -1.000000000000000000, 0.000000000000000000, 0.000000000000000000 ) ) ;
#3179 = CARTESIAN_POINT ( 'NONE',  ( 21.06575960438041761, -24.89772158955816650, 0.000000000000000000 ) ) ;
#3180 = ORIENTED_EDGE ( 'NONE', *, *, #1274, .T. ) ;
#3181 = EDGE_CURVE ( 'NONE', #751, #1712, #3022, .T. ) ;
#3182 = CYLINDRICAL_SURFACE ( 'NONE', #607, 1.500000000000001332 ) ;
#3183 = CARTESIAN_POINT ( 'NONE',  ( -7.879915765898335422, -39.38490441556261601, 10.00000000000006928 ) ) ;
#3184 = DIRECTION ( 'NONE',  ( -0.000000000000000000, -0.000000000000000000, 1.000000000000000000 ) ) ;
#3185 = VERTEX_POINT ( 'NONE', #1103 ) ;
#3186 = DIRECTION ( 'NONE',  ( -1.000000000000000000, 0.000000000000000000, 0.000000000000000000 ) ) ;
#3187 = ORIENTED_EDGE ( 'NONE', *, *, #520, .F. ) ;
#3188 = ORIENTED_EDGE ( 'NONE', *, *, #2776, .T. ) ;
#3189 = CIRCLE ( 'NONE', #596, 1.500000000000001332 ) ;
#3190 = AXIS2_PLACEMENT_3D ( 'NONE', #1735, #1964, #54 ) ;
#3191 = DIRECTION ( 'NONE',  ( 2.775557561562891745E-15, 6.293636852642898599E-31, 1.000000000000000000 ) ) ;
#3192 = DIRECTION ( 'NONE',  ( 0.000000000000000000, 0.000000000000000000, -1.000000000000000000 ) ) ;
#3193 = VECTOR ( 'NONE', #2171, 1000.000000000000000 ) ;
#3194 = CARTESIAN_POINT ( 'NONE',  ( 11.34008204457434310, -56.37893313116376959, 10.00000000000006928 ) ) ;
#3195 = CARTESIAN_POINT ( 'NONE',  ( -20.00000000000001421, 32.50000000000000000, 10.00000000000000000 ) ) ;
#3196 = CIRCLE ( 'NONE', #3373, 1.500000000000001332 ) ;
#3197 = DIRECTION ( 'NONE',  ( 0.000000000000000000, 0.000000000000000000, -1.000000000000000000 ) ) ;
#3198 = VECTOR ( 'NONE', #2413, 1000.000000000000000 ) ;
#3199 = AXIS2_PLACEMENT_3D ( 'NONE', #3200, #2645, #2921 ) ;
#3200 = CARTESIAN_POINT ( 'NONE',  ( -6.379915765898045876, -14.38490441556261423, 10.00000000000001776 ) ) ;
#3201 = ORIENTED_EDGE ( 'NONE', *, *, #2958, .F. ) ;
#3202 = CARTESIAN_POINT ( 'NONE',  ( 12.84008204457460600, -31.37893313116376603, 10.00000000000006928 ) ) ;
#3203 = ORIENTED_EDGE ( 'NONE', *, *, #3139, .F. ) ;
#3204 = ADVANCED_FACE ( 'NONE', ( #2984 ), #1084, .F. ) ;
#3205 = CARTESIAN_POINT ( 'NONE',  ( 12.84008204457473568, -18.87893313116376603, 0.000000000000000000 ) ) ;
#3206 = CARTESIAN_POINT ( 'NONE',  ( -18.41749268268685569, -11.21500916080822918, 10.00000000000004974 ) ) ;
#3207 = FACE_OUTER_BOUND ( 'NONE', #1184, .T. ) ;
#3208 = VERTEX_POINT ( 'NONE', #3572 ) ;
#3209 = DIRECTION ( 'NONE',  ( -1.000000000000000000, 0.000000000000000000, 0.000000000000000000 ) ) ;
#3210 = VERTEX_POINT ( 'NONE', #2418 ) ;
#3211 = ORIENTED_EDGE ( 'NONE', *, *, #871, .F. ) ;
#3212 = CARTESIAN_POINT ( 'NONE',  ( 20.56889101411282184, -1.384321345430700623, 0.000000000000000000 ) ) ;
#3213 = VECTOR ( 'NONE', #1240, 1000.000000000000000 ) ;
#3214 = DIRECTION ( 'NONE',  ( -0.000000000000000000, 0.000000000000000000, 1.000000000000000000 ) ) ;
#3215 = DIRECTION ( 'NONE',  ( 2.775557561562891745E-15, 6.293636852642898599E-31, 1.000000000000000000 ) ) ;
#3216 = CARTESIAN_POINT ( 'NONE',  ( -6.379915765898464208, -51.88490441556262311, 10.00000000000006928 ) ) ;
#3217 = ORIENTED_EDGE ( 'NONE', *, *, #527, .F. ) ;
#3218 = DIRECTION ( 'NONE',  ( -0.000000000000000000, -0.000000000000000000, -1.000000000000000000 ) ) ;
#3219 = DIRECTION ( 'NONE',  ( 0.000000000000000000, 0.000000000000000000, -1.000000000000000000 ) ) ;
#3220 = CYLINDRICAL_SURFACE ( 'NONE', #707, 1.500000000000001332 ) ;
#3221 = ORIENTED_EDGE ( 'NONE', *, *, #2935, .T. ) ;
#3222 = ORIENTED_EDGE ( 'NONE', *, *, #987, .T. ) ;
#3223 = CIRCLE ( 'NONE', #1021, 1.499999999999999556 ) ;
#3224 = CYLINDRICAL_SURFACE ( 'NONE', #2767, 1.499999999999999556 ) ;
#3225 = LINE ( 'NONE', #1266, #2093 ) ;
#3226 = VERTEX_POINT ( 'NONE', #569 ) ;
#3227 = EDGE_LOOP ( 'NONE', ( #1718, #2931, #817, #488 ) ) ;
#3228 = LINE ( 'NONE', #2658, #2863 ) ;
#3229 = EDGE_CURVE ( 'NONE', #2018, #2227, #3556, .T. ) ;
#3230 = CARTESIAN_POINT ( 'NONE',  ( -10.73820319873526330, -6.159226855756934071, 10.00000000000003197 ) ) ;
#3231 = ORIENTED_EDGE ( 'NONE', *, *, #831, .F. ) ;
#3232 = CARTESIAN_POINT ( 'NONE',  ( 6.379915765897690605, -51.88490441556261601, 10.00000000000006928 ) ) ;
#3233 = EDGE_CURVE ( 'NONE', #2592, #2797, #808, .T. ) ;
#3234 = CARTESIAN_POINT ( 'NONE',  ( 13.73820319873529705, -6.159226855756928742, 10.00000000000000000 ) ) ;
#3235 = VERTEX_POINT ( 'NONE', #824 ) ;
#3236 = AXIS2_PLACEMENT_3D ( 'NONE', #1915, #3058, #802 ) ;
#3237 = CIRCLE ( 'NONE', #2940, 1.500000000000001332 ) ;
#3238 = CARTESIAN_POINT ( 'NONE',  ( -29.99999999999998579, -52.50000000000000000, 10.00000000000000000 ) ) ;
#3239 = FACE_BOUND ( 'NONE', #337, .T. ) ;
#3240 = VERTEX_POINT ( 'NONE', #1649 ) ;
#3241 = LINE ( 'NONE', #1630, #3086 ) ;
#3242 = VERTEX_POINT ( 'NONE', #1380 ) ;
#3243 = DIRECTION ( 'NONE',  ( 0.000000000000000000, 0.000000000000000000, -1.000000000000000000 ) ) ;
#3244 = AXIS2_PLACEMENT_3D ( 'NONE', #858, #583, #3332 ) ;
#3245 = DIRECTION ( 'NONE',  ( 0.000000000000000000, 0.000000000000000000, -1.000000000000000000 ) ) ;
#3246 = DIRECTION ( 'NONE',  ( -1.000000000000000000, 0.000000000000000000, 0.000000000000000000 ) ) ;
#3247 = VECTOR ( 'NONE', #1424, 1000.000000000000000 ) ;
#3248 = DIRECTION ( 'NONE',  ( -0.000000000000000000, -0.000000000000000000, -1.000000000000000000 ) ) ;
#3249 = EDGE_CURVE ( 'NONE', #3363, #1815, #2325, .T. ) ;
#3250 = CIRCLE ( 'NONE', #419, 1.500000000000003109 ) ;
#3251 = EDGE_CURVE ( 'NONE', #1077, #1191, #1515, .T. ) ;
#3252 = ORIENTED_EDGE ( 'NONE', *, *, #532, .F. ) ;
#3253 = CARTESIAN_POINT ( 'NONE',  ( -12.84008204457472679, -18.87893313116376959, 3.563838680990731066E-14 ) ) ;
#3254 = VECTOR ( 'NONE', #3459, 1000.000000000000000 ) ;
#3255 = DIRECTION ( 'NONE',  ( 0.000000000000000000, 0.000000000000000000, -1.000000000000000000 ) ) ;
#3256 = AXIS2_PLACEMENT_3D ( 'NONE', #275, #288, #2201 ) ;
#3257 = AXIS2_PLACEMENT_3D ( 'NONE', #189, #171, #1226 ) ;
#3258 = CYLINDRICAL_SURFACE ( 'NONE', #2136, 1.500000000000000444 ) ;
#3259 = DIRECTION ( 'NONE',  ( -1.000000000000000000, 0.000000000000000000, 0.000000000000000000 ) ) ;
#3260 = ORIENTED_EDGE ( 'NONE', *, *, #2403, .T. ) ;
#3261 = AXIS2_PLACEMENT_3D ( 'NONE', #2517, #3064, #1429 ) ;
#3262 = ORIENTED_EDGE ( 'NONE', *, *, #1237, .F. ) ;
#3263 = DIRECTION ( 'NONE',  ( -0.000000000000000000, -0.000000000000000000, -1.000000000000000000 ) ) ;
#3264 = VERTEX_POINT ( 'NONE', #624 ) ;
#3265 = EDGE_LOOP ( 'NONE', ( #1950, #737, #2746, #3330 ) ) ;
#3266 = CARTESIAN_POINT ( 'NONE',  ( -12.84008204457485647, -31.37893313116377314, 0.000000000000000000 ) ) ;
#3267 = DIRECTION ( 'NONE',  ( -2.775557561562892140E-15, -6.293636852642899475E-31, -1.000000000000000000 ) ) ;
#3268 = ORIENTED_EDGE ( 'NONE', *, *, #952, .T. ) ;
#3269 = DIRECTION ( 'NONE',  ( -1.000000000000000000, 0.000000000000000000, 0.000000000000000000 ) ) ;
#3270 = EDGE_CURVE ( 'NONE', #1502, #1371, #2272, .T. ) ;
#3271 = EDGE_CURVE ( 'NONE', #3001, #3045, #3097, .T. ) ;
#3272 = AXIS2_PLACEMENT_3D ( 'NONE', #1849, #978, #214 ) ;
#3273 = EDGE_LOOP ( 'NONE', ( #2017, #3501 ) ) ;
#3274 = DIRECTION ( 'NONE',  ( -0.000000000000000000, -0.000000000000000000, -1.000000000000000000 ) ) ;
#3275 = EDGE_CURVE ( 'NONE', #125, #332, #346, .T. ) ;
#3276 = AXIS2_PLACEMENT_3D ( 'NONE', #2055, #3159, #3462 ) ;
#3277 = LINE ( 'NONE', #1643, #2559 ) ;
#3278 = DIRECTION ( 'NONE',  ( -1.000000000000000000, -0.000000000000000000, -0.000000000000000000 ) ) ;
#3279 = CARTESIAN_POINT ( 'NONE',  ( -13.73820319873526508, -6.159226855756934071, 10.00000000000003908 ) ) ;
#3280 = ORIENTED_EDGE ( 'NONE', *, *, #2975, .T. ) ;
#3281 = ADVANCED_FACE ( 'NONE', ( #1959 ), #650, .F. ) ;
#3282 = CARTESIAN_POINT ( 'NONE',  ( 6.379915765897690605, -51.88490441556261601, 10.00000000000006928 ) ) ;
#3283 = VERTEX_POINT ( 'NONE', #2494 ) ;
#3284 = VERTEX_POINT ( 'NONE', #1975 ) ;
#3285 = DIRECTION ( 'NONE',  ( -1.000000000000000000, 0.000000000000000000, 0.000000000000000000 ) ) ;
#3286 = LINE ( 'NONE', #533, #1454 ) ;
#3287 = VERTEX_POINT ( 'NONE', #1717 ) ;
#3288 = CARTESIAN_POINT ( 'NONE',  ( 24.03502857718832431, -17.03317133725614951, 10.00000000000000000 ) ) ;
#3289 = VERTEX_POINT ( 'NONE', #50 ) ;
#3290 = LINE ( 'NONE', #1620, #40 ) ;
#3291 = ORIENTED_EDGE ( 'NONE', *, *, #69, .T. ) ;
#3292 = DIRECTION ( 'NONE',  ( -1.000000000000000000, 0.000000000000000000, 0.000000000000000000 ) ) ;
#3293 = CARTESIAN_POINT ( 'NONE',  ( 22.06889101411282184, -1.384321345430700623, 10.00000000000000000 ) ) ;
#3294 = ADVANCED_FACE ( 'NONE', ( #1442 ), #877, .F. ) ;
#3295 = EDGE_LOOP ( 'NONE', ( #312, #534 ) ) ;
#3296 = CIRCLE ( 'NONE', #2306, 1.499999999999999556 ) ;
#3297 = DIRECTION ( 'NONE',  ( 2.775557561562891745E-15, 6.293636852642898599E-31, 1.000000000000000000 ) ) ;
#3298 = DIRECTION ( 'NONE',  ( -0.000000000000000000, -0.000000000000000000, -1.000000000000000000 ) ) ;
#3299 = ORIENTED_EDGE ( 'NONE', *, *, #3435, .T. ) ;
#3300 = ORIENTED_EDGE ( 'NONE', *, *, #3181, .T. ) ;
#3301 = DIRECTION ( 'NONE',  ( 0.000000000000000000, 0.000000000000000000, -1.000000000000000000 ) ) ;
#3302 = VERTEX_POINT ( 'NONE', #3082 ) ;
#3303 = DIRECTION ( 'NONE',  ( -0.000000000000000000, -0.000000000000000000, -1.000000000000000000 ) ) ;
#3304 = DIRECTION ( 'NONE',  ( 1.000000000000000000, 4.336808689942013792E-16, -2.775557561562887407E-15 ) ) ;
#3305 = ORIENTED_EDGE ( 'NONE', *, *, #2119, .T. ) ;
#3306 = DIRECTION ( 'NONE',  ( -1.000000000000000000, 0.000000000000000000, 0.000000000000000000 ) ) ;
#3307 = AXIS2_PLACEMENT_3D ( 'NONE', #2535, #865, #2285 ) ;
#3308 = FACE_OUTER_BOUND ( 'NONE', #35, .T. ) ;
#3309 = ORIENTED_EDGE ( 'NONE', *, *, #1585, .F. ) ;
#3310 = VERTEX_POINT ( 'NONE', #1394 ) ;
#3311 = AXIS2_PLACEMENT_3D ( 'NONE', #2633, #3157, #3209 ) ;
#3312 = DIRECTION ( 'NONE',  ( 2.775557561562891745E-15, 6.293636852642898599E-31, 1.000000000000000000 ) ) ;
#3313 = DIRECTION ( 'NONE',  ( 0.000000000000000000, 0.000000000000000000, -1.000000000000000000 ) ) ;
#3314 = EDGE_LOOP ( 'NONE', ( #386, #997, #2155, #1944 ) ) ;
#3315 = AXIS2_PLACEMENT_3D ( 'NONE', #1431, #1689, #2534 ) ;
#3316 = AXIS2_PLACEMENT_3D ( 'NONE', #2265, #2295, #860 ) ;
#3317 = EDGE_CURVE ( 'NONE', #2495, #493, #3060, .T. ) ;
#3318 = DIRECTION ( 'NONE',  ( 0.000000000000000000, -0.000000000000000000, -1.000000000000000000 ) ) ;
#3319 = EDGE_CURVE ( 'NONE', #471, #2495, #3429, .T. ) ;
#3320 = DIRECTION ( 'NONE',  ( -0.000000000000000000, -0.000000000000000000, -1.000000000000000000 ) ) ;
#3321 = ORIENTED_EDGE ( 'NONE', *, *, #2408, .T. ) ;
#3322 = AXIS2_PLACEMENT_3D ( 'NONE', #2737, #2792, #1107 ) ;
#3323 = ORIENTED_EDGE ( 'NONE', *, *, #2207, .F. ) ;
#3324 = CARTESIAN_POINT ( 'NONE',  ( 30.00000000000001421, -52.49999999999999289, 0.000000000000000000 ) ) ;
#3325 = VECTOR ( 'NONE', #2725, 1000.000000000000000 ) ;
#3326 = DIRECTION ( 'NONE',  ( -0.000000000000000000, -0.000000000000000000, -1.000000000000000000 ) ) ;
#3327 = ADVANCED_FACE ( 'NONE', ( #311 ), #609, .F. ) ;
#3328 = CARTESIAN_POINT ( 'NONE',  ( -21.06575960438066630, -49.89772158955818071, 10.00000000000006928 ) ) ;
#3329 = ORIENTED_EDGE ( 'NONE', *, *, #376, .T. ) ;
#3330 = ORIENTED_EDGE ( 'NONE', *, *, #2465, .F. ) ;
#3331 = CARTESIAN_POINT ( 'NONE',  ( 15.78459127458939371, 3.751711472399185343, 10.00000000000000000 ) ) ;
#3332 = DIRECTION ( 'NONE',  ( -1.000000000000000000, 0.000000000000000000, 0.000000000000000000 ) ) ;
#3333 = CIRCLE ( 'NONE', #3104, 1.500000000000001332 ) ;
#3334 = DIRECTION ( 'NONE',  ( 0.000000000000000000, 0.000000000000000000, 1.000000000000000000 ) ) ;
#3335 = CARTESIAN_POINT ( 'NONE',  ( 14.28459127458939193, 3.751711472399185343, 10.00000000000000000 ) ) ;
#3336 = VECTOR ( 'NONE', #1787, 1000.000000000000000 ) ;
#3337 = EDGE_LOOP ( 'NONE', ( #610, #999, #3478, #3039 ) ) ;
#3338 = ORIENTED_EDGE ( 'NONE', *, *, #36, .T. ) ;
#3339 = CARTESIAN_POINT ( 'NONE',  ( 11.34008204457447455, -43.87893313116376959, 0.000000000000000000 ) ) ;
#3340 = CARTESIAN_POINT ( 'NONE',  ( 6.379915765898081403, -27.02436017819085734, 10.00000000000000000 ) ) ;
#3341 = EDGE_LOOP ( 'NONE', ( #3217, #3566, #473, #1085 ) ) ;
#3342 = EDGE_CURVE ( 'NONE', #789, #2816, #2846, .T. ) ;
#3343 = FACE_OUTER_BOUND ( 'NONE', #369, .T. ) ;
#3344 = ORIENTED_EDGE ( 'NONE', *, *, #2791, .T. ) ;
#3345 = CARTESIAN_POINT ( 'NONE',  ( 21.06575960438028616, -37.39772158955816650, 10.00000000000006928 ) ) ;
#3346 = EDGE_CURVE ( 'NONE', #374, #1607, #2731, .T. ) ;
#3347 = VERTEX_POINT ( 'NONE', #1685 ) ;
#3348 = DIRECTION ( 'NONE',  ( -1.000000000000000000, -0.000000000000000000, -0.000000000000000000 ) ) ;
#3349 = FACE_BOUND ( 'NONE', #511, .T. ) ;
#3350 = DIRECTION ( 'NONE',  ( -0.000000000000000000, 0.000000000000000000, 1.000000000000000000 ) ) ;
#3351 = VERTEX_POINT ( 'NONE', #365 ) ;
#3352 = CYLINDRICAL_SURFACE ( 'NONE', #2161, 1.500000000000001332 ) ;
#3353 = EDGE_LOOP ( 'NONE', ( #240, #2750 ) ) ;
#3354 = AXIS2_PLACEMENT_3D ( 'NONE', #840, #1878, #3292 ) ;
#3355 = ORIENTED_EDGE ( 'NONE', *, *, #3050, .T. ) ;
#3356 = DIRECTION ( 'NONE',  ( 0.000000000000000000, 0.000000000000000000, -1.000000000000000000 ) ) ;
#3357 = ADVANCED_FACE ( 'NONE', ( #2233 ), #103, .F. ) ;
#3358 = CARTESIAN_POINT ( 'NONE',  ( -6.379915765898074298, -14.38490441556261423, 1.770782344617271830E-14 ) ) ;
#3359 = ORIENTED_EDGE ( 'NONE', *, *, #1582, .F. ) ;
#3360 = EDGE_CURVE ( 'NONE', #1371, #835, #1426, .T. ) ;
#3361 = DIRECTION ( 'NONE',  ( 0.000000000000000000, -0.000000000000000000, -1.000000000000000000 ) ) ;
#3362 = AXIS2_PLACEMENT_3D ( 'NONE', #1204, #951, #684 ) ;
#3363 = VERTEX_POINT ( 'NONE', #1194 ) ;
#3364 = EDGE_CURVE ( 'NONE', #2948, #2613, #309, .T. ) ;
#3365 = AXIS2_PLACEMENT_3D ( 'NONE', #3293, #822, #841 ) ;
#3366 = AXIS2_PLACEMENT_3D ( 'NONE', #2770, #1088, #254 ) ;
#3367 = VECTOR ( 'NONE', #1042, 1000.000000000000000 ) ;
#3368 = CYLINDRICAL_SURFACE ( 'NONE', #1675, 1.500000000000001332 ) ;
#3369 = DIRECTION ( 'NONE',  ( -0.000000000000000000, -0.000000000000000000, -1.000000000000000000 ) ) ;
#3370 = EDGE_LOOP ( 'NONE', ( #2466, #246 ) ) ;
#3371 = DIRECTION ( 'NONE',  ( -0.000000000000000000, -0.000000000000000000, -1.000000000000000000 ) ) ;
#3372 = CARTESIAN_POINT ( 'NONE',  ( -20.56889101411279341, -1.384321345430710393, 10.00000000000005684 ) ) ;
#3373 = AXIS2_PLACEMENT_3D ( 'NONE', #1512, #3151, #2884 ) ;
#3374 = CYLINDRICAL_SURFACE ( 'NONE', #649, 2.000000000000001776 ) ;
#3375 = EDGE_LOOP ( 'NONE', ( #55, #1347 ) ) ;
#3376 = CIRCLE ( 'NONE', #2671, 1.500000000000001332 ) ;
#3377 = DIRECTION ( 'NONE',  ( -1.000000000000000000, 0.000000000000000000, 0.000000000000000000 ) ) ;
#3378 = CARTESIAN_POINT ( 'NONE',  ( -1.499999999999994005, -8.687118008282549653, 0.000000000000000000 ) ) ;
#3379 = EDGE_CURVE ( 'NONE', #2729, #1786, #3402, .T. ) ;
#3380 = EDGE_CURVE ( 'NONE', #154, #2759, #3196, .T. ) ;
#3381 = EDGE_LOOP ( 'NONE', ( #390, #1618, #2371, #2631 ) ) ;
#3382 = DIRECTION ( 'NONE',  ( 0.000000000000000000, 0.000000000000000000, -1.000000000000000000 ) ) ;
#3383 = DIRECTION ( 'NONE',  ( 1.000000000000000000, 0.000000000000000000, -2.775557561562887407E-15 ) ) ;
#3384 = EDGE_CURVE ( 'NONE', #1300, #2759, #1479, .T. ) ;
#3385 = CARTESIAN_POINT ( 'NONE',  ( -21.06575960438040696, -24.89772158955817716, 5.846922836000416125E-14 ) ) ;
#3386 = DIRECTION ( 'NONE',  ( -0.000000000000000000, -0.000000000000000000, -1.000000000000000000 ) ) ;
#3387 = DIRECTION ( 'NONE',  ( -1.000000000000000000, 0.000000000000000000, 0.000000000000000000 ) ) ;
#3388 = ORIENTED_EDGE ( 'NONE', *, *, #3419, .T. ) ;
#3389 = ORIENTED_EDGE ( 'NONE', *, *, #626, .T. ) ;
#3390 = ADVANCED_FACE ( 'NONE', ( #2579 ), #3495, .F. ) ;
#3391 = ORIENTED_EDGE ( 'NONE', *, *, #1634, .F. ) ;
#3392 = FACE_BOUND ( 'NONE', #696, .T. ) ;
#3393 = AXIS2_PLACEMENT_3D ( 'NONE', #3140, #2601, #2338 ) ;
#3394 = CARTESIAN_POINT ( 'NONE',  ( -21.06575960438053841, -37.39772158955817360, 10.00000000000006928 ) ) ;
#3395 = ORIENTED_EDGE ( 'NONE', *, *, #598, .F. ) ;
#3396 = EDGE_LOOP ( 'NONE', ( #1285, #991, #38, #298 ) ) ;
#3397 = DIRECTION ( 'NONE',  ( -0.000000000000000000, -0.000000000000000000, -1.000000000000000000 ) ) ;
#3398 = CARTESIAN_POINT ( 'NONE',  ( -19.99999999999998224, -52.50000000000000000, 0.000000000000000000 ) ) ;
#3399 = ORIENTED_EDGE ( 'NONE', *, *, #335, .T. ) ;
#3400 = CARTESIAN_POINT ( 'NONE',  ( 19.56575960438028261, -37.39772158955816650, 10.00000000000006928 ) ) ;
#3401 = DIRECTION ( 'NONE',  ( -0.000000000000000000, -0.000000000000000000, -1.000000000000000000 ) ) ;
#3402 = LINE ( 'NONE', #2854, #652 ) ;
#3403 = VERTEX_POINT ( 'NONE', #1785 ) ;
#3404 = ADVANCED_FACE ( 'NONE', ( #396 ), #2345, .F. ) ;
#3405 = CYLINDRICAL_SURFACE ( 'NONE', #1478, 0.5999999999999998668 ) ;
#3406 = ORIENTED_EDGE ( 'NONE', *, *, #952, .F. ) ;
#3407 = DIRECTION ( 'NONE',  ( -2.775557561562892140E-15, -6.293636852642899475E-31, -1.000000000000000000 ) ) ;
#3408 = AXIS2_PLACEMENT_3D ( 'NONE', #1149, #852, #2829 ) ;
#3409 = CARTESIAN_POINT ( 'NONE',  ( 22.06889101411282184, -1.384321345430700623, 0.000000000000000000 ) ) ;
#3410 = EDGE_CURVE ( 'NONE', #3185, #1081, #717, .T. ) ;
#3411 = AXIS2_PLACEMENT_3D ( 'NONE', #2543, #2900, #1176 ) ;
#3412 = CARTESIAN_POINT ( 'NONE',  ( -11.34008204457485469, -31.37893313116377314, 10.00000000000006928 ) ) ;
#3413 = CARTESIAN_POINT ( 'NONE',  ( -12.23820319873526330, -6.159226855756934071, 10.00000000000003553 ) ) ;
#3414 = EDGE_LOOP ( 'NONE', ( #1529, #1289 ) ) ;
#3415 = CYLINDRICAL_SURFACE ( 'NONE', #988, 1.500000000000001332 ) ;
#3416 = DIRECTION ( 'NONE',  ( 0.000000000000000000, -1.000000000000000000, 0.000000000000000000 ) ) ;
#3417 = VERTEX_POINT ( 'NONE', #1825 ) ;
#3418 = LINE ( 'NONE', #691, #3336 ) ;
#3419 = EDGE_CURVE ( 'NONE', #449, #2026, #2440, .T. ) ;
#3420 = AXIS2_PLACEMENT_3D ( 'NONE', #2879, #741, #3178 ) ;
#3421 = ORIENTED_EDGE ( 'NONE', *, *, #2624, .F. ) ;
#3422 = EDGE_CURVE ( 'NONE', #2026, #449, #1635, .T. ) ;
#3423 = FACE_BOUND ( 'NONE', #2276, .T. ) ;
#3424 = DIRECTION ( 'NONE',  ( -0.000000000000000000, 0.000000000000000000, 1.000000000000000000 ) ) ;
#3425 = ORIENTED_EDGE ( 'NONE', *, *, #1044, .F. ) ;
#3426 = AXIS2_PLACEMENT_3D ( 'NONE', #1362, #3515, #1669 ) ;
#3427 = CYLINDRICAL_SURFACE ( 'NONE', #3393, 1.500000000000001332 ) ;
#3428 = ADVANCED_FACE ( 'NONE', ( #1208 ), #3182, .F. ) ;
#3429 = CIRCLE ( 'NONE', #3547, 1.500000000000000444 ) ;
#3430 = CIRCLE ( 'NONE', #1867, 1.500000000000001332 ) ;
#3431 = LINE ( 'NONE', #3195, #354 ) ;
#3432 = FACE_OUTER_BOUND ( 'NONE', #1200, .T. ) ;
#3433 = CARTESIAN_POINT ( 'NONE',  ( -14.34008204457472857, -18.87893313116376959, 3.980172315225164769E-14 ) ) ;
#3434 = VECTOR ( 'NONE', #1598, 1000.000000000000000 ) ;
#3435 = EDGE_CURVE ( 'NONE', #2402, #708, #201, .T. ) ;
#3436 = ADVANCED_FACE ( 'NONE', ( #1006 ), #990, .F. ) ;
#3437 = DIRECTION ( 'NONE',  ( -2.775557561562892140E-15, -6.293636852642899475E-31, -1.000000000000000000 ) ) ;
#3438 = EDGE_LOOP ( 'NONE', ( #1328, #2947, #1831, #3338 ) ) ;
#3439 = DIRECTION ( 'NONE',  ( -1.000000000000000000, 0.000000000000000000, 0.000000000000000000 ) ) ;
#3440 = EDGE_LOOP ( 'NONE', ( #1242, #1020 ) ) ;
#3441 = DIRECTION ( 'NONE',  ( -1.000000000000000000, 0.000000000000000000, 0.000000000000000000 ) ) ;
#3442 = VERTEX_POINT ( 'NONE', #2869 ) ;
#3443 = ORIENTED_EDGE ( 'NONE', *, *, #1196, .F. ) ;
#3444 = CIRCLE ( 'NONE', #1879, 1.500000000000003109 ) ;
#3445 = CARTESIAN_POINT ( 'NONE',  ( -22.56575960438066986, -49.89772158955818071, 10.00000000000006928 ) ) ;
#3446 = DIRECTION ( 'NONE',  ( 0.000000000000000000, 0.000000000000000000, -1.000000000000000000 ) ) ;
#3447 = EDGE_LOOP ( 'NONE', ( #3158, #3170, #270, #3472 ) ) ;
#3448 = ORIENTED_EDGE ( 'NONE', *, *, #120, .T. ) ;
#3449 = ORIENTED_EDGE ( 'NONE', *, *, #1519, .T. ) ;
#3450 = DIRECTION ( 'NONE',  ( 0.000000000000000000, 0.000000000000000000, -1.000000000000000000 ) ) ;
#3451 = CIRCLE ( 'NONE', #1887, 1.500000000000001332 ) ;
#3452 = DIRECTION ( 'NONE',  ( 0.000000000000000000, 0.000000000000000000, -1.000000000000000000 ) ) ;
#3453 = LINE ( 'NONE', #966, #2442 ) ;
#3454 = EDGE_CURVE ( 'NONE', #529, #3289, #2309, .T. ) ;
#3455 = ORIENTED_EDGE ( 'NONE', *, *, #76, .F. ) ;
#3456 = CARTESIAN_POINT ( 'NONE',  ( 12.23820319873529527, -6.159226855756928742, 10.00000000000000000 ) ) ;
#3457 = DIRECTION ( 'NONE',  ( -1.000000000000000000, 0.000000000000000000, 0.000000000000000000 ) ) ;
#3458 = ORIENTED_EDGE ( 'NONE', *, *, #341, .T. ) ;
#3459 = DIRECTION ( 'NONE',  ( -0.000000000000000000, -0.000000000000000000, -1.000000000000000000 ) ) ;
#3460 = EDGE_LOOP ( 'NONE', ( #1312, #470 ) ) ;
#3461 = DIRECTION ( 'NONE',  ( -0.000000000000000000, -0.000000000000000000, -1.000000000000000000 ) ) ;
#3462 = DIRECTION ( 'NONE',  ( -1.000000000000000000, 0.000000000000000000, 0.000000000000000000 ) ) ;
#3463 = CARTESIAN_POINT ( 'NONE',  ( -27.99999999999998934, 32.50000000000000000, 10.00000000000000000 ) ) ;
#3464 = AXIS2_PLACEMENT_3D ( 'NONE', #3031, #560, #3054 ) ;
#3465 = DIRECTION ( 'NONE',  ( -0.000000000000000000, -0.000000000000000000, -1.000000000000000000 ) ) ;
#3466 = CARTESIAN_POINT ( 'NONE',  ( -25.15000000000000213, 27.74999999999998579, 10.00000000000006928 ) ) ;
#3467 = CIRCLE ( 'NONE', #1548, 1.500000000000001332 ) ;
#3468 = EDGE_CURVE ( 'NONE', #3509, #571, #1350, .T. ) ;
#3469 = DIRECTION ( 'NONE',  ( -1.000000000000000000, 0.000000000000000000, 0.000000000000000000 ) ) ;
#3470 = VECTOR ( 'NONE', #129, 1000.000000000000000 ) ;
#3471 = CYLINDRICAL_SURFACE ( 'NONE', #2735, 1.500000000000001332 ) ;
#3472 = ORIENTED_EDGE ( 'NONE', *, *, #338, .T. ) ;
#3473 = ADVANCED_FACE ( 'NONE', ( #2611 ), #2097, .F. ) ;
#3474 = EDGE_CURVE ( 'NONE', #2812, #2132, #1054, .T. ) ;
#3475 = CARTESIAN_POINT ( 'NONE',  ( -21.06575960438037853, -24.89772158955817716, 10.00000000000005862 ) ) ;
#3476 = CARTESIAN_POINT ( 'NONE',  ( -4.879915765898052982, 0.5015657048662119921, 10.00000000000001421 ) ) ;
#3477 = DIRECTION ( 'NONE',  ( -2.775557561562892140E-15, -6.293636852642899475E-31, -1.000000000000000000 ) ) ;
#3478 = ORIENTED_EDGE ( 'NONE', *, *, #820, .T. ) ;
#3479 = CIRCLE ( 'NONE', #3244, 1.500000000000001332 ) ;
#3480 = DIRECTION ( 'NONE',  ( 0.000000000000000000, 0.000000000000000000, -1.000000000000000000 ) ) ;
#3481 = ORIENTED_EDGE ( 'NONE', *, *, #1082, .T. ) ;
#3482 = VERTEX_POINT ( 'NONE', #2330 ) ;
#3483 = AXIS2_PLACEMENT_3D ( 'NONE', #394, #2882, #1207 ) ;
#3484 = CIRCLE ( 'NONE', #3012, 1.500000000000001332 ) ;
#3485 = ORIENTED_EDGE ( 'NONE', *, *, #1135, .T. ) ;
#3486 = CARTESIAN_POINT ( 'NONE',  ( 20.56889101411282184, -1.384321345430700623, 10.00000000000000000 ) ) ;
#3487 = AXIS2_PLACEMENT_3D ( 'NONE', #2654, #2103, #2067 ) ;
#3488 = CYLINDRICAL_SURFACE ( 'NONE', #989, 1.500000000000001332 ) ;
#3489 = CYLINDRICAL_SURFACE ( 'NONE', #1397, 1.500000000000001332 ) ;
#3490 = CARTESIAN_POINT ( 'NONE',  ( -21.06575960438053841, -37.39772158955817360, 0.000000000000000000 ) ) ;
#3491 = AXIS2_PLACEMENT_3D ( 'NONE', #284, #1160, #3285 ) ;
#3492 = EDGE_CURVE ( 'NONE', #193, #665, #1261, .T. ) ;
#3493 = ORIENTED_EDGE ( 'NONE', *, *, #704, .F. ) ;
#3494 = CIRCLE ( 'NONE', #3029, 1.500000000000001332 ) ;
#3495 = CYLINDRICAL_SURFACE ( 'NONE', #31, 1.499999999999999556 ) ;
#3496 = CARTESIAN_POINT ( 'NONE',  ( -12.84008204457498614, -43.87893313116376959, 10.00000000000006928 ) ) ;
#3497 = FACE_BOUND ( 'NONE', #3091, .T. ) ;
#3498 = ADVANCED_FACE ( 'NONE', ( #155 ), #2365, .F. ) ;
#3499 = ORIENTED_EDGE ( 'NONE', *, *, #1872, .T. ) ;
#3500 = DIRECTION ( 'NONE',  ( 0.000000000000000000, 0.000000000000000000, -1.000000000000000000 ) ) ;
#3501 = ORIENTED_EDGE ( 'NONE', *, *, #1540, .T. ) ;
#3502 = EDGE_CURVE ( 'NONE', #1032, #3442, #1877, .T. ) ;
#3503 = CYLINDRICAL_SURFACE ( 'NONE', #1650, 1.500000000000001332 ) ;
#3504 = DIRECTION ( 'NONE',  ( 0.000000000000000000, 0.000000000000000000, -1.000000000000000000 ) ) ;
#3505 = CIRCLE ( 'NONE', #3272, 1.500000000000001332 ) ;
#3506 = DIRECTION ( 'NONE',  ( 1.000000000000000000, 1.067522139062650425E-16, -0.000000000000000000 ) ) ;
#3507 = ORIENTED_EDGE ( 'NONE', *, *, #7, .T. ) ;
#3508 = MANIFOLD_SOLID_BREP ( 'ÇÐ³ý-À­Éì17', #101 ) ;
#3509 = VERTEX_POINT ( 'NONE', #1039 ) ;
#3510 = CARTESIAN_POINT ( 'NONE',  ( -14.28459127458936528, 3.751711472399178682, 10.00000000000004086 ) ) ;
#3511 = CYLINDRICAL_SURFACE ( 'NONE', #3024, 1.500000000000003109 ) ;
#3512 = LINE ( 'NONE', #2905, #22 ) ;
#3513 = ORIENTED_EDGE ( 'NONE', *, *, #2320, .F. ) ;
#3514 = ADVANCED_FACE ( 'NONE', ( #2670 ), #2167, .F. ) ;
#3515 = DIRECTION ( 'NONE',  ( -0.000000000000000000, -0.000000000000000000, -1.000000000000000000 ) ) ;
#3516 = EDGE_LOOP ( 'NONE', ( #3032, #3449 ) ) ;
#3517 = EDGE_LOOP ( 'NONE', ( #2045, #1852, #2344, #2580 ) ) ;
#3518 = DIRECTION ( 'NONE',  ( -0.000000000000000000, -0.000000000000000000, -1.000000000000000000 ) ) ;
#3519 = ADVANCED_FACE ( 'NONE', ( #1621 ), #3511, .F. ) ;
#3520 = CARTESIAN_POINT ( 'NONE',  ( -25.15000000000003055, 27.74999999999998579, 6.980527267330678059E-14 ) ) ;
#3521 = EDGE_LOOP ( 'NONE', ( #321, #2795, #3119, #1513 ) ) ;
#3522 = DIRECTION ( 'NONE',  ( 1.000000000000000000, 0.000000000000000000, -2.312964634635742267E-15 ) ) ;
#3523 = DIRECTION ( 'NONE',  ( -1.000000000000000000, 0.000000000000000000, 0.000000000000000000 ) ) ;
#3524 = ORIENTED_EDGE ( 'NONE', *, *, #1699, .T. ) ;
#3525 = AXIS2_PLACEMENT_3D ( 'NONE', #538, #1617, #3523 ) ;
#3526 = DIRECTION ( 'NONE',  ( -1.000000000000000000, 0.000000000000000000, 0.000000000000000000 ) ) ;
#3527 = DIRECTION ( 'NONE',  ( -0.000000000000000000, -0.000000000000000000, -1.000000000000000000 ) ) ;
#3528 = DIRECTION ( 'NONE',  ( -1.000000000000000000, 0.000000000000000000, 0.000000000000000000 ) ) ;
#3529 = FACE_BOUND ( 'NONE', #2178, .T. ) ;
#3530 = EDGE_LOOP ( 'NONE', ( #2629, #1443, #290, #2652 ) ) ;
#3531 = FACE_OUTER_BOUND ( 'NONE', #1374, .T. ) ;
#3532 = ORIENTED_EDGE ( 'NONE', *, *, #481, .F. ) ;
#3533 = EDGE_CURVE ( 'NONE', #147, #121, #3277, .T. ) ;
#3534 = ORIENTED_EDGE ( 'NONE', *, *, #3410, .T. ) ;
#3535 = EDGE_CURVE ( 'NONE', #1091, #112, #2747, .T. ) ;
#3536 = CARTESIAN_POINT ( 'NONE',  ( 24.03502857718832431, -17.03317133725614951, 0.000000000000000000 ) ) ;
#3537 = DIRECTION ( 'NONE',  ( 0.000000000000000000, 0.000000000000000000, -1.000000000000000000 ) ) ;
#3538 = CIRCLE ( 'NONE', #414, 1.500000000000001332 ) ;
#3539 = CARTESIAN_POINT ( 'NONE',  ( -4.879915765898052982, 0.5015657048662119921, 10.00000000000001421 ) ) ;
#3540 = ADVANCED_FACE ( 'NONE', ( #1357 ), #280, .F. ) ;
#3541 = VECTOR ( 'NONE', #237, 1000.000000000000000 ) ;
#3542 = CYLINDRICAL_SURFACE ( 'NONE', #3124, 1.500000000000001332 ) ;
#3543 = EDGE_LOOP ( 'NONE', ( #1152, #615 ) ) ;
#3544 = AXIS2_PLACEMENT_3D ( 'NONE', #642, #3407, #928 ) ;
#3545 = CARTESIAN_POINT ( 'NONE',  ( -24.03502857718828878, -17.03317133725616017, 10.00000000000006573 ) ) ;
#3546 = VECTOR ( 'NONE', #3066, 1000.000000000000000 ) ;
#3547 = AXIS2_PLACEMENT_3D ( 'NONE', #3115, #1177, #2836 ) ;
#3548 = SURFACE_SIDE_STYLE ('',( #486 ) ) ;
#3549 = DIRECTION ( 'NONE',  ( -1.000000000000000000, 0.000000000000000000, 2.312964634635743450E-15 ) ) ;
#3550 = CIRCLE ( 'NONE', #2044, 1.500000000000001332 ) ;
#3551 = CARTESIAN_POINT ( 'NONE',  ( 30.00000000000000355, 30.50000000000000000, 10.00000000000000000 ) ) ;
#3552 = ORIENTED_EDGE ( 'NONE', *, *, #626, .F. ) ;
#3553 = AXIS2_PLACEMENT_3D ( 'NONE', #863, #1398, #3574 ) ;
#3554 = VERTEX_POINT ( 'NONE', #206 ) ;
#3555 = DIRECTION ( 'NONE',  ( 0.000000000000000000, 0.000000000000000000, -1.000000000000000000 ) ) ;
#3556 = LINE ( 'NONE', #788, #426 ) ;
#3557 = ORIENTED_EDGE ( 'NONE', *, *, #1967, .T. ) ;
#3558 = DIRECTION ( 'NONE',  ( -1.000000000000000000, 0.000000000000000000, 0.000000000000000000 ) ) ;
#3559 = DIRECTION ( 'NONE',  ( -1.000000000000000000, 0.000000000000000000, 2.312964634635740689E-15 ) ) ;
#3560 = CYLINDRICAL_SURFACE ( 'NONE', #1352, 1.500000000000001332 ) ;
#3561 = ORIENTED_EDGE ( 'NONE', *, *, #1829, .F. ) ;
#3562 = ADVANCED_FACE ( 'NONE', ( #1296 ), #3258, .F. ) ;
#3563 = DIRECTION ( 'NONE',  ( -1.000000000000000000, -0.000000000000000000, -0.000000000000000000 ) ) ;
#3564 = LINE ( 'NONE', #289, #1814 ) ;
#3565 = ORIENTED_EDGE ( 'NONE', *, *, #2100, .T. ) ;
#3566 = ORIENTED_EDGE ( 'NONE', *, *, #1053, .T. ) ;
#3567 = CIRCLE ( 'NONE', #1532, 1.500000000000003109 ) ;
#3568 = FACE_OUTER_BOUND ( 'NONE', #1522, .T. ) ;
#3569 = EDGE_LOOP ( 'NONE', ( #2536, #3231 ) ) ;
#3570 = ORIENTED_EDGE ( 'NONE', *, *, #2238, .F. ) ;
#3571 = FACE_BOUND ( 'NONE', #507, .T. ) ;
#3572 = CARTESIAN_POINT ( 'NONE',  ( -11.34008204457498437, -43.87893313116376959, 10.00000000000006928 ) ) ;
#3573 = ORIENTED_EDGE ( 'NONE', *, *, #3233, .F. ) ;
#3574 = DIRECTION ( 'NONE',  ( 1.000000000000000000, 0.000000000000000000, -2.312964634635740689E-15 ) ) ;
#3575 = CARTESIAN_POINT ( 'NONE',  ( -4.879915765898068969, -27.02436017819086089, 1.354448710382837023E-14 ) ) ;
#3576 = ORIENTED_EDGE ( 'NONE', *, *, #718, .T. ) ;
#3577 = DIRECTION ( 'NONE',  ( -1.000000000000000000, 0.000000000000000000, 2.312964634635740689E-15 ) ) ;
ENDSEC;
END-ISO-10303-21;
