ISO-10303-21;
HEADER;
/* Generated by software containing ST-Developer
 * from STEP Tools, Inc. (www.steptools.com) 
 */
/* OPTION: using custom schema-name function */

FILE_DESCRIPTION(
/* description */ (''),
/* implementation_level */ '2;1');

FILE_NAME(
/* name */ 'pom',
/* time_stamp */ '2025-09-25T16:53:41+08:00',
/* author */ (''),
/* organization */ (''),
/* preprocessor_version */ 'ST-DEVELOPER v9',
/* originating_system */ 'EDS PLM SOLUTIONS - UNIGRAPHICS NX 2.0',
/* authorisation */ '');

FILE_SCHEMA (('AUTOMOTIVE_DESIGN { 1 0 10303 214 0 1 1 1 }'));
ENDSEC;

DATA;
#10=SHAPE_REPRESENTATION_RELATIONSHIP('none',
'relationship between Admi48A84v9f-none and Admi48A84v9f-none',#22,#11);
#11=ADVANCED_BREP_SHAPE_REPRESENTATION('Admi48A84v9f-none',(#32),#2647);
#12=SHAPE_DEFINITION_REPRESENTATION(#13,#22);
#13=PRODUCT_DEFINITION_SHAPE('','',#14);
#14=PRODUCT_DEFINITION(' ','',#16,#15);
#15=PRODUCT_DEFINITION_CONTEXT('part definition',#21,'design');
#16=PRODUCT_DEFINITION_FORMATION_WITH_SPECIFIED_SOURCE(' ',' ',#18,.NOT_KNOWN.);
#17=PRODUCT_RELATED_PRODUCT_CATEGORY('part','',(#18));
#18=PRODUCT('Admi48A84v9f','Admi48A84v9f',' ',(#19));
#19=PRODUCT_CONTEXT(' ',#21,'mechanical');
#20=APPLICATION_PROTOCOL_DEFINITION('draft international standard',
'automotive_design',1998,#21);
#21=APPLICATION_CONTEXT(
'core data for automotive mechanical design processes');
#22=SHAPE_REPRESENTATION('Admi48A84v9f-none',(#1562),#2647);
#23=PRESENTATION_LAYER_ASSIGNMENT('1','Layer 1',(#32));
#24=STYLED_ITEM('',(#25),#32);
#25=PRESENTATION_STYLE_ASSIGNMENT((#26));
#26=SURFACE_STYLE_USAGE(.BOTH.,#27);
#27=SURFACE_SIDE_STYLE('',(#28));
#28=SURFACE_STYLE_FILL_AREA(#29);
#29=FILL_AREA_STYLE('',(#30));
#30=FILL_AREA_STYLE_COLOUR('',#31);
#31=COLOUR_RGB('2 (Green)',0.27843137254902,0.611749446860456,0.137239642938888);
#32=MANIFOLD_SOLID_BREP('',#33);
#33=CLOSED_SHELL('',(#112,#113,#114,#115,#116,#117,#118,#119,#120,#121,#122,
#123,#124,#125,#126,#127,#128,#129,#130,#131,#132,#133,#134,#135,#136,#137,
#138,#139,#140,#141,#142,#143,#144,#145,#146,#147,#148,#149,#150,#151,#152,
#153,#154,#155,#156,#157,#158,#159,#160,#161,#162,#163,#164,#165,#166,#167,
#168,#169,#170,#171,#172,#173,#174,#175,#176,#177,#178,#179,#180,#181,#182,
#183,#184,#185,#186,#187,#188,#189,#190,#191));
#34=CONICAL_SURFACE('',#1791,4.25,45.0000000000001);
#35=CONICAL_SURFACE('',#1792,4.25,45.0000000000001);
#36=CONICAL_SURFACE('',#1793,4.25,45.0000000000001);
#37=CONICAL_SURFACE('',#1794,4.25,45.0000000000001);
#38=CYLINDRICAL_SURFACE('',#1713,61.45);
#39=CYLINDRICAL_SURFACE('',#1714,30.4);
#40=CYLINDRICAL_SURFACE('',#1716,2.25);
#41=CYLINDRICAL_SURFACE('',#1718,2.25);
#42=CYLINDRICAL_SURFACE('',#1720,2.25);
#43=CYLINDRICAL_SURFACE('',#1722,2.25);
#44=CYLINDRICAL_SURFACE('',#1723,1.65);
#45=CYLINDRICAL_SURFACE('',#1724,1.65);
#46=CYLINDRICAL_SURFACE('',#1725,1.65);
#47=CYLINDRICAL_SURFACE('',#1726,1.65);
#48=CYLINDRICAL_SURFACE('',#1727,1.65);
#49=CYLINDRICAL_SURFACE('',#1728,1.65);
#50=CYLINDRICAL_SURFACE('',#1729,1.65);
#51=CYLINDRICAL_SURFACE('',#1730,1.65);
#52=CYLINDRICAL_SURFACE('',#1731,1.65);
#53=CYLINDRICAL_SURFACE('',#1732,1.65);
#54=CYLINDRICAL_SURFACE('',#1733,1.65);
#55=CYLINDRICAL_SURFACE('',#1734,1.65);
#56=CYLINDRICAL_SURFACE('',#1735,1.65);
#57=CYLINDRICAL_SURFACE('',#1736,1.65);
#58=CYLINDRICAL_SURFACE('',#1737,1.65);
#59=CYLINDRICAL_SURFACE('',#1738,1.65);
#60=CYLINDRICAL_SURFACE('',#1739,1.65);
#61=CYLINDRICAL_SURFACE('',#1740,1.65);
#62=CYLINDRICAL_SURFACE('',#1741,1.65);
#63=CYLINDRICAL_SURFACE('',#1742,1.65);
#64=CYLINDRICAL_SURFACE('',#1743,1.65);
#65=CYLINDRICAL_SURFACE('',#1744,1.65);
#66=CYLINDRICAL_SURFACE('',#1745,1.65);
#67=CYLINDRICAL_SURFACE('',#1746,1.65);
#68=CYLINDRICAL_SURFACE('',#1747,1.65);
#69=CYLINDRICAL_SURFACE('',#1748,1.65);
#70=CYLINDRICAL_SURFACE('',#1749,1.65);
#71=CYLINDRICAL_SURFACE('',#1750,1.65);
#72=CYLINDRICAL_SURFACE('',#1751,1.65);
#73=CYLINDRICAL_SURFACE('',#1752,1.65);
#74=CYLINDRICAL_SURFACE('',#1753,1.65);
#75=CYLINDRICAL_SURFACE('',#1754,1.65);
#76=CYLINDRICAL_SURFACE('',#1755,1.65);
#77=CYLINDRICAL_SURFACE('',#1756,1.65);
#78=CYLINDRICAL_SURFACE('',#1757,1.65);
#79=CYLINDRICAL_SURFACE('',#1758,1.65);
#80=CYLINDRICAL_SURFACE('',#1759,1.65);
#81=CYLINDRICAL_SURFACE('',#1760,1.65);
#82=CYLINDRICAL_SURFACE('',#1761,1.65);
#83=CYLINDRICAL_SURFACE('',#1762,1.65);
#84=CYLINDRICAL_SURFACE('',#1763,1.65);
#85=CYLINDRICAL_SURFACE('',#1764,1.65);
#86=CYLINDRICAL_SURFACE('',#1765,1.65);
#87=CYLINDRICAL_SURFACE('',#1766,1.65);
#88=CYLINDRICAL_SURFACE('',#1767,1.65);
#89=CYLINDRICAL_SURFACE('',#1768,1.65);
#90=CYLINDRICAL_SURFACE('',#1769,1.65);
#91=CYLINDRICAL_SURFACE('',#1770,1.65);
#92=CYLINDRICAL_SURFACE('',#1771,1.65);
#93=CYLINDRICAL_SURFACE('',#1772,1.65);
#94=CYLINDRICAL_SURFACE('',#1773,1.65);
#95=CYLINDRICAL_SURFACE('',#1774,1.65);
#96=CYLINDRICAL_SURFACE('',#1775,1.65);
#97=CYLINDRICAL_SURFACE('',#1776,1.65);
#98=CYLINDRICAL_SURFACE('',#1777,1.65);
#99=CYLINDRICAL_SURFACE('',#1778,1.65);
#100=CYLINDRICAL_SURFACE('',#1779,1.65);
#101=CYLINDRICAL_SURFACE('',#1780,1.65);
#102=CYLINDRICAL_SURFACE('',#1781,1.65);
#103=CYLINDRICAL_SURFACE('',#1782,1.65);
#104=CYLINDRICAL_SURFACE('',#1783,1.65);
#105=CYLINDRICAL_SURFACE('',#1784,1.65);
#106=CYLINDRICAL_SURFACE('',#1785,1.65);
#107=CYLINDRICAL_SURFACE('',#1786,1.65);
#108=CYLINDRICAL_SURFACE('',#1787,1.65);
#109=CYLINDRICAL_SURFACE('',#1788,1.65);
#110=CYLINDRICAL_SURFACE('',#1789,1.65);
#111=CYLINDRICAL_SURFACE('',#1790,1.65);
#112=ADVANCED_FACE('',(#200,#201,#202,#203,#204,#205,#206,#207,#208,#209,
#210,#211,#212,#213,#214,#215,#216,#217,#218,#219,#220,#221,#222,#223,#224,
#225,#226,#227,#228,#229,#230,#231,#232,#233,#234,#235,#236,#237,#238,#239,
#240,#241,#242,#243,#244,#245,#246,#247,#194,#248,#249,#250,#251,#252,#253,
#254,#255,#256,#257,#258,#259,#260,#261,#262,#263,#264,#265,#266,#267,#268,
#269,#270,#271,#272),#192,.T.);
#113=ADVANCED_FACE('',(#273,#274,#275,#276,#277,#278,#279,#280,#281,#282,
#283,#284,#285,#286,#287,#288,#289,#290,#291,#292,#293,#294,#295,#296,#297,
#298,#299,#300,#301,#302,#303,#304,#305,#306,#307,#308,#309,#310,#311,#312,
#313,#314,#315,#316,#317,#318,#319,#320,#321,#322,#323,#195,#324,#325,#326,
#327,#328,#329,#330,#331,#332,#333,#334,#335,#336,#337,#338,#339,#340,#341,
#342,#343,#344,#345),#193,.T.);
#114=ADVANCED_FACE('',(#346,#347),#38,.T.);
#115=ADVANCED_FACE('',(#348,#349),#39,.F.);
#116=ADVANCED_FACE('',(#350,#351),#40,.F.);
#117=ADVANCED_FACE('',(#352,#353),#41,.F.);
#118=ADVANCED_FACE('',(#354,#355),#42,.F.);
#119=ADVANCED_FACE('',(#356,#357),#43,.F.);
#120=ADVANCED_FACE('',(#358,#359),#44,.F.);
#121=ADVANCED_FACE('',(#360,#361),#45,.F.);
#122=ADVANCED_FACE('',(#362,#363),#46,.F.);
#123=ADVANCED_FACE('',(#364,#365),#47,.F.);
#124=ADVANCED_FACE('',(#366,#367),#48,.F.);
#125=ADVANCED_FACE('',(#368,#369),#49,.F.);
#126=ADVANCED_FACE('',(#370,#371),#50,.F.);
#127=ADVANCED_FACE('',(#372,#373),#51,.F.);
#128=ADVANCED_FACE('',(#374,#375),#52,.F.);
#129=ADVANCED_FACE('',(#376,#377),#53,.F.);
#130=ADVANCED_FACE('',(#378,#379),#54,.F.);
#131=ADVANCED_FACE('',(#380,#381),#55,.F.);
#132=ADVANCED_FACE('',(#382,#383),#56,.F.);
#133=ADVANCED_FACE('',(#384,#385),#57,.F.);
#134=ADVANCED_FACE('',(#386,#387),#58,.F.);
#135=ADVANCED_FACE('',(#388,#389),#59,.F.);
#136=ADVANCED_FACE('',(#390,#391),#60,.F.);
#137=ADVANCED_FACE('',(#392,#393),#61,.F.);
#138=ADVANCED_FACE('',(#394,#395),#62,.F.);
#139=ADVANCED_FACE('',(#396,#397),#63,.F.);
#140=ADVANCED_FACE('',(#398,#399),#64,.F.);
#141=ADVANCED_FACE('',(#400,#401),#65,.F.);
#142=ADVANCED_FACE('',(#402,#403),#66,.F.);
#143=ADVANCED_FACE('',(#404,#405),#67,.F.);
#144=ADVANCED_FACE('',(#406,#407),#68,.F.);
#145=ADVANCED_FACE('',(#408,#409),#69,.F.);
#146=ADVANCED_FACE('',(#410,#411),#70,.F.);
#147=ADVANCED_FACE('',(#412,#413),#71,.F.);
#148=ADVANCED_FACE('',(#414,#415),#72,.F.);
#149=ADVANCED_FACE('',(#416,#417),#73,.F.);
#150=ADVANCED_FACE('',(#418,#419),#74,.F.);
#151=ADVANCED_FACE('',(#420,#421),#75,.F.);
#152=ADVANCED_FACE('',(#422,#423),#76,.F.);
#153=ADVANCED_FACE('',(#424,#425),#77,.F.);
#154=ADVANCED_FACE('',(#426,#427),#78,.F.);
#155=ADVANCED_FACE('',(#428,#429),#79,.F.);
#156=ADVANCED_FACE('',(#430,#431),#80,.F.);
#157=ADVANCED_FACE('',(#432,#433),#81,.F.);
#158=ADVANCED_FACE('',(#434,#435),#82,.F.);
#159=ADVANCED_FACE('',(#436,#437),#83,.F.);
#160=ADVANCED_FACE('',(#438,#439),#84,.F.);
#161=ADVANCED_FACE('',(#440,#441),#85,.F.);
#162=ADVANCED_FACE('',(#442,#443),#86,.F.);
#163=ADVANCED_FACE('',(#444,#445),#87,.F.);
#164=ADVANCED_FACE('',(#446,#447),#88,.F.);
#165=ADVANCED_FACE('',(#448,#449),#89,.F.);
#166=ADVANCED_FACE('',(#450,#451),#90,.F.);
#167=ADVANCED_FACE('',(#452,#453),#91,.F.);
#168=ADVANCED_FACE('',(#454,#455),#92,.F.);
#169=ADVANCED_FACE('',(#456,#457),#93,.F.);
#170=ADVANCED_FACE('',(#458,#459),#94,.F.);
#171=ADVANCED_FACE('',(#460,#461),#95,.F.);
#172=ADVANCED_FACE('',(#462,#463),#96,.F.);
#173=ADVANCED_FACE('',(#464,#465),#97,.F.);
#174=ADVANCED_FACE('',(#466,#467),#98,.F.);
#175=ADVANCED_FACE('',(#468,#469),#99,.F.);
#176=ADVANCED_FACE('',(#470,#471),#100,.F.);
#177=ADVANCED_FACE('',(#472,#473),#101,.F.);
#178=ADVANCED_FACE('',(#474,#475),#102,.F.);
#179=ADVANCED_FACE('',(#476,#477),#103,.F.);
#180=ADVANCED_FACE('',(#478,#479),#104,.F.);
#181=ADVANCED_FACE('',(#480,#481),#105,.F.);
#182=ADVANCED_FACE('',(#482,#483),#106,.F.);
#183=ADVANCED_FACE('',(#484,#485),#107,.F.);
#184=ADVANCED_FACE('',(#486,#487),#108,.F.);
#185=ADVANCED_FACE('',(#488,#489),#109,.F.);
#186=ADVANCED_FACE('',(#490,#491),#110,.F.);
#187=ADVANCED_FACE('',(#492,#493),#111,.F.);
#188=ADVANCED_FACE('',(#494,#196),#34,.F.);
#189=ADVANCED_FACE('',(#495,#197),#35,.F.);
#190=ADVANCED_FACE('',(#496,#198),#36,.F.);
#191=ADVANCED_FACE('',(#497,#199),#37,.F.);
#192=PLANE('',#1637);
#193=PLANE('',#1712);
#194=FACE_OUTER_BOUND('',#546,.T.);
#195=FACE_OUTER_BOUND('',#623,.T.);
#196=FACE_OUTER_BOUND('',#795,.T.);
#197=FACE_OUTER_BOUND('',#797,.T.);
#198=FACE_OUTER_BOUND('',#799,.T.);
#199=FACE_OUTER_BOUND('',#801,.T.);
#200=FACE_BOUND('',#498,.T.);
#201=FACE_BOUND('',#499,.T.);
#202=FACE_BOUND('',#500,.T.);
#203=FACE_BOUND('',#501,.T.);
#204=FACE_BOUND('',#502,.T.);
#205=FACE_BOUND('',#503,.T.);
#206=FACE_BOUND('',#504,.T.);
#207=FACE_BOUND('',#505,.T.);
#208=FACE_BOUND('',#506,.T.);
#209=FACE_BOUND('',#507,.T.);
#210=FACE_BOUND('',#508,.T.);
#211=FACE_BOUND('',#509,.T.);
#212=FACE_BOUND('',#510,.T.);
#213=FACE_BOUND('',#511,.T.);
#214=FACE_BOUND('',#512,.T.);
#215=FACE_BOUND('',#513,.T.);
#216=FACE_BOUND('',#514,.T.);
#217=FACE_BOUND('',#515,.T.);
#218=FACE_BOUND('',#516,.T.);
#219=FACE_BOUND('',#517,.T.);
#220=FACE_BOUND('',#518,.T.);
#221=FACE_BOUND('',#519,.T.);
#222=FACE_BOUND('',#520,.T.);
#223=FACE_BOUND('',#521,.T.);
#224=FACE_BOUND('',#522,.T.);
#225=FACE_BOUND('',#523,.T.);
#226=FACE_BOUND('',#524,.T.);
#227=FACE_BOUND('',#525,.T.);
#228=FACE_BOUND('',#526,.T.);
#229=FACE_BOUND('',#527,.T.);
#230=FACE_BOUND('',#528,.T.);
#231=FACE_BOUND('',#529,.T.);
#232=FACE_BOUND('',#530,.T.);
#233=FACE_BOUND('',#531,.T.);
#234=FACE_BOUND('',#532,.T.);
#235=FACE_BOUND('',#533,.T.);
#236=FACE_BOUND('',#534,.T.);
#237=FACE_BOUND('',#535,.T.);
#238=FACE_BOUND('',#536,.T.);
#239=FACE_BOUND('',#537,.T.);
#240=FACE_BOUND('',#538,.T.);
#241=FACE_BOUND('',#539,.T.);
#242=FACE_BOUND('',#540,.T.);
#243=FACE_BOUND('',#541,.T.);
#244=FACE_BOUND('',#542,.T.);
#245=FACE_BOUND('',#543,.T.);
#246=FACE_BOUND('',#544,.T.);
#247=FACE_BOUND('',#545,.T.);
#248=FACE_BOUND('',#547,.T.);
#249=FACE_BOUND('',#548,.T.);
#250=FACE_BOUND('',#549,.T.);
#251=FACE_BOUND('',#550,.T.);
#252=FACE_BOUND('',#551,.T.);
#253=FACE_BOUND('',#552,.T.);
#254=FACE_BOUND('',#553,.T.);
#255=FACE_BOUND('',#554,.T.);
#256=FACE_BOUND('',#555,.T.);
#257=FACE_BOUND('',#556,.T.);
#258=FACE_BOUND('',#557,.T.);
#259=FACE_BOUND('',#558,.T.);
#260=FACE_BOUND('',#559,.T.);
#261=FACE_BOUND('',#560,.T.);
#262=FACE_BOUND('',#561,.T.);
#263=FACE_BOUND('',#562,.T.);
#264=FACE_BOUND('',#563,.T.);
#265=FACE_BOUND('',#564,.T.);
#266=FACE_BOUND('',#565,.T.);
#267=FACE_BOUND('',#566,.T.);
#268=FACE_BOUND('',#567,.T.);
#269=FACE_BOUND('',#568,.T.);
#270=FACE_BOUND('',#569,.T.);
#271=FACE_BOUND('',#570,.T.);
#272=FACE_BOUND('',#571,.T.);
#273=FACE_BOUND('',#572,.T.);
#274=FACE_BOUND('',#573,.T.);
#275=FACE_BOUND('',#574,.T.);
#276=FACE_BOUND('',#575,.T.);
#277=FACE_BOUND('',#576,.T.);
#278=FACE_BOUND('',#577,.T.);
#279=FACE_BOUND('',#578,.T.);
#280=FACE_BOUND('',#579,.T.);
#281=FACE_BOUND('',#580,.T.);
#282=FACE_BOUND('',#581,.T.);
#283=FACE_BOUND('',#582,.T.);
#284=FACE_BOUND('',#583,.T.);
#285=FACE_BOUND('',#584,.T.);
#286=FACE_BOUND('',#585,.T.);
#287=FACE_BOUND('',#586,.T.);
#288=FACE_BOUND('',#587,.T.);
#289=FACE_BOUND('',#588,.T.);
#290=FACE_BOUND('',#589,.T.);
#291=FACE_BOUND('',#590,.T.);
#292=FACE_BOUND('',#591,.T.);
#293=FACE_BOUND('',#592,.T.);
#294=FACE_BOUND('',#593,.T.);
#295=FACE_BOUND('',#594,.T.);
#296=FACE_BOUND('',#595,.T.);
#297=FACE_BOUND('',#596,.T.);
#298=FACE_BOUND('',#597,.T.);
#299=FACE_BOUND('',#598,.T.);
#300=FACE_BOUND('',#599,.T.);
#301=FACE_BOUND('',#600,.T.);
#302=FACE_BOUND('',#601,.T.);
#303=FACE_BOUND('',#602,.T.);
#304=FACE_BOUND('',#603,.T.);
#305=FACE_BOUND('',#604,.T.);
#306=FACE_BOUND('',#605,.T.);
#307=FACE_BOUND('',#606,.T.);
#308=FACE_BOUND('',#607,.T.);
#309=FACE_BOUND('',#608,.T.);
#310=FACE_BOUND('',#609,.T.);
#311=FACE_BOUND('',#610,.T.);
#312=FACE_BOUND('',#611,.T.);
#313=FACE_BOUND('',#612,.T.);
#314=FACE_BOUND('',#613,.T.);
#315=FACE_BOUND('',#614,.T.);
#316=FACE_BOUND('',#615,.T.);
#317=FACE_BOUND('',#616,.T.);
#318=FACE_BOUND('',#617,.T.);
#319=FACE_BOUND('',#618,.T.);
#320=FACE_BOUND('',#619,.T.);
#321=FACE_BOUND('',#620,.T.);
#322=FACE_BOUND('',#621,.T.);
#323=FACE_BOUND('',#622,.T.);
#324=FACE_BOUND('',#624,.T.);
#325=FACE_BOUND('',#625,.T.);
#326=FACE_BOUND('',#626,.T.);
#327=FACE_BOUND('',#627,.T.);
#328=FACE_BOUND('',#628,.T.);
#329=FACE_BOUND('',#629,.T.);
#330=FACE_BOUND('',#630,.T.);
#331=FACE_BOUND('',#631,.T.);
#332=FACE_BOUND('',#632,.T.);
#333=FACE_BOUND('',#633,.T.);
#334=FACE_BOUND('',#634,.T.);
#335=FACE_BOUND('',#635,.T.);
#336=FACE_BOUND('',#636,.T.);
#337=FACE_BOUND('',#637,.T.);
#338=FACE_BOUND('',#638,.T.);
#339=FACE_BOUND('',#639,.T.);
#340=FACE_BOUND('',#640,.T.);
#341=FACE_BOUND('',#641,.T.);
#342=FACE_BOUND('',#642,.T.);
#343=FACE_BOUND('',#643,.T.);
#344=FACE_BOUND('',#644,.T.);
#345=FACE_BOUND('',#645,.T.);
#346=FACE_BOUND('',#646,.T.);
#347=FACE_BOUND('',#647,.T.);
#348=FACE_BOUND('',#648,.T.);
#349=FACE_BOUND('',#649,.T.);
#350=FACE_BOUND('',#650,.T.);
#351=FACE_BOUND('',#651,.T.);
#352=FACE_BOUND('',#652,.T.);
#353=FACE_BOUND('',#653,.T.);
#354=FACE_BOUND('',#654,.T.);
#355=FACE_BOUND('',#655,.T.);
#356=FACE_BOUND('',#656,.T.);
#357=FACE_BOUND('',#657,.T.);
#358=FACE_BOUND('',#658,.T.);
#359=FACE_BOUND('',#659,.T.);
#360=FACE_BOUND('',#660,.T.);
#361=FACE_BOUND('',#661,.T.);
#362=FACE_BOUND('',#662,.T.);
#363=FACE_BOUND('',#663,.T.);
#364=FACE_BOUND('',#664,.T.);
#365=FACE_BOUND('',#665,.T.);
#366=FACE_BOUND('',#666,.T.);
#367=FACE_BOUND('',#667,.T.);
#368=FACE_BOUND('',#668,.T.);
#369=FACE_BOUND('',#669,.T.);
#370=FACE_BOUND('',#670,.T.);
#371=FACE_BOUND('',#671,.T.);
#372=FACE_BOUND('',#672,.T.);
#373=FACE_BOUND('',#673,.T.);
#374=FACE_BOUND('',#674,.T.);
#375=FACE_BOUND('',#675,.T.);
#376=FACE_BOUND('',#676,.T.);
#377=FACE_BOUND('',#677,.T.);
#378=FACE_BOUND('',#678,.T.);
#379=FACE_BOUND('',#679,.T.);
#380=FACE_BOUND('',#680,.T.);
#381=FACE_BOUND('',#681,.T.);
#382=FACE_BOUND('',#682,.T.);
#383=FACE_BOUND('',#683,.T.);
#384=FACE_BOUND('',#684,.T.);
#385=FACE_BOUND('',#685,.T.);
#386=FACE_BOUND('',#686,.T.);
#387=FACE_BOUND('',#687,.T.);
#388=FACE_BOUND('',#688,.T.);
#389=FACE_BOUND('',#689,.T.);
#390=FACE_BOUND('',#690,.T.);
#391=FACE_BOUND('',#691,.T.);
#392=FACE_BOUND('',#692,.T.);
#393=FACE_BOUND('',#693,.T.);
#394=FACE_BOUND('',#694,.T.);
#395=FACE_BOUND('',#695,.T.);
#396=FACE_BOUND('',#696,.T.);
#397=FACE_BOUND('',#697,.T.);
#398=FACE_BOUND('',#698,.T.);
#399=FACE_BOUND('',#699,.T.);
#400=FACE_BOUND('',#700,.T.);
#401=FACE_BOUND('',#701,.T.);
#402=FACE_BOUND('',#702,.T.);
#403=FACE_BOUND('',#703,.T.);
#404=FACE_BOUND('',#704,.T.);
#405=FACE_BOUND('',#705,.T.);
#406=FACE_BOUND('',#706,.T.);
#407=FACE_BOUND('',#707,.T.);
#408=FACE_BOUND('',#708,.T.);
#409=FACE_BOUND('',#709,.T.);
#410=FACE_BOUND('',#710,.T.);
#411=FACE_BOUND('',#711,.T.);
#412=FACE_BOUND('',#712,.T.);
#413=FACE_BOUND('',#713,.T.);
#414=FACE_BOUND('',#714,.T.);
#415=FACE_BOUND('',#715,.T.);
#416=FACE_BOUND('',#716,.T.);
#417=FACE_BOUND('',#717,.T.);
#418=FACE_BOUND('',#718,.T.);
#419=FACE_BOUND('',#719,.T.);
#420=FACE_BOUND('',#720,.T.);
#421=FACE_BOUND('',#721,.T.);
#422=FACE_BOUND('',#722,.T.);
#423=FACE_BOUND('',#723,.T.);
#424=FACE_BOUND('',#724,.T.);
#425=FACE_BOUND('',#725,.T.);
#426=FACE_BOUND('',#726,.T.);
#427=FACE_BOUND('',#727,.T.);
#428=FACE_BOUND('',#728,.T.);
#429=FACE_BOUND('',#729,.T.);
#430=FACE_BOUND('',#730,.T.);
#431=FACE_BOUND('',#731,.T.);
#432=FACE_BOUND('',#732,.T.);
#433=FACE_BOUND('',#733,.T.);
#434=FACE_BOUND('',#734,.T.);
#435=FACE_BOUND('',#735,.T.);
#436=FACE_BOUND('',#736,.T.);
#437=FACE_BOUND('',#737,.T.);
#438=FACE_BOUND('',#738,.T.);
#439=FACE_BOUND('',#739,.T.);
#440=FACE_BOUND('',#740,.T.);
#441=FACE_BOUND('',#741,.T.);
#442=FACE_BOUND('',#742,.T.);
#443=FACE_BOUND('',#743,.T.);
#444=FACE_BOUND('',#744,.T.);
#445=FACE_BOUND('',#745,.T.);
#446=FACE_BOUND('',#746,.T.);
#447=FACE_BOUND('',#747,.T.);
#448=FACE_BOUND('',#748,.T.);
#449=FACE_BOUND('',#749,.T.);
#450=FACE_BOUND('',#750,.T.);
#451=FACE_BOUND('',#751,.T.);
#452=FACE_BOUND('',#752,.T.);
#453=FACE_BOUND('',#753,.T.);
#454=FACE_BOUND('',#754,.T.);
#455=FACE_BOUND('',#755,.T.);
#456=FACE_BOUND('',#756,.T.);
#457=FACE_BOUND('',#757,.T.);
#458=FACE_BOUND('',#758,.T.);
#459=FACE_BOUND('',#759,.T.);
#460=FACE_BOUND('',#760,.T.);
#461=FACE_BOUND('',#761,.T.);
#462=FACE_BOUND('',#762,.T.);
#463=FACE_BOUND('',#763,.T.);
#464=FACE_BOUND('',#764,.T.);
#465=FACE_BOUND('',#765,.T.);
#466=FACE_BOUND('',#766,.T.);
#467=FACE_BOUND('',#767,.T.);
#468=FACE_BOUND('',#768,.T.);
#469=FACE_BOUND('',#769,.T.);
#470=FACE_BOUND('',#770,.T.);
#471=FACE_BOUND('',#771,.T.);
#472=FACE_BOUND('',#772,.T.);
#473=FACE_BOUND('',#773,.T.);
#474=FACE_BOUND('',#774,.T.);
#475=FACE_BOUND('',#775,.T.);
#476=FACE_BOUND('',#776,.T.);
#477=FACE_BOUND('',#777,.T.);
#478=FACE_BOUND('',#778,.T.);
#479=FACE_BOUND('',#779,.T.);
#480=FACE_BOUND('',#780,.T.);
#481=FACE_BOUND('',#781,.T.);
#482=FACE_BOUND('',#782,.T.);
#483=FACE_BOUND('',#783,.T.);
#484=FACE_BOUND('',#784,.T.);
#485=FACE_BOUND('',#785,.T.);
#486=FACE_BOUND('',#786,.T.);
#487=FACE_BOUND('',#787,.T.);
#488=FACE_BOUND('',#788,.T.);
#489=FACE_BOUND('',#789,.T.);
#490=FACE_BOUND('',#790,.T.);
#491=FACE_BOUND('',#791,.T.);
#492=FACE_BOUND('',#792,.T.);
#493=FACE_BOUND('',#793,.T.);
#494=FACE_BOUND('',#794,.T.);
#495=FACE_BOUND('',#796,.T.);
#496=FACE_BOUND('',#798,.T.);
#497=FACE_BOUND('',#800,.T.);
#498=EDGE_LOOP('',(#802));
#499=EDGE_LOOP('',(#803));
#500=EDGE_LOOP('',(#804));
#501=EDGE_LOOP('',(#805));
#502=EDGE_LOOP('',(#806));
#503=EDGE_LOOP('',(#807));
#504=EDGE_LOOP('',(#808));
#505=EDGE_LOOP('',(#809));
#506=EDGE_LOOP('',(#810));
#507=EDGE_LOOP('',(#811));
#508=EDGE_LOOP('',(#812));
#509=EDGE_LOOP('',(#813));
#510=EDGE_LOOP('',(#814));
#511=EDGE_LOOP('',(#815));
#512=EDGE_LOOP('',(#816));
#513=EDGE_LOOP('',(#817));
#514=EDGE_LOOP('',(#818));
#515=EDGE_LOOP('',(#819));
#516=EDGE_LOOP('',(#820));
#517=EDGE_LOOP('',(#821));
#518=EDGE_LOOP('',(#822));
#519=EDGE_LOOP('',(#823));
#520=EDGE_LOOP('',(#824));
#521=EDGE_LOOP('',(#825));
#522=EDGE_LOOP('',(#826));
#523=EDGE_LOOP('',(#827));
#524=EDGE_LOOP('',(#828));
#525=EDGE_LOOP('',(#829));
#526=EDGE_LOOP('',(#830));
#527=EDGE_LOOP('',(#831));
#528=EDGE_LOOP('',(#832));
#529=EDGE_LOOP('',(#833));
#530=EDGE_LOOP('',(#834));
#531=EDGE_LOOP('',(#835));
#532=EDGE_LOOP('',(#836));
#533=EDGE_LOOP('',(#837));
#534=EDGE_LOOP('',(#838));
#535=EDGE_LOOP('',(#839));
#536=EDGE_LOOP('',(#840));
#537=EDGE_LOOP('',(#841));
#538=EDGE_LOOP('',(#842));
#539=EDGE_LOOP('',(#843));
#540=EDGE_LOOP('',(#844));
#541=EDGE_LOOP('',(#845));
#542=EDGE_LOOP('',(#846));
#543=EDGE_LOOP('',(#847));
#544=EDGE_LOOP('',(#848));
#545=EDGE_LOOP('',(#849));
#546=EDGE_LOOP('',(#850));
#547=EDGE_LOOP('',(#851));
#548=EDGE_LOOP('',(#852));
#549=EDGE_LOOP('',(#853));
#550=EDGE_LOOP('',(#854));
#551=EDGE_LOOP('',(#855));
#552=EDGE_LOOP('',(#856));
#553=EDGE_LOOP('',(#857));
#554=EDGE_LOOP('',(#858));
#555=EDGE_LOOP('',(#859));
#556=EDGE_LOOP('',(#860));
#557=EDGE_LOOP('',(#861));
#558=EDGE_LOOP('',(#862));
#559=EDGE_LOOP('',(#863));
#560=EDGE_LOOP('',(#864));
#561=EDGE_LOOP('',(#865));
#562=EDGE_LOOP('',(#866));
#563=EDGE_LOOP('',(#867));
#564=EDGE_LOOP('',(#868));
#565=EDGE_LOOP('',(#869));
#566=EDGE_LOOP('',(#870));
#567=EDGE_LOOP('',(#871));
#568=EDGE_LOOP('',(#872));
#569=EDGE_LOOP('',(#873));
#570=EDGE_LOOP('',(#874));
#571=EDGE_LOOP('',(#875));
#572=EDGE_LOOP('',(#876));
#573=EDGE_LOOP('',(#877));
#574=EDGE_LOOP('',(#878));
#575=EDGE_LOOP('',(#879));
#576=EDGE_LOOP('',(#880));
#577=EDGE_LOOP('',(#881));
#578=EDGE_LOOP('',(#882));
#579=EDGE_LOOP('',(#883));
#580=EDGE_LOOP('',(#884));
#581=EDGE_LOOP('',(#885));
#582=EDGE_LOOP('',(#886));
#583=EDGE_LOOP('',(#887));
#584=EDGE_LOOP('',(#888));
#585=EDGE_LOOP('',(#889));
#586=EDGE_LOOP('',(#890));
#587=EDGE_LOOP('',(#891));
#588=EDGE_LOOP('',(#892));
#589=EDGE_LOOP('',(#893));
#590=EDGE_LOOP('',(#894));
#591=EDGE_LOOP('',(#895));
#592=EDGE_LOOP('',(#896));
#593=EDGE_LOOP('',(#897));
#594=EDGE_LOOP('',(#898));
#595=EDGE_LOOP('',(#899));
#596=EDGE_LOOP('',(#900));
#597=EDGE_LOOP('',(#901));
#598=EDGE_LOOP('',(#902));
#599=EDGE_LOOP('',(#903));
#600=EDGE_LOOP('',(#904));
#601=EDGE_LOOP('',(#905));
#602=EDGE_LOOP('',(#906));
#603=EDGE_LOOP('',(#907));
#604=EDGE_LOOP('',(#908));
#605=EDGE_LOOP('',(#909));
#606=EDGE_LOOP('',(#910));
#607=EDGE_LOOP('',(#911));
#608=EDGE_LOOP('',(#912));
#609=EDGE_LOOP('',(#913));
#610=EDGE_LOOP('',(#914));
#611=EDGE_LOOP('',(#915));
#612=EDGE_LOOP('',(#916));
#613=EDGE_LOOP('',(#917));
#614=EDGE_LOOP('',(#918));
#615=EDGE_LOOP('',(#919));
#616=EDGE_LOOP('',(#920));
#617=EDGE_LOOP('',(#921));
#618=EDGE_LOOP('',(#922));
#619=EDGE_LOOP('',(#923));
#620=EDGE_LOOP('',(#924));
#621=EDGE_LOOP('',(#925));
#622=EDGE_LOOP('',(#926));
#623=EDGE_LOOP('',(#927));
#624=EDGE_LOOP('',(#928));
#625=EDGE_LOOP('',(#929));
#626=EDGE_LOOP('',(#930));
#627=EDGE_LOOP('',(#931));
#628=EDGE_LOOP('',(#932));
#629=EDGE_LOOP('',(#933));
#630=EDGE_LOOP('',(#934));
#631=EDGE_LOOP('',(#935));
#632=EDGE_LOOP('',(#936));
#633=EDGE_LOOP('',(#937));
#634=EDGE_LOOP('',(#938));
#635=EDGE_LOOP('',(#939));
#636=EDGE_LOOP('',(#940));
#637=EDGE_LOOP('',(#941));
#638=EDGE_LOOP('',(#942));
#639=EDGE_LOOP('',(#943));
#640=EDGE_LOOP('',(#944));
#641=EDGE_LOOP('',(#945));
#642=EDGE_LOOP('',(#946));
#643=EDGE_LOOP('',(#947));
#644=EDGE_LOOP('',(#948));
#645=EDGE_LOOP('',(#949));
#646=EDGE_LOOP('',(#950));
#647=EDGE_LOOP('',(#951));
#648=EDGE_LOOP('',(#952));
#649=EDGE_LOOP('',(#953));
#650=EDGE_LOOP('',(#954));
#651=EDGE_LOOP('',(#955));
#652=EDGE_LOOP('',(#956));
#653=EDGE_LOOP('',(#957));
#654=EDGE_LOOP('',(#958));
#655=EDGE_LOOP('',(#959));
#656=EDGE_LOOP('',(#960));
#657=EDGE_LOOP('',(#961));
#658=EDGE_LOOP('',(#962));
#659=EDGE_LOOP('',(#963));
#660=EDGE_LOOP('',(#964));
#661=EDGE_LOOP('',(#965));
#662=EDGE_LOOP('',(#966));
#663=EDGE_LOOP('',(#967));
#664=EDGE_LOOP('',(#968));
#665=EDGE_LOOP('',(#969));
#666=EDGE_LOOP('',(#970));
#667=EDGE_LOOP('',(#971));
#668=EDGE_LOOP('',(#972));
#669=EDGE_LOOP('',(#973));
#670=EDGE_LOOP('',(#974));
#671=EDGE_LOOP('',(#975));
#672=EDGE_LOOP('',(#976));
#673=EDGE_LOOP('',(#977));
#674=EDGE_LOOP('',(#978));
#675=EDGE_LOOP('',(#979));
#676=EDGE_LOOP('',(#980));
#677=EDGE_LOOP('',(#981));
#678=EDGE_LOOP('',(#982));
#679=EDGE_LOOP('',(#983));
#680=EDGE_LOOP('',(#984));
#681=EDGE_LOOP('',(#985));
#682=EDGE_LOOP('',(#986));
#683=EDGE_LOOP('',(#987));
#684=EDGE_LOOP('',(#988));
#685=EDGE_LOOP('',(#989));
#686=EDGE_LOOP('',(#990));
#687=EDGE_LOOP('',(#991));
#688=EDGE_LOOP('',(#992));
#689=EDGE_LOOP('',(#993));
#690=EDGE_LOOP('',(#994));
#691=EDGE_LOOP('',(#995));
#692=EDGE_LOOP('',(#996));
#693=EDGE_LOOP('',(#997));
#694=EDGE_LOOP('',(#998));
#695=EDGE_LOOP('',(#999));
#696=EDGE_LOOP('',(#1000));
#697=EDGE_LOOP('',(#1001));
#698=EDGE_LOOP('',(#1002));
#699=EDGE_LOOP('',(#1003));
#700=EDGE_LOOP('',(#1004));
#701=EDGE_LOOP('',(#1005));
#702=EDGE_LOOP('',(#1006));
#703=EDGE_LOOP('',(#1007));
#704=EDGE_LOOP('',(#1008));
#705=EDGE_LOOP('',(#1009));
#706=EDGE_LOOP('',(#1010));
#707=EDGE_LOOP('',(#1011));
#708=EDGE_LOOP('',(#1012));
#709=EDGE_LOOP('',(#1013));
#710=EDGE_LOOP('',(#1014));
#711=EDGE_LOOP('',(#1015));
#712=EDGE_LOOP('',(#1016));
#713=EDGE_LOOP('',(#1017));
#714=EDGE_LOOP('',(#1018));
#715=EDGE_LOOP('',(#1019));
#716=EDGE_LOOP('',(#1020));
#717=EDGE_LOOP('',(#1021));
#718=EDGE_LOOP('',(#1022));
#719=EDGE_LOOP('',(#1023));
#720=EDGE_LOOP('',(#1024));
#721=EDGE_LOOP('',(#1025));
#722=EDGE_LOOP('',(#1026));
#723=EDGE_LOOP('',(#1027));
#724=EDGE_LOOP('',(#1028));
#725=EDGE_LOOP('',(#1029));
#726=EDGE_LOOP('',(#1030));
#727=EDGE_LOOP('',(#1031));
#728=EDGE_LOOP('',(#1032));
#729=EDGE_LOOP('',(#1033));
#730=EDGE_LOOP('',(#1034));
#731=EDGE_LOOP('',(#1035));
#732=EDGE_LOOP('',(#1036));
#733=EDGE_LOOP('',(#1037));
#734=EDGE_LOOP('',(#1038));
#735=EDGE_LOOP('',(#1039));
#736=EDGE_LOOP('',(#1040));
#737=EDGE_LOOP('',(#1041));
#738=EDGE_LOOP('',(#1042));
#739=EDGE_LOOP('',(#1043));
#740=EDGE_LOOP('',(#1044));
#741=EDGE_LOOP('',(#1045));
#742=EDGE_LOOP('',(#1046));
#743=EDGE_LOOP('',(#1047));
#744=EDGE_LOOP('',(#1048));
#745=EDGE_LOOP('',(#1049));
#746=EDGE_LOOP('',(#1050));
#747=EDGE_LOOP('',(#1051));
#748=EDGE_LOOP('',(#1052));
#749=EDGE_LOOP('',(#1053));
#750=EDGE_LOOP('',(#1054));
#751=EDGE_LOOP('',(#1055));
#752=EDGE_LOOP('',(#1056));
#753=EDGE_LOOP('',(#1057));
#754=EDGE_LOOP('',(#1058));
#755=EDGE_LOOP('',(#1059));
#756=EDGE_LOOP('',(#1060));
#757=EDGE_LOOP('',(#1061));
#758=EDGE_LOOP('',(#1062));
#759=EDGE_LOOP('',(#1063));
#760=EDGE_LOOP('',(#1064));
#761=EDGE_LOOP('',(#1065));
#762=EDGE_LOOP('',(#1066));
#763=EDGE_LOOP('',(#1067));
#764=EDGE_LOOP('',(#1068));
#765=EDGE_LOOP('',(#1069));
#766=EDGE_LOOP('',(#1070));
#767=EDGE_LOOP('',(#1071));
#768=EDGE_LOOP('',(#1072));
#769=EDGE_LOOP('',(#1073));
#770=EDGE_LOOP('',(#1074));
#771=EDGE_LOOP('',(#1075));
#772=EDGE_LOOP('',(#1076));
#773=EDGE_LOOP('',(#1077));
#774=EDGE_LOOP('',(#1078));
#775=EDGE_LOOP('',(#1079));
#776=EDGE_LOOP('',(#1080));
#777=EDGE_LOOP('',(#1081));
#778=EDGE_LOOP('',(#1082));
#779=EDGE_LOOP('',(#1083));
#780=EDGE_LOOP('',(#1084));
#781=EDGE_LOOP('',(#1085));
#782=EDGE_LOOP('',(#1086));
#783=EDGE_LOOP('',(#1087));
#784=EDGE_LOOP('',(#1088));
#785=EDGE_LOOP('',(#1089));
#786=EDGE_LOOP('',(#1090));
#787=EDGE_LOOP('',(#1091));
#788=EDGE_LOOP('',(#1092));
#789=EDGE_LOOP('',(#1093));
#790=EDGE_LOOP('',(#1094));
#791=EDGE_LOOP('',(#1095));
#792=EDGE_LOOP('',(#1096));
#793=EDGE_LOOP('',(#1097));
#794=EDGE_LOOP('',(#1098));
#795=EDGE_LOOP('',(#1099));
#796=EDGE_LOOP('',(#1100));
#797=EDGE_LOOP('',(#1101));
#798=EDGE_LOOP('',(#1102));
#799=EDGE_LOOP('',(#1103));
#800=EDGE_LOOP('',(#1104));
#801=EDGE_LOOP('',(#1105));
#802=ORIENTED_EDGE('',*,*,#1258,.F.);
#803=ORIENTED_EDGE('',*,*,#1259,.F.);
#804=ORIENTED_EDGE('',*,*,#1260,.F.);
#805=ORIENTED_EDGE('',*,*,#1261,.T.);
#806=ORIENTED_EDGE('',*,*,#1262,.F.);
#807=ORIENTED_EDGE('',*,*,#1263,.F.);
#808=ORIENTED_EDGE('',*,*,#1264,.F.);
#809=ORIENTED_EDGE('',*,*,#1265,.T.);
#810=ORIENTED_EDGE('',*,*,#1266,.T.);
#811=ORIENTED_EDGE('',*,*,#1267,.F.);
#812=ORIENTED_EDGE('',*,*,#1268,.F.);
#813=ORIENTED_EDGE('',*,*,#1269,.T.);
#814=ORIENTED_EDGE('',*,*,#1270,.F.);
#815=ORIENTED_EDGE('',*,*,#1271,.F.);
#816=ORIENTED_EDGE('',*,*,#1272,.F.);
#817=ORIENTED_EDGE('',*,*,#1273,.F.);
#818=ORIENTED_EDGE('',*,*,#1274,.T.);
#819=ORIENTED_EDGE('',*,*,#1275,.T.);
#820=ORIENTED_EDGE('',*,*,#1276,.T.);
#821=ORIENTED_EDGE('',*,*,#1277,.T.);
#822=ORIENTED_EDGE('',*,*,#1278,.T.);
#823=ORIENTED_EDGE('',*,*,#1279,.T.);
#824=ORIENTED_EDGE('',*,*,#1280,.T.);
#825=ORIENTED_EDGE('',*,*,#1281,.T.);
#826=ORIENTED_EDGE('',*,*,#1282,.F.);
#827=ORIENTED_EDGE('',*,*,#1283,.F.);
#828=ORIENTED_EDGE('',*,*,#1284,.F.);
#829=ORIENTED_EDGE('',*,*,#1285,.F.);
#830=ORIENTED_EDGE('',*,*,#1286,.F.);
#831=ORIENTED_EDGE('',*,*,#1287,.F.);
#832=ORIENTED_EDGE('',*,*,#1288,.F.);
#833=ORIENTED_EDGE('',*,*,#1289,.F.);
#834=ORIENTED_EDGE('',*,*,#1290,.F.);
#835=ORIENTED_EDGE('',*,*,#1291,.F.);
#836=ORIENTED_EDGE('',*,*,#1292,.F.);
#837=ORIENTED_EDGE('',*,*,#1293,.F.);
#838=ORIENTED_EDGE('',*,*,#1294,.F.);
#839=ORIENTED_EDGE('',*,*,#1295,.F.);
#840=ORIENTED_EDGE('',*,*,#1296,.F.);
#841=ORIENTED_EDGE('',*,*,#1297,.F.);
#842=ORIENTED_EDGE('',*,*,#1298,.F.);
#843=ORIENTED_EDGE('',*,*,#1299,.F.);
#844=ORIENTED_EDGE('',*,*,#1300,.F.);
#845=ORIENTED_EDGE('',*,*,#1301,.F.);
#846=ORIENTED_EDGE('',*,*,#1302,.F.);
#847=ORIENTED_EDGE('',*,*,#1303,.F.);
#848=ORIENTED_EDGE('',*,*,#1304,.F.);
#849=ORIENTED_EDGE('',*,*,#1305,.F.);
#850=ORIENTED_EDGE('',*,*,#1306,.T.);
#851=ORIENTED_EDGE('',*,*,#1307,.T.);
#852=ORIENTED_EDGE('',*,*,#1308,.F.);
#853=ORIENTED_EDGE('',*,*,#1309,.F.);
#854=ORIENTED_EDGE('',*,*,#1310,.F.);
#855=ORIENTED_EDGE('',*,*,#1311,.F.);
#856=ORIENTED_EDGE('',*,*,#1312,.T.);
#857=ORIENTED_EDGE('',*,*,#1313,.T.);
#858=ORIENTED_EDGE('',*,*,#1314,.T.);
#859=ORIENTED_EDGE('',*,*,#1315,.T.);
#860=ORIENTED_EDGE('',*,*,#1316,.T.);
#861=ORIENTED_EDGE('',*,*,#1317,.T.);
#862=ORIENTED_EDGE('',*,*,#1318,.F.);
#863=ORIENTED_EDGE('',*,*,#1319,.T.);
#864=ORIENTED_EDGE('',*,*,#1320,.T.);
#865=ORIENTED_EDGE('',*,*,#1321,.F.);
#866=ORIENTED_EDGE('',*,*,#1322,.F.);
#867=ORIENTED_EDGE('',*,*,#1323,.F.);
#868=ORIENTED_EDGE('',*,*,#1324,.F.);
#869=ORIENTED_EDGE('',*,*,#1325,.F.);
#870=ORIENTED_EDGE('',*,*,#1326,.T.);
#871=ORIENTED_EDGE('',*,*,#1327,.T.);
#872=ORIENTED_EDGE('',*,*,#1328,.T.);
#873=ORIENTED_EDGE('',*,*,#1329,.F.);
#874=ORIENTED_EDGE('',*,*,#1330,.F.);
#875=ORIENTED_EDGE('',*,*,#1331,.T.);
#876=ORIENTED_EDGE('',*,*,#1332,.T.);
#877=ORIENTED_EDGE('',*,*,#1333,.T.);
#878=ORIENTED_EDGE('',*,*,#1334,.T.);
#879=ORIENTED_EDGE('',*,*,#1335,.T.);
#880=ORIENTED_EDGE('',*,*,#1336,.F.);
#881=ORIENTED_EDGE('',*,*,#1337,.F.);
#882=ORIENTED_EDGE('',*,*,#1338,.F.);
#883=ORIENTED_EDGE('',*,*,#1339,.T.);
#884=ORIENTED_EDGE('',*,*,#1340,.F.);
#885=ORIENTED_EDGE('',*,*,#1341,.F.);
#886=ORIENTED_EDGE('',*,*,#1342,.F.);
#887=ORIENTED_EDGE('',*,*,#1343,.T.);
#888=ORIENTED_EDGE('',*,*,#1344,.T.);
#889=ORIENTED_EDGE('',*,*,#1345,.F.);
#890=ORIENTED_EDGE('',*,*,#1346,.F.);
#891=ORIENTED_EDGE('',*,*,#1347,.T.);
#892=ORIENTED_EDGE('',*,*,#1348,.F.);
#893=ORIENTED_EDGE('',*,*,#1349,.F.);
#894=ORIENTED_EDGE('',*,*,#1350,.F.);
#895=ORIENTED_EDGE('',*,*,#1351,.F.);
#896=ORIENTED_EDGE('',*,*,#1352,.T.);
#897=ORIENTED_EDGE('',*,*,#1353,.T.);
#898=ORIENTED_EDGE('',*,*,#1354,.T.);
#899=ORIENTED_EDGE('',*,*,#1355,.T.);
#900=ORIENTED_EDGE('',*,*,#1356,.T.);
#901=ORIENTED_EDGE('',*,*,#1357,.T.);
#902=ORIENTED_EDGE('',*,*,#1358,.T.);
#903=ORIENTED_EDGE('',*,*,#1359,.T.);
#904=ORIENTED_EDGE('',*,*,#1360,.F.);
#905=ORIENTED_EDGE('',*,*,#1361,.F.);
#906=ORIENTED_EDGE('',*,*,#1362,.F.);
#907=ORIENTED_EDGE('',*,*,#1363,.F.);
#908=ORIENTED_EDGE('',*,*,#1364,.F.);
#909=ORIENTED_EDGE('',*,*,#1365,.F.);
#910=ORIENTED_EDGE('',*,*,#1366,.F.);
#911=ORIENTED_EDGE('',*,*,#1367,.F.);
#912=ORIENTED_EDGE('',*,*,#1368,.F.);
#913=ORIENTED_EDGE('',*,*,#1369,.F.);
#914=ORIENTED_EDGE('',*,*,#1370,.F.);
#915=ORIENTED_EDGE('',*,*,#1371,.F.);
#916=ORIENTED_EDGE('',*,*,#1372,.F.);
#917=ORIENTED_EDGE('',*,*,#1373,.F.);
#918=ORIENTED_EDGE('',*,*,#1374,.F.);
#919=ORIENTED_EDGE('',*,*,#1375,.F.);
#920=ORIENTED_EDGE('',*,*,#1376,.F.);
#921=ORIENTED_EDGE('',*,*,#1377,.F.);
#922=ORIENTED_EDGE('',*,*,#1378,.F.);
#923=ORIENTED_EDGE('',*,*,#1379,.F.);
#924=ORIENTED_EDGE('',*,*,#1380,.F.);
#925=ORIENTED_EDGE('',*,*,#1381,.F.);
#926=ORIENTED_EDGE('',*,*,#1382,.F.);
#927=ORIENTED_EDGE('',*,*,#1383,.F.);
#928=ORIENTED_EDGE('',*,*,#1384,.F.);
#929=ORIENTED_EDGE('',*,*,#1385,.T.);
#930=ORIENTED_EDGE('',*,*,#1386,.T.);
#931=ORIENTED_EDGE('',*,*,#1387,.T.);
#932=ORIENTED_EDGE('',*,*,#1388,.T.);
#933=ORIENTED_EDGE('',*,*,#1389,.T.);
#934=ORIENTED_EDGE('',*,*,#1390,.T.);
#935=ORIENTED_EDGE('',*,*,#1391,.T.);
#936=ORIENTED_EDGE('',*,*,#1392,.F.);
#937=ORIENTED_EDGE('',*,*,#1393,.T.);
#938=ORIENTED_EDGE('',*,*,#1394,.T.);
#939=ORIENTED_EDGE('',*,*,#1395,.F.);
#940=ORIENTED_EDGE('',*,*,#1396,.F.);
#941=ORIENTED_EDGE('',*,*,#1397,.F.);
#942=ORIENTED_EDGE('',*,*,#1398,.F.);
#943=ORIENTED_EDGE('',*,*,#1399,.F.);
#944=ORIENTED_EDGE('',*,*,#1400,.T.);
#945=ORIENTED_EDGE('',*,*,#1401,.T.);
#946=ORIENTED_EDGE('',*,*,#1402,.T.);
#947=ORIENTED_EDGE('',*,*,#1403,.F.);
#948=ORIENTED_EDGE('',*,*,#1404,.F.);
#949=ORIENTED_EDGE('',*,*,#1405,.T.);
#950=ORIENTED_EDGE('',*,*,#1306,.F.);
#951=ORIENTED_EDGE('',*,*,#1383,.T.);
#952=ORIENTED_EDGE('',*,*,#1307,.F.);
#953=ORIENTED_EDGE('',*,*,#1384,.T.);
#954=ORIENTED_EDGE('',*,*,#1406,.T.);
#955=ORIENTED_EDGE('',*,*,#1308,.T.);
#956=ORIENTED_EDGE('',*,*,#1407,.T.);
#957=ORIENTED_EDGE('',*,*,#1309,.T.);
#958=ORIENTED_EDGE('',*,*,#1408,.T.);
#959=ORIENTED_EDGE('',*,*,#1310,.T.);
#960=ORIENTED_EDGE('',*,*,#1409,.T.);
#961=ORIENTED_EDGE('',*,*,#1311,.T.);
#962=ORIENTED_EDGE('',*,*,#1305,.T.);
#963=ORIENTED_EDGE('',*,*,#1382,.T.);
#964=ORIENTED_EDGE('',*,*,#1304,.T.);
#965=ORIENTED_EDGE('',*,*,#1385,.F.);
#966=ORIENTED_EDGE('',*,*,#1303,.T.);
#967=ORIENTED_EDGE('',*,*,#1381,.T.);
#968=ORIENTED_EDGE('',*,*,#1302,.T.);
#969=ORIENTED_EDGE('',*,*,#1380,.T.);
#970=ORIENTED_EDGE('',*,*,#1301,.T.);
#971=ORIENTED_EDGE('',*,*,#1379,.T.);
#972=ORIENTED_EDGE('',*,*,#1300,.T.);
#973=ORIENTED_EDGE('',*,*,#1378,.T.);
#974=ORIENTED_EDGE('',*,*,#1299,.T.);
#975=ORIENTED_EDGE('',*,*,#1377,.T.);
#976=ORIENTED_EDGE('',*,*,#1298,.T.);
#977=ORIENTED_EDGE('',*,*,#1376,.T.);
#978=ORIENTED_EDGE('',*,*,#1297,.T.);
#979=ORIENTED_EDGE('',*,*,#1375,.T.);
#980=ORIENTED_EDGE('',*,*,#1296,.T.);
#981=ORIENTED_EDGE('',*,*,#1374,.T.);
#982=ORIENTED_EDGE('',*,*,#1295,.T.);
#983=ORIENTED_EDGE('',*,*,#1373,.T.);
#984=ORIENTED_EDGE('',*,*,#1294,.T.);
#985=ORIENTED_EDGE('',*,*,#1372,.T.);
#986=ORIENTED_EDGE('',*,*,#1293,.T.);
#987=ORIENTED_EDGE('',*,*,#1371,.T.);
#988=ORIENTED_EDGE('',*,*,#1292,.T.);
#989=ORIENTED_EDGE('',*,*,#1370,.T.);
#990=ORIENTED_EDGE('',*,*,#1291,.T.);
#991=ORIENTED_EDGE('',*,*,#1369,.T.);
#992=ORIENTED_EDGE('',*,*,#1290,.T.);
#993=ORIENTED_EDGE('',*,*,#1368,.T.);
#994=ORIENTED_EDGE('',*,*,#1289,.T.);
#995=ORIENTED_EDGE('',*,*,#1367,.T.);
#996=ORIENTED_EDGE('',*,*,#1288,.T.);
#997=ORIENTED_EDGE('',*,*,#1366,.T.);
#998=ORIENTED_EDGE('',*,*,#1287,.T.);
#999=ORIENTED_EDGE('',*,*,#1365,.T.);
#1000=ORIENTED_EDGE('',*,*,#1286,.T.);
#1001=ORIENTED_EDGE('',*,*,#1364,.T.);
#1002=ORIENTED_EDGE('',*,*,#1285,.T.);
#1003=ORIENTED_EDGE('',*,*,#1363,.T.);
#1004=ORIENTED_EDGE('',*,*,#1284,.T.);
#1005=ORIENTED_EDGE('',*,*,#1362,.T.);
#1006=ORIENTED_EDGE('',*,*,#1283,.T.);
#1007=ORIENTED_EDGE('',*,*,#1361,.T.);
#1008=ORIENTED_EDGE('',*,*,#1282,.T.);
#1009=ORIENTED_EDGE('',*,*,#1360,.T.);
#1010=ORIENTED_EDGE('',*,*,#1281,.F.);
#1011=ORIENTED_EDGE('',*,*,#1359,.F.);
#1012=ORIENTED_EDGE('',*,*,#1312,.F.);
#1013=ORIENTED_EDGE('',*,*,#1386,.F.);
#1014=ORIENTED_EDGE('',*,*,#1280,.F.);
#1015=ORIENTED_EDGE('',*,*,#1358,.F.);
#1016=ORIENTED_EDGE('',*,*,#1313,.F.);
#1017=ORIENTED_EDGE('',*,*,#1387,.F.);
#1018=ORIENTED_EDGE('',*,*,#1279,.F.);
#1019=ORIENTED_EDGE('',*,*,#1357,.F.);
#1020=ORIENTED_EDGE('',*,*,#1314,.F.);
#1021=ORIENTED_EDGE('',*,*,#1388,.F.);
#1022=ORIENTED_EDGE('',*,*,#1278,.F.);
#1023=ORIENTED_EDGE('',*,*,#1356,.F.);
#1024=ORIENTED_EDGE('',*,*,#1315,.F.);
#1025=ORIENTED_EDGE('',*,*,#1389,.F.);
#1026=ORIENTED_EDGE('',*,*,#1277,.F.);
#1027=ORIENTED_EDGE('',*,*,#1355,.F.);
#1028=ORIENTED_EDGE('',*,*,#1316,.F.);
#1029=ORIENTED_EDGE('',*,*,#1390,.F.);
#1030=ORIENTED_EDGE('',*,*,#1276,.F.);
#1031=ORIENTED_EDGE('',*,*,#1354,.F.);
#1032=ORIENTED_EDGE('',*,*,#1317,.F.);
#1033=ORIENTED_EDGE('',*,*,#1391,.F.);
#1034=ORIENTED_EDGE('',*,*,#1275,.F.);
#1035=ORIENTED_EDGE('',*,*,#1353,.F.);
#1036=ORIENTED_EDGE('',*,*,#1318,.T.);
#1037=ORIENTED_EDGE('',*,*,#1392,.T.);
#1038=ORIENTED_EDGE('',*,*,#1319,.F.);
#1039=ORIENTED_EDGE('',*,*,#1393,.F.);
#1040=ORIENTED_EDGE('',*,*,#1274,.F.);
#1041=ORIENTED_EDGE('',*,*,#1352,.F.);
#1042=ORIENTED_EDGE('',*,*,#1320,.F.);
#1043=ORIENTED_EDGE('',*,*,#1394,.F.);
#1044=ORIENTED_EDGE('',*,*,#1273,.T.);
#1045=ORIENTED_EDGE('',*,*,#1351,.T.);
#1046=ORIENTED_EDGE('',*,*,#1272,.T.);
#1047=ORIENTED_EDGE('',*,*,#1350,.T.);
#1048=ORIENTED_EDGE('',*,*,#1271,.T.);
#1049=ORIENTED_EDGE('',*,*,#1349,.T.);
#1050=ORIENTED_EDGE('',*,*,#1270,.T.);
#1051=ORIENTED_EDGE('',*,*,#1348,.T.);
#1052=ORIENTED_EDGE('',*,*,#1269,.F.);
#1053=ORIENTED_EDGE('',*,*,#1347,.F.);
#1054=ORIENTED_EDGE('',*,*,#1321,.T.);
#1055=ORIENTED_EDGE('',*,*,#1395,.T.);
#1056=ORIENTED_EDGE('',*,*,#1322,.T.);
#1057=ORIENTED_EDGE('',*,*,#1396,.T.);
#1058=ORIENTED_EDGE('',*,*,#1323,.T.);
#1059=ORIENTED_EDGE('',*,*,#1397,.T.);
#1060=ORIENTED_EDGE('',*,*,#1324,.T.);
#1061=ORIENTED_EDGE('',*,*,#1398,.T.);
#1062=ORIENTED_EDGE('',*,*,#1325,.T.);
#1063=ORIENTED_EDGE('',*,*,#1399,.T.);
#1064=ORIENTED_EDGE('',*,*,#1326,.F.);
#1065=ORIENTED_EDGE('',*,*,#1400,.F.);
#1066=ORIENTED_EDGE('',*,*,#1268,.T.);
#1067=ORIENTED_EDGE('',*,*,#1346,.T.);
#1068=ORIENTED_EDGE('',*,*,#1267,.T.);
#1069=ORIENTED_EDGE('',*,*,#1345,.T.);
#1070=ORIENTED_EDGE('',*,*,#1266,.F.);
#1071=ORIENTED_EDGE('',*,*,#1344,.F.);
#1072=ORIENTED_EDGE('',*,*,#1327,.F.);
#1073=ORIENTED_EDGE('',*,*,#1401,.F.);
#1074=ORIENTED_EDGE('',*,*,#1265,.F.);
#1075=ORIENTED_EDGE('',*,*,#1343,.F.);
#1076=ORIENTED_EDGE('',*,*,#1328,.F.);
#1077=ORIENTED_EDGE('',*,*,#1402,.F.);
#1078=ORIENTED_EDGE('',*,*,#1264,.T.);
#1079=ORIENTED_EDGE('',*,*,#1342,.T.);
#1080=ORIENTED_EDGE('',*,*,#1263,.T.);
#1081=ORIENTED_EDGE('',*,*,#1341,.T.);
#1082=ORIENTED_EDGE('',*,*,#1262,.T.);
#1083=ORIENTED_EDGE('',*,*,#1340,.T.);
#1084=ORIENTED_EDGE('',*,*,#1261,.F.);
#1085=ORIENTED_EDGE('',*,*,#1339,.F.);
#1086=ORIENTED_EDGE('',*,*,#1329,.T.);
#1087=ORIENTED_EDGE('',*,*,#1403,.T.);
#1088=ORIENTED_EDGE('',*,*,#1330,.T.);
#1089=ORIENTED_EDGE('',*,*,#1404,.T.);
#1090=ORIENTED_EDGE('',*,*,#1331,.F.);
#1091=ORIENTED_EDGE('',*,*,#1405,.F.);
#1092=ORIENTED_EDGE('',*,*,#1260,.T.);
#1093=ORIENTED_EDGE('',*,*,#1338,.T.);
#1094=ORIENTED_EDGE('',*,*,#1259,.T.);
#1095=ORIENTED_EDGE('',*,*,#1337,.T.);
#1096=ORIENTED_EDGE('',*,*,#1258,.T.);
#1097=ORIENTED_EDGE('',*,*,#1336,.T.);
#1098=ORIENTED_EDGE('',*,*,#1406,.F.);
#1099=ORIENTED_EDGE('',*,*,#1332,.F.);
#1100=ORIENTED_EDGE('',*,*,#1407,.F.);
#1101=ORIENTED_EDGE('',*,*,#1333,.F.);
#1102=ORIENTED_EDGE('',*,*,#1408,.F.);
#1103=ORIENTED_EDGE('',*,*,#1334,.F.);
#1104=ORIENTED_EDGE('',*,*,#1409,.F.);
#1105=ORIENTED_EDGE('',*,*,#1335,.F.);
#1106=VERTEX_POINT('',#2263);
#1107=VERTEX_POINT('',#2265);
#1108=VERTEX_POINT('',#2267);
#1109=VERTEX_POINT('',#2269);
#1110=VERTEX_POINT('',#2271);
#1111=VERTEX_POINT('',#2273);
#1112=VERTEX_POINT('',#2275);
#1113=VERTEX_POINT('',#2277);
#1114=VERTEX_POINT('',#2279);
#1115=VERTEX_POINT('',#2281);
#1116=VERTEX_POINT('',#2283);
#1117=VERTEX_POINT('',#2285);
#1118=VERTEX_POINT('',#2287);
#1119=VERTEX_POINT('',#2289);
#1120=VERTEX_POINT('',#2291);
#1121=VERTEX_POINT('',#2293);
#1122=VERTEX_POINT('',#2295);
#1123=VERTEX_POINT('',#2297);
#1124=VERTEX_POINT('',#2299);
#1125=VERTEX_POINT('',#2301);
#1126=VERTEX_POINT('',#2303);
#1127=VERTEX_POINT('',#2305);
#1128=VERTEX_POINT('',#2307);
#1129=VERTEX_POINT('',#2309);
#1130=VERTEX_POINT('',#2311);
#1131=VERTEX_POINT('',#2313);
#1132=VERTEX_POINT('',#2315);
#1133=VERTEX_POINT('',#2317);
#1134=VERTEX_POINT('',#2319);
#1135=VERTEX_POINT('',#2321);
#1136=VERTEX_POINT('',#2323);
#1137=VERTEX_POINT('',#2325);
#1138=VERTEX_POINT('',#2327);
#1139=VERTEX_POINT('',#2329);
#1140=VERTEX_POINT('',#2331);
#1141=VERTEX_POINT('',#2333);
#1142=VERTEX_POINT('',#2335);
#1143=VERTEX_POINT('',#2337);
#1144=VERTEX_POINT('',#2339);
#1145=VERTEX_POINT('',#2341);
#1146=VERTEX_POINT('',#2343);
#1147=VERTEX_POINT('',#2345);
#1148=VERTEX_POINT('',#2347);
#1149=VERTEX_POINT('',#2349);
#1150=VERTEX_POINT('',#2351);
#1151=VERTEX_POINT('',#2353);
#1152=VERTEX_POINT('',#2355);
#1153=VERTEX_POINT('',#2357);
#1154=VERTEX_POINT('',#2359);
#1155=VERTEX_POINT('',#2361);
#1156=VERTEX_POINT('',#2363);
#1157=VERTEX_POINT('',#2365);
#1158=VERTEX_POINT('',#2367);
#1159=VERTEX_POINT('',#2369);
#1160=VERTEX_POINT('',#2371);
#1161=VERTEX_POINT('',#2373);
#1162=VERTEX_POINT('',#2375);
#1163=VERTEX_POINT('',#2377);
#1164=VERTEX_POINT('',#2379);
#1165=VERTEX_POINT('',#2381);
#1166=VERTEX_POINT('',#2383);
#1167=VERTEX_POINT('',#2385);
#1168=VERTEX_POINT('',#2387);
#1169=VERTEX_POINT('',#2389);
#1170=VERTEX_POINT('',#2391);
#1171=VERTEX_POINT('',#2393);
#1172=VERTEX_POINT('',#2395);
#1173=VERTEX_POINT('',#2397);
#1174=VERTEX_POINT('',#2399);
#1175=VERTEX_POINT('',#2401);
#1176=VERTEX_POINT('',#2403);
#1177=VERTEX_POINT('',#2405);
#1178=VERTEX_POINT('',#2407);
#1179=VERTEX_POINT('',#2409);
#1180=VERTEX_POINT('',#2412);
#1181=VERTEX_POINT('',#2414);
#1182=VERTEX_POINT('',#2416);
#1183=VERTEX_POINT('',#2418);
#1184=VERTEX_POINT('',#2420);
#1185=VERTEX_POINT('',#2422);
#1186=VERTEX_POINT('',#2424);
#1187=VERTEX_POINT('',#2426);
#1188=VERTEX_POINT('',#2428);
#1189=VERTEX_POINT('',#2430);
#1190=VERTEX_POINT('',#2432);
#1191=VERTEX_POINT('',#2434);
#1192=VERTEX_POINT('',#2436);
#1193=VERTEX_POINT('',#2438);
#1194=VERTEX_POINT('',#2440);
#1195=VERTEX_POINT('',#2442);
#1196=VERTEX_POINT('',#2444);
#1197=VERTEX_POINT('',#2446);
#1198=VERTEX_POINT('',#2448);
#1199=VERTEX_POINT('',#2450);
#1200=VERTEX_POINT('',#2452);
#1201=VERTEX_POINT('',#2454);
#1202=VERTEX_POINT('',#2456);
#1203=VERTEX_POINT('',#2458);
#1204=VERTEX_POINT('',#2460);
#1205=VERTEX_POINT('',#2462);
#1206=VERTEX_POINT('',#2464);
#1207=VERTEX_POINT('',#2466);
#1208=VERTEX_POINT('',#2468);
#1209=VERTEX_POINT('',#2470);
#1210=VERTEX_POINT('',#2472);
#1211=VERTEX_POINT('',#2474);
#1212=VERTEX_POINT('',#2476);
#1213=VERTEX_POINT('',#2478);
#1214=VERTEX_POINT('',#2480);
#1215=VERTEX_POINT('',#2482);
#1216=VERTEX_POINT('',#2484);
#1217=VERTEX_POINT('',#2486);
#1218=VERTEX_POINT('',#2488);
#1219=VERTEX_POINT('',#2490);
#1220=VERTEX_POINT('',#2492);
#1221=VERTEX_POINT('',#2494);
#1222=VERTEX_POINT('',#2496);
#1223=VERTEX_POINT('',#2498);
#1224=VERTEX_POINT('',#2500);
#1225=VERTEX_POINT('',#2502);
#1226=VERTEX_POINT('',#2504);
#1227=VERTEX_POINT('',#2506);
#1228=VERTEX_POINT('',#2508);
#1229=VERTEX_POINT('',#2510);
#1230=VERTEX_POINT('',#2512);
#1231=VERTEX_POINT('',#2514);
#1232=VERTEX_POINT('',#2516);
#1233=VERTEX_POINT('',#2518);
#1234=VERTEX_POINT('',#2520);
#1235=VERTEX_POINT('',#2522);
#1236=VERTEX_POINT('',#2524);
#1237=VERTEX_POINT('',#2526);
#1238=VERTEX_POINT('',#2528);
#1239=VERTEX_POINT('',#2530);
#1240=VERTEX_POINT('',#2532);
#1241=VERTEX_POINT('',#2534);
#1242=VERTEX_POINT('',#2536);
#1243=VERTEX_POINT('',#2538);
#1244=VERTEX_POINT('',#2540);
#1245=VERTEX_POINT('',#2542);
#1246=VERTEX_POINT('',#2544);
#1247=VERTEX_POINT('',#2546);
#1248=VERTEX_POINT('',#2548);
#1249=VERTEX_POINT('',#2550);
#1250=VERTEX_POINT('',#2552);
#1251=VERTEX_POINT('',#2554);
#1252=VERTEX_POINT('',#2556);
#1253=VERTEX_POINT('',#2558);
#1254=VERTEX_POINT('',#2563);
#1255=VERTEX_POINT('',#2566);
#1256=VERTEX_POINT('',#2569);
#1257=VERTEX_POINT('',#2572);
#1258=EDGE_CURVE('',#1106,#1106,#1410,.T.);
#1259=EDGE_CURVE('',#1107,#1107,#1411,.T.);
#1260=EDGE_CURVE('',#1108,#1108,#1412,.T.);
#1261=EDGE_CURVE('',#1109,#1109,#1413,.T.);
#1262=EDGE_CURVE('',#1110,#1110,#1414,.T.);
#1263=EDGE_CURVE('',#1111,#1111,#1415,.T.);
#1264=EDGE_CURVE('',#1112,#1112,#1416,.T.);
#1265=EDGE_CURVE('',#1113,#1113,#1417,.T.);
#1266=EDGE_CURVE('',#1114,#1114,#1418,.T.);
#1267=EDGE_CURVE('',#1115,#1115,#1419,.T.);
#1268=EDGE_CURVE('',#1116,#1116,#1420,.T.);
#1269=EDGE_CURVE('',#1117,#1117,#1421,.T.);
#1270=EDGE_CURVE('',#1118,#1118,#1422,.T.);
#1271=EDGE_CURVE('',#1119,#1119,#1423,.T.);
#1272=EDGE_CURVE('',#1120,#1120,#1424,.T.);
#1273=EDGE_CURVE('',#1121,#1121,#1425,.T.);
#1274=EDGE_CURVE('',#1122,#1122,#1426,.T.);
#1275=EDGE_CURVE('',#1123,#1123,#1427,.T.);
#1276=EDGE_CURVE('',#1124,#1124,#1428,.T.);
#1277=EDGE_CURVE('',#1125,#1125,#1429,.T.);
#1278=EDGE_CURVE('',#1126,#1126,#1430,.T.);
#1279=EDGE_CURVE('',#1127,#1127,#1431,.T.);
#1280=EDGE_CURVE('',#1128,#1128,#1432,.T.);
#1281=EDGE_CURVE('',#1129,#1129,#1433,.T.);
#1282=EDGE_CURVE('',#1130,#1130,#1434,.T.);
#1283=EDGE_CURVE('',#1131,#1131,#1435,.T.);
#1284=EDGE_CURVE('',#1132,#1132,#1436,.T.);
#1285=EDGE_CURVE('',#1133,#1133,#1437,.T.);
#1286=EDGE_CURVE('',#1134,#1134,#1438,.T.);
#1287=EDGE_CURVE('',#1135,#1135,#1439,.T.);
#1288=EDGE_CURVE('',#1136,#1136,#1440,.T.);
#1289=EDGE_CURVE('',#1137,#1137,#1441,.T.);
#1290=EDGE_CURVE('',#1138,#1138,#1442,.T.);
#1291=EDGE_CURVE('',#1139,#1139,#1443,.T.);
#1292=EDGE_CURVE('',#1140,#1140,#1444,.T.);
#1293=EDGE_CURVE('',#1141,#1141,#1445,.T.);
#1294=EDGE_CURVE('',#1142,#1142,#1446,.T.);
#1295=EDGE_CURVE('',#1143,#1143,#1447,.T.);
#1296=EDGE_CURVE('',#1144,#1144,#1448,.T.);
#1297=EDGE_CURVE('',#1145,#1145,#1449,.T.);
#1298=EDGE_CURVE('',#1146,#1146,#1450,.T.);
#1299=EDGE_CURVE('',#1147,#1147,#1451,.T.);
#1300=EDGE_CURVE('',#1148,#1148,#1452,.T.);
#1301=EDGE_CURVE('',#1149,#1149,#1453,.T.);
#1302=EDGE_CURVE('',#1150,#1150,#1454,.T.);
#1303=EDGE_CURVE('',#1151,#1151,#1455,.T.);
#1304=EDGE_CURVE('',#1152,#1152,#1456,.T.);
#1305=EDGE_CURVE('',#1153,#1153,#1457,.T.);
#1306=EDGE_CURVE('',#1154,#1154,#1458,.T.);
#1307=EDGE_CURVE('',#1155,#1155,#1459,.T.);
#1308=EDGE_CURVE('',#1156,#1156,#1460,.T.);
#1309=EDGE_CURVE('',#1157,#1157,#1461,.T.);
#1310=EDGE_CURVE('',#1158,#1158,#1462,.T.);
#1311=EDGE_CURVE('',#1159,#1159,#1463,.T.);
#1312=EDGE_CURVE('',#1160,#1160,#1464,.T.);
#1313=EDGE_CURVE('',#1161,#1161,#1465,.T.);
#1314=EDGE_CURVE('',#1162,#1162,#1466,.T.);
#1315=EDGE_CURVE('',#1163,#1163,#1467,.T.);
#1316=EDGE_CURVE('',#1164,#1164,#1468,.T.);
#1317=EDGE_CURVE('',#1165,#1165,#1469,.T.);
#1318=EDGE_CURVE('',#1166,#1166,#1470,.T.);
#1319=EDGE_CURVE('',#1167,#1167,#1471,.T.);
#1320=EDGE_CURVE('',#1168,#1168,#1472,.T.);
#1321=EDGE_CURVE('',#1169,#1169,#1473,.T.);
#1322=EDGE_CURVE('',#1170,#1170,#1474,.T.);
#1323=EDGE_CURVE('',#1171,#1171,#1475,.T.);
#1324=EDGE_CURVE('',#1172,#1172,#1476,.T.);
#1325=EDGE_CURVE('',#1173,#1173,#1477,.T.);
#1326=EDGE_CURVE('',#1174,#1174,#1478,.T.);
#1327=EDGE_CURVE('',#1175,#1175,#1479,.T.);
#1328=EDGE_CURVE('',#1176,#1176,#1480,.T.);
#1329=EDGE_CURVE('',#1177,#1177,#1481,.T.);
#1330=EDGE_CURVE('',#1178,#1178,#1482,.T.);
#1331=EDGE_CURVE('',#1179,#1179,#1483,.T.);
#1332=EDGE_CURVE('',#1180,#1180,#1484,.T.);
#1333=EDGE_CURVE('',#1181,#1181,#1485,.T.);
#1334=EDGE_CURVE('',#1182,#1182,#1486,.T.);
#1335=EDGE_CURVE('',#1183,#1183,#1487,.T.);
#1336=EDGE_CURVE('',#1184,#1184,#1488,.T.);
#1337=EDGE_CURVE('',#1185,#1185,#1489,.T.);
#1338=EDGE_CURVE('',#1186,#1186,#1490,.T.);
#1339=EDGE_CURVE('',#1187,#1187,#1491,.T.);
#1340=EDGE_CURVE('',#1188,#1188,#1492,.T.);
#1341=EDGE_CURVE('',#1189,#1189,#1493,.T.);
#1342=EDGE_CURVE('',#1190,#1190,#1494,.T.);
#1343=EDGE_CURVE('',#1191,#1191,#1495,.T.);
#1344=EDGE_CURVE('',#1192,#1192,#1496,.T.);
#1345=EDGE_CURVE('',#1193,#1193,#1497,.T.);
#1346=EDGE_CURVE('',#1194,#1194,#1498,.T.);
#1347=EDGE_CURVE('',#1195,#1195,#1499,.T.);
#1348=EDGE_CURVE('',#1196,#1196,#1500,.T.);
#1349=EDGE_CURVE('',#1197,#1197,#1501,.T.);
#1350=EDGE_CURVE('',#1198,#1198,#1502,.T.);
#1351=EDGE_CURVE('',#1199,#1199,#1503,.T.);
#1352=EDGE_CURVE('',#1200,#1200,#1504,.T.);
#1353=EDGE_CURVE('',#1201,#1201,#1505,.T.);
#1354=EDGE_CURVE('',#1202,#1202,#1506,.T.);
#1355=EDGE_CURVE('',#1203,#1203,#1507,.T.);
#1356=EDGE_CURVE('',#1204,#1204,#1508,.T.);
#1357=EDGE_CURVE('',#1205,#1205,#1509,.T.);
#1358=EDGE_CURVE('',#1206,#1206,#1510,.T.);
#1359=EDGE_CURVE('',#1207,#1207,#1511,.T.);
#1360=EDGE_CURVE('',#1208,#1208,#1512,.T.);
#1361=EDGE_CURVE('',#1209,#1209,#1513,.T.);
#1362=EDGE_CURVE('',#1210,#1210,#1514,.T.);
#1363=EDGE_CURVE('',#1211,#1211,#1515,.T.);
#1364=EDGE_CURVE('',#1212,#1212,#1516,.T.);
#1365=EDGE_CURVE('',#1213,#1213,#1517,.T.);
#1366=EDGE_CURVE('',#1214,#1214,#1518,.T.);
#1367=EDGE_CURVE('',#1215,#1215,#1519,.T.);
#1368=EDGE_CURVE('',#1216,#1216,#1520,.T.);
#1369=EDGE_CURVE('',#1217,#1217,#1521,.T.);
#1370=EDGE_CURVE('',#1218,#1218,#1522,.T.);
#1371=EDGE_CURVE('',#1219,#1219,#1523,.T.);
#1372=EDGE_CURVE('',#1220,#1220,#1524,.T.);
#1373=EDGE_CURVE('',#1221,#1221,#1525,.T.);
#1374=EDGE_CURVE('',#1222,#1222,#1526,.T.);
#1375=EDGE_CURVE('',#1223,#1223,#1527,.T.);
#1376=EDGE_CURVE('',#1224,#1224,#1528,.T.);
#1377=EDGE_CURVE('',#1225,#1225,#1529,.T.);
#1378=EDGE_CURVE('',#1226,#1226,#1530,.T.);
#1379=EDGE_CURVE('',#1227,#1227,#1531,.T.);
#1380=EDGE_CURVE('',#1228,#1228,#1532,.T.);
#1381=EDGE_CURVE('',#1229,#1229,#1533,.T.);
#1382=EDGE_CURVE('',#1230,#1230,#1534,.T.);
#1383=EDGE_CURVE('',#1231,#1231,#1535,.T.);
#1384=EDGE_CURVE('',#1232,#1232,#1536,.T.);
#1385=EDGE_CURVE('',#1233,#1233,#1537,.T.);
#1386=EDGE_CURVE('',#1234,#1234,#1538,.T.);
#1387=EDGE_CURVE('',#1235,#1235,#1539,.T.);
#1388=EDGE_CURVE('',#1236,#1236,#1540,.T.);
#1389=EDGE_CURVE('',#1237,#1237,#1541,.T.);
#1390=EDGE_CURVE('',#1238,#1238,#1542,.T.);
#1391=EDGE_CURVE('',#1239,#1239,#1543,.T.);
#1392=EDGE_CURVE('',#1240,#1240,#1544,.T.);
#1393=EDGE_CURVE('',#1241,#1241,#1545,.T.);
#1394=EDGE_CURVE('',#1242,#1242,#1546,.T.);
#1395=EDGE_CURVE('',#1243,#1243,#1547,.T.);
#1396=EDGE_CURVE('',#1244,#1244,#1548,.T.);
#1397=EDGE_CURVE('',#1245,#1245,#1549,.T.);
#1398=EDGE_CURVE('',#1246,#1246,#1550,.T.);
#1399=EDGE_CURVE('',#1247,#1247,#1551,.T.);
#1400=EDGE_CURVE('',#1248,#1248,#1552,.T.);
#1401=EDGE_CURVE('',#1249,#1249,#1553,.T.);
#1402=EDGE_CURVE('',#1250,#1250,#1554,.T.);
#1403=EDGE_CURVE('',#1251,#1251,#1555,.T.);
#1404=EDGE_CURVE('',#1252,#1252,#1556,.T.);
#1405=EDGE_CURVE('',#1253,#1253,#1557,.T.);
#1406=EDGE_CURVE('',#1254,#1254,#1558,.T.);
#1407=EDGE_CURVE('',#1255,#1255,#1559,.T.);
#1408=EDGE_CURVE('',#1256,#1256,#1560,.T.);
#1409=EDGE_CURVE('',#1257,#1257,#1561,.T.);
#1410=CIRCLE('',#1563,1.65);
#1411=CIRCLE('',#1564,1.65);
#1412=CIRCLE('',#1565,1.65);
#1413=CIRCLE('',#1566,1.65);
#1414=CIRCLE('',#1567,1.65);
#1415=CIRCLE('',#1568,1.65);
#1416=CIRCLE('',#1569,1.65);
#1417=CIRCLE('',#1570,1.65);
#1418=CIRCLE('',#1571,1.65);
#1419=CIRCLE('',#1572,1.65);
#1420=CIRCLE('',#1573,1.65);
#1421=CIRCLE('',#1574,1.65);
#1422=CIRCLE('',#1575,1.65);
#1423=CIRCLE('',#1576,1.65);
#1424=CIRCLE('',#1577,1.65);
#1425=CIRCLE('',#1578,1.65);
#1426=CIRCLE('',#1579,1.65);
#1427=CIRCLE('',#1580,1.65);
#1428=CIRCLE('',#1581,1.65);
#1429=CIRCLE('',#1582,1.65);
#1430=CIRCLE('',#1583,1.65);
#1431=CIRCLE('',#1584,1.65);
#1432=CIRCLE('',#1585,1.65);
#1433=CIRCLE('',#1586,1.65);
#1434=CIRCLE('',#1587,1.65);
#1435=CIRCLE('',#1588,1.65);
#1436=CIRCLE('',#1589,1.65);
#1437=CIRCLE('',#1590,1.65);
#1438=CIRCLE('',#1591,1.65);
#1439=CIRCLE('',#1592,1.65);
#1440=CIRCLE('',#1593,1.65);
#1441=CIRCLE('',#1594,1.65);
#1442=CIRCLE('',#1595,1.65);
#1443=CIRCLE('',#1596,1.65);
#1444=CIRCLE('',#1597,1.65);
#1445=CIRCLE('',#1598,1.65);
#1446=CIRCLE('',#1599,1.65);
#1447=CIRCLE('',#1600,1.65);
#1448=CIRCLE('',#1601,1.65);
#1449=CIRCLE('',#1602,1.65);
#1450=CIRCLE('',#1603,1.65);
#1451=CIRCLE('',#1604,1.65);
#1452=CIRCLE('',#1605,1.65);
#1453=CIRCLE('',#1606,1.65);
#1454=CIRCLE('',#1607,1.65);
#1455=CIRCLE('',#1608,1.65);
#1456=CIRCLE('',#1609,1.65);
#1457=CIRCLE('',#1610,1.65);
#1458=CIRCLE('',#1611,61.45);
#1459=CIRCLE('',#1612,30.4);
#1460=CIRCLE('',#1613,2.25);
#1461=CIRCLE('',#1614,2.25);
#1462=CIRCLE('',#1615,2.25);
#1463=CIRCLE('',#1616,2.25);
#1464=CIRCLE('',#1617,1.65);
#1465=CIRCLE('',#1618,1.65);
#1466=CIRCLE('',#1619,1.65);
#1467=CIRCLE('',#1620,1.65);
#1468=CIRCLE('',#1621,1.65);
#1469=CIRCLE('',#1622,1.65);
#1470=CIRCLE('',#1623,1.65);
#1471=CIRCLE('',#1624,1.65);
#1472=CIRCLE('',#1625,1.65);
#1473=CIRCLE('',#1626,1.65);
#1474=CIRCLE('',#1627,1.65);
#1475=CIRCLE('',#1628,1.65);
#1476=CIRCLE('',#1629,1.65);
#1477=CIRCLE('',#1630,1.65);
#1478=CIRCLE('',#1631,1.65);
#1479=CIRCLE('',#1632,1.65);
#1480=CIRCLE('',#1633,1.65);
#1481=CIRCLE('',#1634,1.65);
#1482=CIRCLE('',#1635,1.65);
#1483=CIRCLE('',#1636,1.65);
#1484=CIRCLE('',#1638,4.25);
#1485=CIRCLE('',#1639,4.25);
#1486=CIRCLE('',#1640,4.25);
#1487=CIRCLE('',#1641,4.25);
#1488=CIRCLE('',#1642,1.65);
#1489=CIRCLE('',#1643,1.65);
#1490=CIRCLE('',#1644,1.65);
#1491=CIRCLE('',#1645,1.65);
#1492=CIRCLE('',#1646,1.65);
#1493=CIRCLE('',#1647,1.65);
#1494=CIRCLE('',#1648,1.65);
#1495=CIRCLE('',#1649,1.65);
#1496=CIRCLE('',#1650,1.65);
#1497=CIRCLE('',#1651,1.65);
#1498=CIRCLE('',#1652,1.65);
#1499=CIRCLE('',#1653,1.65);
#1500=CIRCLE('',#1654,1.65);
#1501=CIRCLE('',#1655,1.65);
#1502=CIRCLE('',#1656,1.65);
#1503=CIRCLE('',#1657,1.65);
#1504=CIRCLE('',#1658,1.65);
#1505=CIRCLE('',#1659,1.65);
#1506=CIRCLE('',#1660,1.65);
#1507=CIRCLE('',#1661,1.65);
#1508=CIRCLE('',#1662,1.65);
#1509=CIRCLE('',#1663,1.65);
#1510=CIRCLE('',#1664,1.65);
#1511=CIRCLE('',#1665,1.65);
#1512=CIRCLE('',#1666,1.65);
#1513=CIRCLE('',#1667,1.65);
#1514=CIRCLE('',#1668,1.65);
#1515=CIRCLE('',#1669,1.65);
#1516=CIRCLE('',#1670,1.65);
#1517=CIRCLE('',#1671,1.65);
#1518=CIRCLE('',#1672,1.65);
#1519=CIRCLE('',#1673,1.65);
#1520=CIRCLE('',#1674,1.65);
#1521=CIRCLE('',#1675,1.65);
#1522=CIRCLE('',#1676,1.65);
#1523=CIRCLE('',#1677,1.65);
#1524=CIRCLE('',#1678,1.65);
#1525=CIRCLE('',#1679,1.65);
#1526=CIRCLE('',#1680,1.65);
#1527=CIRCLE('',#1681,1.65);
#1528=CIRCLE('',#1682,1.65);
#1529=CIRCLE('',#1683,1.65);
#1530=CIRCLE('',#1684,1.65);
#1531=CIRCLE('',#1685,1.65);
#1532=CIRCLE('',#1686,1.65);
#1533=CIRCLE('',#1687,1.65);
#1534=CIRCLE('',#1688,1.65);
#1535=CIRCLE('',#1689,61.45);
#1536=CIRCLE('',#1690,30.4);
#1537=CIRCLE('',#1691,1.65);
#1538=CIRCLE('',#1692,1.65);
#1539=CIRCLE('',#1693,1.65);
#1540=CIRCLE('',#1694,1.65);
#1541=CIRCLE('',#1695,1.65);
#1542=CIRCLE('',#1696,1.65);
#1543=CIRCLE('',#1697,1.65);
#1544=CIRCLE('',#1698,1.65);
#1545=CIRCLE('',#1699,1.65);
#1546=CIRCLE('',#1700,1.65);
#1547=CIRCLE('',#1701,1.65);
#1548=CIRCLE('',#1702,1.65);
#1549=CIRCLE('',#1703,1.65);
#1550=CIRCLE('',#1704,1.65);
#1551=CIRCLE('',#1705,1.65);
#1552=CIRCLE('',#1706,1.65);
#1553=CIRCLE('',#1707,1.65);
#1554=CIRCLE('',#1708,1.65);
#1555=CIRCLE('',#1709,1.65);
#1556=CIRCLE('',#1710,1.65);
#1557=CIRCLE('',#1711,1.65);
#1558=CIRCLE('',#1715,2.25);
#1559=CIRCLE('',#1717,2.25);
#1560=CIRCLE('',#1719,2.25);
#1561=CIRCLE('',#1721,2.25);
#1562=AXIS2_PLACEMENT_3D('',#2261,#1795,#1796);
#1563=AXIS2_PLACEMENT_3D('',#2262,#1797,#1798);
#1564=AXIS2_PLACEMENT_3D('',#2264,#1799,#1800);
#1565=AXIS2_PLACEMENT_3D('',#2266,#1801,#1802);
#1566=AXIS2_PLACEMENT_3D('',#2268,#1803,#1804);
#1567=AXIS2_PLACEMENT_3D('',#2270,#1805,#1806);
#1568=AXIS2_PLACEMENT_3D('',#2272,#1807,#1808);
#1569=AXIS2_PLACEMENT_3D('',#2274,#1809,#1810);
#1570=AXIS2_PLACEMENT_3D('',#2276,#1811,#1812);
#1571=AXIS2_PLACEMENT_3D('',#2278,#1813,#1814);
#1572=AXIS2_PLACEMENT_3D('',#2280,#1815,#1816);
#1573=AXIS2_PLACEMENT_3D('',#2282,#1817,#1818);
#1574=AXIS2_PLACEMENT_3D('',#2284,#1819,#1820);
#1575=AXIS2_PLACEMENT_3D('',#2286,#1821,#1822);
#1576=AXIS2_PLACEMENT_3D('',#2288,#1823,#1824);
#1577=AXIS2_PLACEMENT_3D('',#2290,#1825,#1826);
#1578=AXIS2_PLACEMENT_3D('',#2292,#1827,#1828);
#1579=AXIS2_PLACEMENT_3D('',#2294,#1829,#1830);
#1580=AXIS2_PLACEMENT_3D('',#2296,#1831,#1832);
#1581=AXIS2_PLACEMENT_3D('',#2298,#1833,#1834);
#1582=AXIS2_PLACEMENT_3D('',#2300,#1835,#1836);
#1583=AXIS2_PLACEMENT_3D('',#2302,#1837,#1838);
#1584=AXIS2_PLACEMENT_3D('',#2304,#1839,#1840);
#1585=AXIS2_PLACEMENT_3D('',#2306,#1841,#1842);
#1586=AXIS2_PLACEMENT_3D('',#2308,#1843,#1844);
#1587=AXIS2_PLACEMENT_3D('',#2310,#1845,#1846);
#1588=AXIS2_PLACEMENT_3D('',#2312,#1847,#1848);
#1589=AXIS2_PLACEMENT_3D('',#2314,#1849,#1850);
#1590=AXIS2_PLACEMENT_3D('',#2316,#1851,#1852);
#1591=AXIS2_PLACEMENT_3D('',#2318,#1853,#1854);
#1592=AXIS2_PLACEMENT_3D('',#2320,#1855,#1856);
#1593=AXIS2_PLACEMENT_3D('',#2322,#1857,#1858);
#1594=AXIS2_PLACEMENT_3D('',#2324,#1859,#1860);
#1595=AXIS2_PLACEMENT_3D('',#2326,#1861,#1862);
#1596=AXIS2_PLACEMENT_3D('',#2328,#1863,#1864);
#1597=AXIS2_PLACEMENT_3D('',#2330,#1865,#1866);
#1598=AXIS2_PLACEMENT_3D('',#2332,#1867,#1868);
#1599=AXIS2_PLACEMENT_3D('',#2334,#1869,#1870);
#1600=AXIS2_PLACEMENT_3D('',#2336,#1871,#1872);
#1601=AXIS2_PLACEMENT_3D('',#2338,#1873,#1874);
#1602=AXIS2_PLACEMENT_3D('',#2340,#1875,#1876);
#1603=AXIS2_PLACEMENT_3D('',#2342,#1877,#1878);
#1604=AXIS2_PLACEMENT_3D('',#2344,#1879,#1880);
#1605=AXIS2_PLACEMENT_3D('',#2346,#1881,#1882);
#1606=AXIS2_PLACEMENT_3D('',#2348,#1883,#1884);
#1607=AXIS2_PLACEMENT_3D('',#2350,#1885,#1886);
#1608=AXIS2_PLACEMENT_3D('',#2352,#1887,#1888);
#1609=AXIS2_PLACEMENT_3D('',#2354,#1889,#1890);
#1610=AXIS2_PLACEMENT_3D('',#2356,#1891,#1892);
#1611=AXIS2_PLACEMENT_3D('',#2358,#1893,#1894);
#1612=AXIS2_PLACEMENT_3D('',#2360,#1895,#1896);
#1613=AXIS2_PLACEMENT_3D('',#2362,#1897,#1898);
#1614=AXIS2_PLACEMENT_3D('',#2364,#1899,#1900);
#1615=AXIS2_PLACEMENT_3D('',#2366,#1901,#1902);
#1616=AXIS2_PLACEMENT_3D('',#2368,#1903,#1904);
#1617=AXIS2_PLACEMENT_3D('',#2370,#1905,#1906);
#1618=AXIS2_PLACEMENT_3D('',#2372,#1907,#1908);
#1619=AXIS2_PLACEMENT_3D('',#2374,#1909,#1910);
#1620=AXIS2_PLACEMENT_3D('',#2376,#1911,#1912);
#1621=AXIS2_PLACEMENT_3D('',#2378,#1913,#1914);
#1622=AXIS2_PLACEMENT_3D('',#2380,#1915,#1916);
#1623=AXIS2_PLACEMENT_3D('',#2382,#1917,#1918);
#1624=AXIS2_PLACEMENT_3D('',#2384,#1919,#1920);
#1625=AXIS2_PLACEMENT_3D('',#2386,#1921,#1922);
#1626=AXIS2_PLACEMENT_3D('',#2388,#1923,#1924);
#1627=AXIS2_PLACEMENT_3D('',#2390,#1925,#1926);
#1628=AXIS2_PLACEMENT_3D('',#2392,#1927,#1928);
#1629=AXIS2_PLACEMENT_3D('',#2394,#1929,#1930);
#1630=AXIS2_PLACEMENT_3D('',#2396,#1931,#1932);
#1631=AXIS2_PLACEMENT_3D('',#2398,#1933,#1934);
#1632=AXIS2_PLACEMENT_3D('',#2400,#1935,#1936);
#1633=AXIS2_PLACEMENT_3D('',#2402,#1937,#1938);
#1634=AXIS2_PLACEMENT_3D('',#2404,#1939,#1940);
#1635=AXIS2_PLACEMENT_3D('',#2406,#1941,#1942);
#1636=AXIS2_PLACEMENT_3D('',#2408,#1943,#1944);
#1637=AXIS2_PLACEMENT_3D('',#2410,#1945,#1946);
#1638=AXIS2_PLACEMENT_3D('',#2411,#1947,#1948);
#1639=AXIS2_PLACEMENT_3D('',#2413,#1949,#1950);
#1640=AXIS2_PLACEMENT_3D('',#2415,#1951,#1952);
#1641=AXIS2_PLACEMENT_3D('',#2417,#1953,#1954);
#1642=AXIS2_PLACEMENT_3D('',#2419,#1955,#1956);
#1643=AXIS2_PLACEMENT_3D('',#2421,#1957,#1958);
#1644=AXIS2_PLACEMENT_3D('',#2423,#1959,#1960);
#1645=AXIS2_PLACEMENT_3D('',#2425,#1961,#1962);
#1646=AXIS2_PLACEMENT_3D('',#2427,#1963,#1964);
#1647=AXIS2_PLACEMENT_3D('',#2429,#1965,#1966);
#1648=AXIS2_PLACEMENT_3D('',#2431,#1967,#1968);
#1649=AXIS2_PLACEMENT_3D('',#2433,#1969,#1970);
#1650=AXIS2_PLACEMENT_3D('',#2435,#1971,#1972);
#1651=AXIS2_PLACEMENT_3D('',#2437,#1973,#1974);
#1652=AXIS2_PLACEMENT_3D('',#2439,#1975,#1976);
#1653=AXIS2_PLACEMENT_3D('',#2441,#1977,#1978);
#1654=AXIS2_PLACEMENT_3D('',#2443,#1979,#1980);
#1655=AXIS2_PLACEMENT_3D('',#2445,#1981,#1982);
#1656=AXIS2_PLACEMENT_3D('',#2447,#1983,#1984);
#1657=AXIS2_PLACEMENT_3D('',#2449,#1985,#1986);
#1658=AXIS2_PLACEMENT_3D('',#2451,#1987,#1988);
#1659=AXIS2_PLACEMENT_3D('',#2453,#1989,#1990);
#1660=AXIS2_PLACEMENT_3D('',#2455,#1991,#1992);
#1661=AXIS2_PLACEMENT_3D('',#2457,#1993,#1994);
#1662=AXIS2_PLACEMENT_3D('',#2459,#1995,#1996);
#1663=AXIS2_PLACEMENT_3D('',#2461,#1997,#1998);
#1664=AXIS2_PLACEMENT_3D('',#2463,#1999,#2000);
#1665=AXIS2_PLACEMENT_3D('',#2465,#2001,#2002);
#1666=AXIS2_PLACEMENT_3D('',#2467,#2003,#2004);
#1667=AXIS2_PLACEMENT_3D('',#2469,#2005,#2006);
#1668=AXIS2_PLACEMENT_3D('',#2471,#2007,#2008);
#1669=AXIS2_PLACEMENT_3D('',#2473,#2009,#2010);
#1670=AXIS2_PLACEMENT_3D('',#2475,#2011,#2012);
#1671=AXIS2_PLACEMENT_3D('',#2477,#2013,#2014);
#1672=AXIS2_PLACEMENT_3D('',#2479,#2015,#2016);
#1673=AXIS2_PLACEMENT_3D('',#2481,#2017,#2018);
#1674=AXIS2_PLACEMENT_3D('',#2483,#2019,#2020);
#1675=AXIS2_PLACEMENT_3D('',#2485,#2021,#2022);
#1676=AXIS2_PLACEMENT_3D('',#2487,#2023,#2024);
#1677=AXIS2_PLACEMENT_3D('',#2489,#2025,#2026);
#1678=AXIS2_PLACEMENT_3D('',#2491,#2027,#2028);
#1679=AXIS2_PLACEMENT_3D('',#2493,#2029,#2030);
#1680=AXIS2_PLACEMENT_3D('',#2495,#2031,#2032);
#1681=AXIS2_PLACEMENT_3D('',#2497,#2033,#2034);
#1682=AXIS2_PLACEMENT_3D('',#2499,#2035,#2036);
#1683=AXIS2_PLACEMENT_3D('',#2501,#2037,#2038);
#1684=AXIS2_PLACEMENT_3D('',#2503,#2039,#2040);
#1685=AXIS2_PLACEMENT_3D('',#2505,#2041,#2042);
#1686=AXIS2_PLACEMENT_3D('',#2507,#2043,#2044);
#1687=AXIS2_PLACEMENT_3D('',#2509,#2045,#2046);
#1688=AXIS2_PLACEMENT_3D('',#2511,#2047,#2048);
#1689=AXIS2_PLACEMENT_3D('',#2513,#2049,#2050);
#1690=AXIS2_PLACEMENT_3D('',#2515,#2051,#2052);
#1691=AXIS2_PLACEMENT_3D('',#2517,#2053,#2054);
#1692=AXIS2_PLACEMENT_3D('',#2519,#2055,#2056);
#1693=AXIS2_PLACEMENT_3D('',#2521,#2057,#2058);
#1694=AXIS2_PLACEMENT_3D('',#2523,#2059,#2060);
#1695=AXIS2_PLACEMENT_3D('',#2525,#2061,#2062);
#1696=AXIS2_PLACEMENT_3D('',#2527,#2063,#2064);
#1697=AXIS2_PLACEMENT_3D('',#2529,#2065,#2066);
#1698=AXIS2_PLACEMENT_3D('',#2531,#2067,#2068);
#1699=AXIS2_PLACEMENT_3D('',#2533,#2069,#2070);
#1700=AXIS2_PLACEMENT_3D('',#2535,#2071,#2072);
#1701=AXIS2_PLACEMENT_3D('',#2537,#2073,#2074);
#1702=AXIS2_PLACEMENT_3D('',#2539,#2075,#2076);
#1703=AXIS2_PLACEMENT_3D('',#2541,#2077,#2078);
#1704=AXIS2_PLACEMENT_3D('',#2543,#2079,#2080);
#1705=AXIS2_PLACEMENT_3D('',#2545,#2081,#2082);
#1706=AXIS2_PLACEMENT_3D('',#2547,#2083,#2084);
#1707=AXIS2_PLACEMENT_3D('',#2549,#2085,#2086);
#1708=AXIS2_PLACEMENT_3D('',#2551,#2087,#2088);
#1709=AXIS2_PLACEMENT_3D('',#2553,#2089,#2090);
#1710=AXIS2_PLACEMENT_3D('',#2555,#2091,#2092);
#1711=AXIS2_PLACEMENT_3D('',#2557,#2093,#2094);
#1712=AXIS2_PLACEMENT_3D('',#2559,#2095,#2096);
#1713=AXIS2_PLACEMENT_3D('',#2560,#2097,#2098);
#1714=AXIS2_PLACEMENT_3D('',#2561,#2099,#2100);
#1715=AXIS2_PLACEMENT_3D('',#2562,#2101,#2102);
#1716=AXIS2_PLACEMENT_3D('',#2564,#2103,#2104);
#1717=AXIS2_PLACEMENT_3D('',#2565,#2105,#2106);
#1718=AXIS2_PLACEMENT_3D('',#2567,#2107,#2108);
#1719=AXIS2_PLACEMENT_3D('',#2568,#2109,#2110);
#1720=AXIS2_PLACEMENT_3D('',#2570,#2111,#2112);
#1721=AXIS2_PLACEMENT_3D('',#2571,#2113,#2114);
#1722=AXIS2_PLACEMENT_3D('',#2573,#2115,#2116);
#1723=AXIS2_PLACEMENT_3D('',#2574,#2117,#2118);
#1724=AXIS2_PLACEMENT_3D('',#2575,#2119,#2120);
#1725=AXIS2_PLACEMENT_3D('',#2576,#2121,#2122);
#1726=AXIS2_PLACEMENT_3D('',#2577,#2123,#2124);
#1727=AXIS2_PLACEMENT_3D('',#2578,#2125,#2126);
#1728=AXIS2_PLACEMENT_3D('',#2579,#2127,#2128);
#1729=AXIS2_PLACEMENT_3D('',#2580,#2129,#2130);
#1730=AXIS2_PLACEMENT_3D('',#2581,#2131,#2132);
#1731=AXIS2_PLACEMENT_3D('',#2582,#2133,#2134);
#1732=AXIS2_PLACEMENT_3D('',#2583,#2135,#2136);
#1733=AXIS2_PLACEMENT_3D('',#2584,#2137,#2138);
#1734=AXIS2_PLACEMENT_3D('',#2585,#2139,#2140);
#1735=AXIS2_PLACEMENT_3D('',#2586,#2141,#2142);
#1736=AXIS2_PLACEMENT_3D('',#2587,#2143,#2144);
#1737=AXIS2_PLACEMENT_3D('',#2588,#2145,#2146);
#1738=AXIS2_PLACEMENT_3D('',#2589,#2147,#2148);
#1739=AXIS2_PLACEMENT_3D('',#2590,#2149,#2150);
#1740=AXIS2_PLACEMENT_3D('',#2591,#2151,#2152);
#1741=AXIS2_PLACEMENT_3D('',#2592,#2153,#2154);
#1742=AXIS2_PLACEMENT_3D('',#2593,#2155,#2156);
#1743=AXIS2_PLACEMENT_3D('',#2594,#2157,#2158);
#1744=AXIS2_PLACEMENT_3D('',#2595,#2159,#2160);
#1745=AXIS2_PLACEMENT_3D('',#2596,#2161,#2162);
#1746=AXIS2_PLACEMENT_3D('',#2597,#2163,#2164);
#1747=AXIS2_PLACEMENT_3D('',#2598,#2165,#2166);
#1748=AXIS2_PLACEMENT_3D('',#2599,#2167,#2168);
#1749=AXIS2_PLACEMENT_3D('',#2600,#2169,#2170);
#1750=AXIS2_PLACEMENT_3D('',#2601,#2171,#2172);
#1751=AXIS2_PLACEMENT_3D('',#2602,#2173,#2174);
#1752=AXIS2_PLACEMENT_3D('',#2603,#2175,#2176);
#1753=AXIS2_PLACEMENT_3D('',#2604,#2177,#2178);
#1754=AXIS2_PLACEMENT_3D('',#2605,#2179,#2180);
#1755=AXIS2_PLACEMENT_3D('',#2606,#2181,#2182);
#1756=AXIS2_PLACEMENT_3D('',#2607,#2183,#2184);
#1757=AXIS2_PLACEMENT_3D('',#2608,#2185,#2186);
#1758=AXIS2_PLACEMENT_3D('',#2609,#2187,#2188);
#1759=AXIS2_PLACEMENT_3D('',#2610,#2189,#2190);
#1760=AXIS2_PLACEMENT_3D('',#2611,#2191,#2192);
#1761=AXIS2_PLACEMENT_3D('',#2612,#2193,#2194);
#1762=AXIS2_PLACEMENT_3D('',#2613,#2195,#2196);
#1763=AXIS2_PLACEMENT_3D('',#2614,#2197,#2198);
#1764=AXIS2_PLACEMENT_3D('',#2615,#2199,#2200);
#1765=AXIS2_PLACEMENT_3D('',#2616,#2201,#2202);
#1766=AXIS2_PLACEMENT_3D('',#2617,#2203,#2204);
#1767=AXIS2_PLACEMENT_3D('',#2618,#2205,#2206);
#1768=AXIS2_PLACEMENT_3D('',#2619,#2207,#2208);
#1769=AXIS2_PLACEMENT_3D('',#2620,#2209,#2210);
#1770=AXIS2_PLACEMENT_3D('',#2621,#2211,#2212);
#1771=AXIS2_PLACEMENT_3D('',#2622,#2213,#2214);
#1772=AXIS2_PLACEMENT_3D('',#2623,#2215,#2216);
#1773=AXIS2_PLACEMENT_3D('',#2624,#2217,#2218);
#1774=AXIS2_PLACEMENT_3D('',#2625,#2219,#2220);
#1775=AXIS2_PLACEMENT_3D('',#2626,#2221,#2222);
#1776=AXIS2_PLACEMENT_3D('',#2627,#2223,#2224);
#1777=AXIS2_PLACEMENT_3D('',#2628,#2225,#2226);
#1778=AXIS2_PLACEMENT_3D('',#2629,#2227,#2228);
#1779=AXIS2_PLACEMENT_3D('',#2630,#2229,#2230);
#1780=AXIS2_PLACEMENT_3D('',#2631,#2231,#2232);
#1781=AXIS2_PLACEMENT_3D('',#2632,#2233,#2234);
#1782=AXIS2_PLACEMENT_3D('',#2633,#2235,#2236);
#1783=AXIS2_PLACEMENT_3D('',#2634,#2237,#2238);
#1784=AXIS2_PLACEMENT_3D('',#2635,#2239,#2240);
#1785=AXIS2_PLACEMENT_3D('',#2636,#2241,#2242);
#1786=AXIS2_PLACEMENT_3D('',#2637,#2243,#2244);
#1787=AXIS2_PLACEMENT_3D('',#2638,#2245,#2246);
#1788=AXIS2_PLACEMENT_3D('',#2639,#2247,#2248);
#1789=AXIS2_PLACEMENT_3D('',#2640,#2249,#2250);
#1790=AXIS2_PLACEMENT_3D('',#2641,#2251,#2252);
#1791=AXIS2_PLACEMENT_3D('',#2642,#2253,#2254);
#1792=AXIS2_PLACEMENT_3D('',#2643,#2255,#2256);
#1793=AXIS2_PLACEMENT_3D('',#2644,#2257,#2258);
#1794=AXIS2_PLACEMENT_3D('',#2645,#2259,#2260);
#1795=DIRECTION('',(0.,0.,1.));
#1796=DIRECTION('',(1.,0.,0.));
#1797=DIRECTION('',(0.,0.,-1.));
#1798=DIRECTION('',(-1.00000000000001,0.,0.));
#1799=DIRECTION('',(0.,0.,-1.));
#1800=DIRECTION('',(-1.00000000000001,0.,0.));
#1801=DIRECTION('',(0.,0.,-1.));
#1802=DIRECTION('',(-1.00000000000001,0.,0.));
#1803=DIRECTION('',(0.,0.,1.));
#1804=DIRECTION('',(-1.00000000000001,0.,0.));
#1805=DIRECTION('',(0.,0.,-1.));
#1806=DIRECTION('',(-1.00000000000001,0.,0.));
#1807=DIRECTION('',(0.,0.,-1.));
#1808=DIRECTION('',(-1.00000000000001,0.,0.));
#1809=DIRECTION('',(0.,0.,-1.));
#1810=DIRECTION('',(-1.00000000000001,0.,0.));
#1811=DIRECTION('',(0.,0.,1.));
#1812=DIRECTION('',(-0.999999999999991,0.,0.));
#1813=DIRECTION('',(0.,0.,1.));
#1814=DIRECTION('',(-1.00000000000001,0.,0.));
#1815=DIRECTION('',(0.,0.,-1.));
#1816=DIRECTION('',(-1.00000000000001,0.,0.));
#1817=DIRECTION('',(0.,0.,-1.));
#1818=DIRECTION('',(-1.00000000000001,0.,0.));
#1819=DIRECTION('',(0.,0.,1.));
#1820=DIRECTION('',(-1.00000000000001,0.,0.));
#1821=DIRECTION('',(0.,0.,-1.));
#1822=DIRECTION('',(-1.00000000000001,0.,0.));
#1823=DIRECTION('',(0.,0.,-1.));
#1824=DIRECTION('',(-1.00000000000001,0.,0.));
#1825=DIRECTION('',(0.,0.,-1.));
#1826=DIRECTION('',(-1.00000000000001,0.,0.));
#1827=DIRECTION('',(0.,0.,-1.));
#1828=DIRECTION('',(-1.00000000000001,0.,0.));
#1829=DIRECTION('',(0.,0.,1.));
#1830=DIRECTION('',(-1.00000000000001,0.,0.));
#1831=DIRECTION('',(0.,0.,1.));
#1832=DIRECTION('',(-1.00000000000001,0.,0.));
#1833=DIRECTION('',(0.,0.,1.));
#1834=DIRECTION('',(-1.00000000000001,0.,0.));
#1835=DIRECTION('',(0.,0.,1.));
#1836=DIRECTION('',(-0.999999999999991,0.,0.));
#1837=DIRECTION('',(0.,0.,1.));
#1838=DIRECTION('',(-1.00000000000001,0.,0.));
#1839=DIRECTION('',(0.,0.,1.));
#1840=DIRECTION('',(-1.00000000000001,0.,0.));
#1841=DIRECTION('',(0.,0.,1.));
#1842=DIRECTION('',(-1.00000000000001,0.,0.));
#1843=DIRECTION('',(0.,0.,1.));
#1844=DIRECTION('',(-1.00000000000001,0.,0.));
#1845=DIRECTION('',(0.,0.,-1.));
#1846=DIRECTION('',(-1.00000000000001,0.,0.));
#1847=DIRECTION('',(0.,0.,-1.));
#1848=DIRECTION('',(-1.00000000000001,0.,0.));
#1849=DIRECTION('',(0.,0.,-1.));
#1850=DIRECTION('',(-1.00000000000001,0.,0.));
#1851=DIRECTION('',(0.,0.,-1.));
#1852=DIRECTION('',(-1.00000000000001,0.,0.));
#1853=DIRECTION('',(0.,0.,-1.));
#1854=DIRECTION('',(-1.00000000000001,0.,0.));
#1855=DIRECTION('',(0.,0.,-1.));
#1856=DIRECTION('',(-1.00000000000001,0.,0.));
#1857=DIRECTION('',(0.,0.,-1.));
#1858=DIRECTION('',(-1.00000000000001,0.,0.));
#1859=DIRECTION('',(0.,0.,-1.));
#1860=DIRECTION('',(-1.00000000000001,0.,0.));
#1861=DIRECTION('',(0.,0.,-1.));
#1862=DIRECTION('',(-1.00000000000001,0.,0.));
#1863=DIRECTION('',(0.,0.,-1.));
#1864=DIRECTION('',(-1.00000000000001,0.,0.));
#1865=DIRECTION('',(0.,0.,-1.));
#1866=DIRECTION('',(-1.00000000000001,0.,0.));
#1867=DIRECTION('',(0.,0.,-1.));
#1868=DIRECTION('',(-1.00000000000001,0.,0.));
#1869=DIRECTION('',(0.,0.,-1.));
#1870=DIRECTION('',(-1.00000000000001,0.,0.));
#1871=DIRECTION('',(0.,0.,-1.));
#1872=DIRECTION('',(-1.00000000000001,0.,0.));
#1873=DIRECTION('',(0.,0.,-1.));
#1874=DIRECTION('',(-1.00000000000001,0.,0.));
#1875=DIRECTION('',(0.,0.,-1.));
#1876=DIRECTION('',(-1.00000000000001,0.,0.));
#1877=DIRECTION('',(0.,0.,-1.));
#1878=DIRECTION('',(-1.00000000000001,0.,0.));
#1879=DIRECTION('',(0.,0.,-1.));
#1880=DIRECTION('',(-1.00000000000001,0.,0.));
#1881=DIRECTION('',(0.,0.,-1.));
#1882=DIRECTION('',(-1.00000000000001,0.,0.));
#1883=DIRECTION('',(0.,0.,-1.));
#1884=DIRECTION('',(-1.00000000000001,0.,0.));
#1885=DIRECTION('',(0.,0.,-1.));
#1886=DIRECTION('',(-1.00000000000001,0.,0.));
#1887=DIRECTION('',(0.,0.,-1.));
#1888=DIRECTION('',(-1.00000000000001,0.,0.));
#1889=DIRECTION('',(0.,0.,-1.));
#1890=DIRECTION('',(-1.00000000000001,0.,0.));
#1891=DIRECTION('',(0.,0.,-1.));
#1892=DIRECTION('',(-1.00000000000001,0.,0.));
#1893=DIRECTION('',(0.,0.,-1.));
#1894=DIRECTION('',(-1.,0.,0.));
#1895=DIRECTION('',(0.,0.,1.));
#1896=DIRECTION('',(-1.,0.,0.));
#1897=DIRECTION('',(0.,0.,-1.));
#1898=DIRECTION('',(-1.,0.,0.));
#1899=DIRECTION('',(0.,0.,-1.));
#1900=DIRECTION('',(-1.,0.,0.));
#1901=DIRECTION('',(0.,0.,-1.));
#1902=DIRECTION('',(-1.,0.,0.));
#1903=DIRECTION('',(0.,0.,-1.));
#1904=DIRECTION('',(-1.,0.,0.));
#1905=DIRECTION('',(0.,0.,1.));
#1906=DIRECTION('',(-1.00000000000001,0.,0.));
#1907=DIRECTION('',(0.,0.,1.));
#1908=DIRECTION('',(-1.00000000000001,0.,0.));
#1909=DIRECTION('',(0.,0.,1.));
#1910=DIRECTION('',(-1.00000000000001,0.,0.));
#1911=DIRECTION('',(0.,0.,1.));
#1912=DIRECTION('',(-1.00000000000001,0.,0.));
#1913=DIRECTION('',(0.,0.,1.));
#1914=DIRECTION('',(-1.00000000000001,0.,0.));
#1915=DIRECTION('',(0.,0.,1.));
#1916=DIRECTION('',(-1.00000000000001,0.,0.));
#1917=DIRECTION('',(0.,0.,-1.));
#1918=DIRECTION('',(-1.00000000000001,0.,0.));
#1919=DIRECTION('',(0.,0.,1.));
#1920=DIRECTION('',(-1.00000000000001,0.,0.));
#1921=DIRECTION('',(0.,0.,1.));
#1922=DIRECTION('',(-1.00000000000001,0.,0.));
#1923=DIRECTION('',(0.,0.,-1.));
#1924=DIRECTION('',(-1.00000000000001,0.,0.));
#1925=DIRECTION('',(0.,0.,-1.));
#1926=DIRECTION('',(-1.00000000000001,0.,0.));
#1927=DIRECTION('',(0.,0.,-1.));
#1928=DIRECTION('',(-1.00000000000001,0.,0.));
#1929=DIRECTION('',(0.,0.,-1.));
#1930=DIRECTION('',(-1.00000000000001,0.,0.));
#1931=DIRECTION('',(0.,0.,-1.));
#1932=DIRECTION('',(-1.00000000000001,0.,0.));
#1933=DIRECTION('',(0.,0.,1.));
#1934=DIRECTION('',(-1.00000000000001,0.,0.));
#1935=DIRECTION('',(0.,0.,1.));
#1936=DIRECTION('',(-1.00000000000001,0.,0.));
#1937=DIRECTION('',(0.,0.,1.));
#1938=DIRECTION('',(-0.999999999999991,0.,0.));
#1939=DIRECTION('',(0.,0.,-1.));
#1940=DIRECTION('',(-1.00000000000001,0.,0.));
#1941=DIRECTION('',(0.,0.,-1.));
#1942=DIRECTION('',(-1.00000000000001,0.,0.));
#1943=DIRECTION('',(0.,0.,1.));
#1944=DIRECTION('',(-1.00000000000001,0.,0.));
#1945=DIRECTION('',(0.,0.,-1.));
#1946=DIRECTION('',(1.,0.,0.));
#1947=DIRECTION('',(0.,0.,-1.));
#1948=DIRECTION('',(1.,0.,0.));
#1949=DIRECTION('',(0.,0.,-1.));
#1950=DIRECTION('',(1.,0.,0.));
#1951=DIRECTION('',(0.,0.,-1.));
#1952=DIRECTION('',(1.,0.,0.));
#1953=DIRECTION('',(0.,0.,-1.));
#1954=DIRECTION('',(1.,0.,0.));
#1955=DIRECTION('',(0.,0.,1.));
#1956=DIRECTION('',(1.00000000000001,0.,0.));
#1957=DIRECTION('',(0.,0.,1.));
#1958=DIRECTION('',(1.00000000000001,0.,0.));
#1959=DIRECTION('',(0.,0.,1.));
#1960=DIRECTION('',(1.00000000000001,0.,0.));
#1961=DIRECTION('',(0.,0.,-1.));
#1962=DIRECTION('',(1.00000000000001,0.,0.));
#1963=DIRECTION('',(0.,0.,1.));
#1964=DIRECTION('',(1.00000000000001,0.,0.));
#1965=DIRECTION('',(0.,0.,1.));
#1966=DIRECTION('',(1.00000000000001,0.,0.));
#1967=DIRECTION('',(0.,0.,1.));
#1968=DIRECTION('',(1.00000000000001,0.,0.));
#1969=DIRECTION('',(0.,0.,-1.));
#1970=DIRECTION('',(0.999999999999991,0.,0.));
#1971=DIRECTION('',(0.,0.,-1.));
#1972=DIRECTION('',(1.00000000000001,0.,0.));
#1973=DIRECTION('',(0.,0.,1.));
#1974=DIRECTION('',(1.00000000000001,0.,0.));
#1975=DIRECTION('',(0.,0.,1.));
#1976=DIRECTION('',(1.00000000000001,0.,0.));
#1977=DIRECTION('',(0.,0.,-1.));
#1978=DIRECTION('',(1.00000000000001,0.,0.));
#1979=DIRECTION('',(0.,0.,1.));
#1980=DIRECTION('',(1.00000000000001,0.,0.));
#1981=DIRECTION('',(0.,0.,1.));
#1982=DIRECTION('',(1.00000000000001,0.,0.));
#1983=DIRECTION('',(0.,0.,1.));
#1984=DIRECTION('',(1.00000000000001,0.,0.));
#1985=DIRECTION('',(0.,0.,1.));
#1986=DIRECTION('',(1.00000000000001,0.,0.));
#1987=DIRECTION('',(0.,0.,-1.));
#1988=DIRECTION('',(1.00000000000001,0.,0.));
#1989=DIRECTION('',(0.,0.,-1.));
#1990=DIRECTION('',(1.00000000000001,0.,0.));
#1991=DIRECTION('',(0.,0.,-1.));
#1992=DIRECTION('',(1.00000000000001,0.,0.));
#1993=DIRECTION('',(0.,0.,-1.));
#1994=DIRECTION('',(0.999999999999991,0.,0.));
#1995=DIRECTION('',(0.,0.,-1.));
#1996=DIRECTION('',(1.00000000000001,0.,0.));
#1997=DIRECTION('',(0.,0.,-1.));
#1998=DIRECTION('',(1.00000000000001,0.,0.));
#1999=DIRECTION('',(0.,0.,-1.));
#2000=DIRECTION('',(1.00000000000001,0.,0.));
#2001=DIRECTION('',(0.,0.,-1.));
#2002=DIRECTION('',(1.00000000000001,0.,0.));
#2003=DIRECTION('',(0.,0.,1.));
#2004=DIRECTION('',(1.00000000000001,0.,0.));
#2005=DIRECTION('',(0.,0.,1.));
#2006=DIRECTION('',(1.00000000000001,0.,0.));
#2007=DIRECTION('',(0.,0.,1.));
#2008=DIRECTION('',(1.00000000000001,0.,0.));
#2009=DIRECTION('',(0.,0.,1.));
#2010=DIRECTION('',(1.00000000000001,0.,0.));
#2011=DIRECTION('',(0.,0.,1.));
#2012=DIRECTION('',(1.00000000000001,0.,0.));
#2013=DIRECTION('',(0.,0.,1.));
#2014=DIRECTION('',(1.00000000000001,0.,0.));
#2015=DIRECTION('',(0.,0.,1.));
#2016=DIRECTION('',(1.00000000000001,0.,0.));
#2017=DIRECTION('',(0.,0.,1.));
#2018=DIRECTION('',(1.00000000000001,0.,0.));
#2019=DIRECTION('',(0.,0.,1.));
#2020=DIRECTION('',(1.00000000000001,0.,0.));
#2021=DIRECTION('',(0.,0.,1.));
#2022=DIRECTION('',(1.00000000000001,0.,0.));
#2023=DIRECTION('',(0.,0.,1.));
#2024=DIRECTION('',(1.00000000000001,0.,0.));
#2025=DIRECTION('',(0.,0.,1.));
#2026=DIRECTION('',(1.00000000000001,0.,0.));
#2027=DIRECTION('',(0.,0.,1.));
#2028=DIRECTION('',(1.00000000000001,0.,0.));
#2029=DIRECTION('',(0.,0.,1.));
#2030=DIRECTION('',(1.00000000000001,0.,0.));
#2031=DIRECTION('',(0.,0.,1.));
#2032=DIRECTION('',(1.00000000000001,0.,0.));
#2033=DIRECTION('',(0.,0.,1.));
#2034=DIRECTION('',(1.00000000000001,0.,0.));
#2035=DIRECTION('',(0.,0.,1.));
#2036=DIRECTION('',(1.00000000000001,0.,0.));
#2037=DIRECTION('',(0.,0.,1.));
#2038=DIRECTION('',(1.00000000000001,0.,0.));
#2039=DIRECTION('',(0.,0.,1.));
#2040=DIRECTION('',(1.00000000000001,0.,0.));
#2041=DIRECTION('',(0.,0.,1.));
#2042=DIRECTION('',(1.00000000000001,0.,0.));
#2043=DIRECTION('',(0.,0.,1.));
#2044=DIRECTION('',(1.00000000000001,0.,0.));
#2045=DIRECTION('',(0.,0.,1.));
#2046=DIRECTION('',(1.00000000000001,0.,0.));
#2047=DIRECTION('',(0.,0.,1.));
#2048=DIRECTION('',(1.00000000000001,0.,0.));
#2049=DIRECTION('',(0.,0.,-1.));
#2050=DIRECTION('',(1.,0.,0.));
#2051=DIRECTION('',(0.,0.,1.));
#2052=DIRECTION('',(1.,0.,0.));
#2053=DIRECTION('',(0.,0.,-1.));
#2054=DIRECTION('',(1.00000000000001,0.,0.));
#2055=DIRECTION('',(0.,0.,-1.));
#2056=DIRECTION('',(1.00000000000001,0.,0.));
#2057=DIRECTION('',(0.,0.,-1.));
#2058=DIRECTION('',(1.00000000000001,0.,0.));
#2059=DIRECTION('',(0.,0.,-1.));
#2060=DIRECTION('',(1.00000000000001,0.,0.));
#2061=DIRECTION('',(0.,0.,-1.));
#2062=DIRECTION('',(1.00000000000001,0.,0.));
#2063=DIRECTION('',(0.,0.,-1.));
#2064=DIRECTION('',(1.00000000000001,0.,0.));
#2065=DIRECTION('',(0.,0.,-1.));
#2066=DIRECTION('',(1.00000000000001,0.,0.));
#2067=DIRECTION('',(0.,0.,1.));
#2068=DIRECTION('',(1.00000000000001,0.,0.));
#2069=DIRECTION('',(0.,0.,-1.));
#2070=DIRECTION('',(1.00000000000001,0.,0.));
#2071=DIRECTION('',(0.,0.,-1.));
#2072=DIRECTION('',(1.00000000000001,0.,0.));
#2073=DIRECTION('',(0.,0.,1.));
#2074=DIRECTION('',(1.00000000000001,0.,0.));
#2075=DIRECTION('',(0.,0.,1.));
#2076=DIRECTION('',(1.00000000000001,0.,0.));
#2077=DIRECTION('',(0.,0.,1.));
#2078=DIRECTION('',(1.00000000000001,0.,0.));
#2079=DIRECTION('',(0.,0.,1.));
#2080=DIRECTION('',(1.00000000000001,0.,0.));
#2081=DIRECTION('',(0.,0.,1.));
#2082=DIRECTION('',(1.00000000000001,0.,0.));
#2083=DIRECTION('',(0.,0.,-1.));
#2084=DIRECTION('',(1.00000000000001,0.,0.));
#2085=DIRECTION('',(0.,0.,-1.));
#2086=DIRECTION('',(1.00000000000001,0.,0.));
#2087=DIRECTION('',(0.,0.,-1.));
#2088=DIRECTION('',(0.999999999999991,0.,0.));
#2089=DIRECTION('',(0.,0.,1.));
#2090=DIRECTION('',(1.00000000000001,0.,0.));
#2091=DIRECTION('',(0.,0.,1.));
#2092=DIRECTION('',(1.00000000000001,0.,0.));
#2093=DIRECTION('',(0.,0.,-1.));
#2094=DIRECTION('',(1.00000000000001,0.,0.));
#2095=DIRECTION('',(0.,0.,1.));
#2096=DIRECTION('',(1.,0.,0.));
#2097=DIRECTION('',(0.,0.,-1.));
#2098=DIRECTION('',(1.,0.,0.));
#2099=DIRECTION('',(0.,0.,-1.));
#2100=DIRECTION('',(-1.,0.,0.));
#2101=DIRECTION('',(0.,0.,1.));
#2102=DIRECTION('',(1.,0.,0.));
#2103=DIRECTION('',(0.,0.,-1.));
#2104=DIRECTION('',(-1.,0.,0.));
#2105=DIRECTION('',(0.,0.,1.));
#2106=DIRECTION('',(1.,0.,0.));
#2107=DIRECTION('',(0.,0.,-1.));
#2108=DIRECTION('',(-1.,0.,0.));
#2109=DIRECTION('',(0.,0.,1.));
#2110=DIRECTION('',(1.,0.,0.));
#2111=DIRECTION('',(0.,0.,-1.));
#2112=DIRECTION('',(-1.,0.,0.));
#2113=DIRECTION('',(0.,0.,1.));
#2114=DIRECTION('',(1.,0.,0.));
#2115=DIRECTION('',(0.,0.,-1.));
#2116=DIRECTION('',(-1.,0.,0.));
#2117=DIRECTION('',(0.,0.,-1.));
#2118=DIRECTION('',(0.,1.00000000000001,0.));
#2119=DIRECTION('',(0.,0.,-1.));
#2120=DIRECTION('',(0.,1.00000000000001,0.));
#2121=DIRECTION('',(0.,0.,1.));
#2122=DIRECTION('',(0.,-1.00000000000001,0.));
#2123=DIRECTION('',(0.,0.,1.));
#2124=DIRECTION('',(-0.499999999999995,0.866025403784436,0.));
#2125=DIRECTION('',(0.,0.,1.));
#2126=DIRECTION('',(0.866025403784436,-0.499999999999995,0.));
#2127=DIRECTION('',(0.,0.,1.));
#2128=DIRECTION('',(-0.866025403784436,-0.499999999999995,0.));
#2129=DIRECTION('',(0.,0.,1.));
#2130=DIRECTION('',(0.,0.999999999999999,0.));
#2131=DIRECTION('',(0.,0.,1.));
#2132=DIRECTION('',(0.499999999999995,-0.866025403784436,0.));
#2133=DIRECTION('',(0.,0.,1.));
#2134=DIRECTION('',(0.866025403784436,0.499999999999995,0.));
#2135=DIRECTION('',(0.,0.,1.));
#2136=DIRECTION('',(-0.866025403784436,0.499999999999995,0.));
#2137=DIRECTION('',(0.,0.,1.));
#2138=DIRECTION('',(0.866025403784436,-0.499999999999995,0.));
#2139=DIRECTION('',(0.,0.,1.));
#2140=DIRECTION('',(0.,-1.00000000000001,0.));
#2141=DIRECTION('',(0.,0.,1.));
#2142=DIRECTION('',(-1.00000000000001,0.,0.));
#2143=DIRECTION('',(0.,0.,1.));
#2144=DIRECTION('',(0.866025403784436,0.499999999999995,0.));
#2145=DIRECTION('',(0.,0.,1.));
#2146=DIRECTION('',(0.,0.999999999999999,0.));
#2147=DIRECTION('',(0.,0.,1.));
#2148=DIRECTION('',(0.499999999999995,-0.866025403784436,0.));
#2149=DIRECTION('',(0.,0.,1.));
#2150=DIRECTION('',(-0.499999999999995,-0.866025403784436,0.));
#2151=DIRECTION('',(0.,0.,1.));
#2152=DIRECTION('',(0.499999999999995,0.866025403784444,0.));
#2153=DIRECTION('',(0.,0.,1.));
#2154=DIRECTION('',(-0.866025403784436,0.499999999999995,0.));
#2155=DIRECTION('',(0.,0.,1.));
#2156=DIRECTION('',(-0.499999999999995,-0.866025403784436,0.));
#2157=DIRECTION('',(0.,0.,1.));
#2158=DIRECTION('',(-0.499999999999995,0.866025403784444,0.));
#2159=DIRECTION('',(0.,0.,1.));
#2160=DIRECTION('',(-0.866025403784436,-0.499999999999995,0.));
#2161=DIRECTION('',(0.,0.,1.));
#2162=DIRECTION('',(0.499999999999995,0.866025403784436,0.));
#2163=DIRECTION('',(0.,0.,1.));
#2164=DIRECTION('',(-1.00000000000001,0.,0.));
#2165=DIRECTION('',(0.,0.,-1.));
#2166=DIRECTION('',(-0.866025403784436,0.499999999999995,0.));
#2167=DIRECTION('',(0.,0.,-1.));
#2168=DIRECTION('',(0.,-0.999999999999999,0.));
#2169=DIRECTION('',(0.,0.,-1.));
#2170=DIRECTION('',(0.866025403784436,0.499999999999995,0.));
#2171=DIRECTION('',(0.,0.,-1.));
#2172=DIRECTION('',(-0.499999999999995,-0.866025403784436,0.));
#2173=DIRECTION('',(0.,0.,-1.));
#2174=DIRECTION('',(0.866025403784436,-0.499999999999995,0.));
#2175=DIRECTION('',(0.,0.,-1.));
#2176=DIRECTION('',(-0.499999999999995,0.866025403784436,0.));
#2177=DIRECTION('',(0.,0.,-1.));
#2178=DIRECTION('',(0.499999999999995,0.866025403784436,0.));
#2179=DIRECTION('',(0.,0.,-1.));
#2180=DIRECTION('',(0.,1.00000000000001,0.));
#2181=DIRECTION('',(0.,0.,-1.));
#2182=DIRECTION('',(0.999999999999991,0.,0.));
#2183=DIRECTION('',(0.,0.,-1.));
#2184=DIRECTION('',(0.499999999999995,-0.866025403784436,0.));
#2185=DIRECTION('',(0.,0.,-1.));
#2186=DIRECTION('',(-1.00000000000001,0.,0.));
#2187=DIRECTION('',(0.,0.,-1.));
#2188=DIRECTION('',(-0.866025403784436,-0.499999999999995,0.));
#2189=DIRECTION('',(0.,0.,-1.));
#2190=DIRECTION('',(0.707106781186546,0.707106781186546,0.));
#2191=DIRECTION('',(0.,0.,-1.));
#2192=DIRECTION('',(-0.707106781186546,-0.707106781186546,0.));
#2193=DIRECTION('',(0.,0.,-1.));
#2194=DIRECTION('',(0.707106781186546,-0.707106781186546,0.));
#2195=DIRECTION('',(0.,0.,-1.));
#2196=DIRECTION('',(-0.707106781186546,-0.707106781186546,0.));
#2197=DIRECTION('',(0.,0.,-1.));
#2198=DIRECTION('',(-0.707106781186546,0.707106781186546,0.));
#2199=DIRECTION('',(0.,0.,-1.));
#2200=DIRECTION('',(0.707106781186546,-0.707106781186546,0.));
#2201=DIRECTION('',(0.,0.,-1.));
#2202=DIRECTION('',(-0.707106781186546,0.707106781186546,0.));
#2203=DIRECTION('',(0.,0.,-1.));
#2204=DIRECTION('',(0.707106781186546,0.707106781186546,0.));
#2205=DIRECTION('',(0.,0.,1.));
#2206=DIRECTION('',(-0.965925826289078,0.258819045102515,0.));
#2207=DIRECTION('',(0.,0.,1.));
#2208=DIRECTION('',(-0.258819045102515,-0.965925826289078,0.));
#2209=DIRECTION('',(0.,0.,1.));
#2210=DIRECTION('',(-0.258819045102515,-0.965925826289078,0.));
#2211=DIRECTION('',(0.,0.,1.));
#2212=DIRECTION('',(-0.965925826289078,0.258819045102515,0.));
#2213=DIRECTION('',(0.,0.,1.));
#2214=DIRECTION('',(0.258819045102515,0.96592582628907,0.));
#2215=DIRECTION('',(0.,0.,1.));
#2216=DIRECTION('',(0.258819045102515,0.96592582628907,0.));
#2217=DIRECTION('',(0.,0.,1.));
#2218=DIRECTION('',(-0.258819045102515,0.96592582628907,0.));
#2219=DIRECTION('',(0.,0.,1.));
#2220=DIRECTION('',(0.258819045102515,-0.965925826289061,0.));
#2221=DIRECTION('',(0.,0.,1.));
#2222=DIRECTION('',(0.965925826289078,-0.258819045102515,0.));
#2223=DIRECTION('',(0.,0.,1.));
#2224=DIRECTION('',(-0.965925826289061,-0.258819045102515,0.));
#2225=DIRECTION('',(0.,0.,1.));
#2226=DIRECTION('',(0.965925826289061,0.258819045102515,0.));
#2227=DIRECTION('',(0.,0.,1.));
#2228=DIRECTION('',(0.965925826289078,-0.258819045102515,0.));
#2229=DIRECTION('',(0.,0.,1.));
#2230=DIRECTION('',(-0.965925826289078,-0.258819045102515,0.));
#2231=DIRECTION('',(0.,0.,1.));
#2232=DIRECTION('',(-0.965925826289078,0.258819045102515,0.));
#2233=DIRECTION('',(0.,0.,1.));
#2234=DIRECTION('',(0.258819045102515,-0.965925826289061,0.));
#2235=DIRECTION('',(0.,0.,1.));
#2236=DIRECTION('',(0.965925826289061,0.258819045102515,0.));
#2237=DIRECTION('',(0.,0.,1.));
#2238=DIRECTION('',(-0.258819045102515,0.96592582628907,0.));
#2239=DIRECTION('',(0.,0.,1.));
#2240=DIRECTION('',(0.258819045102515,0.96592582628907,0.));
#2241=DIRECTION('',(0.,0.,1.));
#2242=DIRECTION('',(0.965925826289061,0.258819045102515,0.));
#2243=DIRECTION('',(0.,0.,1.));
#2244=DIRECTION('',(0.965925826289078,-0.258819045102515,0.));
#2245=DIRECTION('',(0.,0.,1.));
#2246=DIRECTION('',(-0.258819045102515,0.96592582628907,0.));
#2247=DIRECTION('',(0.,0.,1.));
#2248=DIRECTION('',(-0.965925826289061,-0.258819045102515,0.));
#2249=DIRECTION('',(0.,0.,1.));
#2250=DIRECTION('',(0.258819045102515,-0.965925826289061,0.));
#2251=DIRECTION('',(0.,0.,1.));
#2252=DIRECTION('',(-0.258819045102515,-0.965925826289078,0.));
#2253=DIRECTION('',(0.,0.,1.));
#2254=DIRECTION('',(1.,0.,-5.18214630612936E-017));
#2255=DIRECTION('',(0.,0.,1.));
#2256=DIRECTION('',(1.,0.,-5.18214630612936E-017));
#2257=DIRECTION('',(0.,0.,1.));
#2258=DIRECTION('',(1.,0.,-5.18214630612936E-017));
#2259=DIRECTION('',(0.,0.,1.));
#2260=DIRECTION('',(1.,0.,-5.18214630612936E-017));
#2261=CARTESIAN_POINT('',(0.,0.,0.));
#2262=CARTESIAN_POINT('',(211.595093220593,197.273477017752,-23.25));
#2263=CARTESIAN_POINT('',(209.945093220593,197.273477017752,-23.25));
#2264=CARTESIAN_POINT('',(188.404906779408,197.273477017751,-23.25));
#2265=CARTESIAN_POINT('',(186.754906779408,197.273477017751,-23.25));
#2266=CARTESIAN_POINT('',(243.273477017751,165.595093220593,-23.25));
#2267=CARTESIAN_POINT('',(241.623477017751,165.595093220593,-23.25));
#2268=CARTESIAN_POINT('',(185.816716328383,101.067264719359,-23.25));
#2269=CARTESIAN_POINT('',(184.166716328383,101.067264719359,-23.25));
#2270=CARTESIAN_POINT('',(209.006902769568,120.385781245141,-23.25));
#2271=CARTESIAN_POINT('',(207.356902769568,120.385781245141,-23.25));
#2272=CARTESIAN_POINT('',(156.72652298225,142.404906779408,-23.25));
#2273=CARTESIAN_POINT('',(155.07652298225,142.404906779408,-23.25));
#2274=CARTESIAN_POINT('',(190.993097230433,187.614218754861,-23.25));
#2275=CARTESIAN_POINT('',(189.343097230433,187.614218754861,-23.25));
#2276=CARTESIAN_POINT('',(252.932735280642,168.183283671619,-23.25));
#2277=CARTESIAN_POINT('',(251.282735280642,168.183283671619,-23.25));
#2278=CARTESIAN_POINT('',(147.067264719359,139.816716328383,-23.25));
#2279=CARTESIAN_POINT('',(145.417264719359,139.816716328383,-23.25));
#2280=CARTESIAN_POINT('',(233.614218754861,163.006902769568,-23.25));
#2281=CARTESIAN_POINT('',(231.964218754861,163.006902769568,-23.25));
#2282=CARTESIAN_POINT('',(166.385781245141,163.006902769568,-23.25));
#2283=CARTESIAN_POINT('',(164.735781245141,163.006902769568,-23.25));
#2284=CARTESIAN_POINT('',(214.183283671618,206.932735280642,-23.25));
#2285=CARTESIAN_POINT('',(212.533283671618,206.932735280642,-23.25));
#2286=CARTESIAN_POINT('',(243.273477017751,142.404906779408,-23.25));
#2287=CARTESIAN_POINT('',(241.623477017751,142.404906779408,-23.25));
#2288=CARTESIAN_POINT('',(238.749451609024,192.749451609023,-23.25));
#2289=CARTESIAN_POINT('',(237.099451609024,192.749451609023,-23.25));
#2290=CARTESIAN_POINT('',(161.250548390978,192.749451609024,-23.25));
#2291=CARTESIAN_POINT('',(159.600548390978,192.749451609024,-23.25));
#2292=CARTESIAN_POINT('',(238.749451609023,115.250548390978,-23.25));
#2293=CARTESIAN_POINT('',(237.099451609023,115.250548390978,-23.25));
#2294=CARTESIAN_POINT('',(168.321616202843,122.321616202844,-23.25));
#2295=CARTESIAN_POINT('',(166.671616202843,122.321616202844,-23.25));
#2296=CARTESIAN_POINT('',(231.678383797158,185.678383797158,-23.25));
#2297=CARTESIAN_POINT('',(230.028383797158,185.678383797158,-23.25));
#2298=CARTESIAN_POINT('',(145.2,154.000000000001,-23.25));
#2299=CARTESIAN_POINT('',(143.55,154.000000000001,-23.25));
#2300=CARTESIAN_POINT('',(254.800000000001,154.000000000001,-23.25));
#2301=CARTESIAN_POINT('',(253.150000000001,154.000000000001,-23.25));
#2302=CARTESIAN_POINT('',(227.400000000001,201.458192127388,-23.25));
#2303=CARTESIAN_POINT('',(225.750000000001,201.458192127388,-23.25));
#2304=CARTESIAN_POINT('',(247.458192127388,126.6,-23.25));
#2305=CARTESIAN_POINT('',(245.808192127388,126.6,-23.25));
#2306=CARTESIAN_POINT('',(247.458192127388,181.400000000001,-23.25));
#2307=CARTESIAN_POINT('',(245.808192127388,181.400000000001,-23.25));
#2308=CARTESIAN_POINT('',(152.541807872613,181.400000000002,-23.25));
#2309=CARTESIAN_POINT('',(150.891807872613,181.400000000002,-23.25));
#2310=CARTESIAN_POINT('',(234.800000000001,154.000000000001,-23.25));
#2311=CARTESIAN_POINT('',(233.150000000001,154.000000000001,-23.25));
#2312=CARTESIAN_POINT('',(177.6,115.202061910458,-23.25));
#2313=CARTESIAN_POINT('',(175.95,115.202061910458,-23.25));
#2314=CARTESIAN_POINT('',(238.797938089544,176.400000000001,-23.25));
#2315=CARTESIAN_POINT('',(237.147938089544,176.400000000001,-23.25));
#2316=CARTESIAN_POINT('',(217.400000000001,123.862315948302,-23.25));
#2317=CARTESIAN_POINT('',(215.750000000001,123.862315948302,-23.25));
#2318=CARTESIAN_POINT('',(222.400000000001,192.797938089544,-23.25));
#2319=CARTESIAN_POINT('',(220.750000000001,192.797938089544,-23.25));
#2320=CARTESIAN_POINT('',(238.797938089544,131.600000000001,-23.25));
#2321=CARTESIAN_POINT('',(237.147938089544,131.600000000001,-23.25));
#2322=CARTESIAN_POINT('',(182.6,123.862315948302,-23.25));
#2323=CARTESIAN_POINT('',(180.95,123.862315948302,-23.25));
#2324=CARTESIAN_POINT('',(217.400000000001,184.1376840517,-23.25));
#2325=CARTESIAN_POINT('',(215.750000000001,184.1376840517,-23.25));
#2326=CARTESIAN_POINT('',(177.600000000001,192.797938089544,-23.25));
#2327=CARTESIAN_POINT('',(175.950000000001,192.797938089544,-23.25));
#2328=CARTESIAN_POINT('',(200.,109.200000000001,-23.25));
#2329=CARTESIAN_POINT('',(198.35,109.200000000001,-23.25));
#2330=CARTESIAN_POINT('',(169.862315948302,136.600000000001,-23.25));
#2331=CARTESIAN_POINT('',(168.212315948302,136.600000000001,-23.25));
#2332=CARTESIAN_POINT('',(244.800000000001,154.000000000001,-23.25));
#2333=CARTESIAN_POINT('',(243.150000000001,154.000000000001,-23.25));
#2334=CARTESIAN_POINT('',(200.000000000001,198.800000000001,-23.25));
#2335=CARTESIAN_POINT('',(198.350000000001,198.800000000001,-23.25));
#2336=CARTESIAN_POINT('',(169.862315948302,171.400000000002,-23.25));
#2337=CARTESIAN_POINT('',(168.212315948302,171.400000000002,-23.25));
#2338=CARTESIAN_POINT('',(230.137684051699,136.600000000001,-23.25));
#2339=CARTESIAN_POINT('',(228.487684051699,136.600000000001,-23.25));
#2340=CARTESIAN_POINT('',(161.202061910457,131.600000000001,-23.25));
#2341=CARTESIAN_POINT('',(159.552061910457,131.600000000001,-23.25));
#2342=CARTESIAN_POINT('',(182.600000000001,184.1376840517,-23.25));
#2343=CARTESIAN_POINT('',(180.950000000001,184.1376840517,-23.25));
#2344=CARTESIAN_POINT('',(200.,119.200000000001,-23.25));
#2345=CARTESIAN_POINT('',(198.35,119.200000000001,-23.25));
#2346=CARTESIAN_POINT('',(230.1376840517,171.400000000001,-23.25));
#2347=CARTESIAN_POINT('',(228.4876840517,171.400000000001,-23.25));
#2348=CARTESIAN_POINT('',(161.202061910458,176.400000000002,-23.25));
#2349=CARTESIAN_POINT('',(159.552061910458,176.400000000002,-23.25));
#2350=CARTESIAN_POINT('',(222.400000000001,115.202061910458,-23.25));
#2351=CARTESIAN_POINT('',(220.750000000001,115.202061910458,-23.25));
#2352=CARTESIAN_POINT('',(200.000000000001,188.800000000002,-23.25));
#2353=CARTESIAN_POINT('',(198.350000000001,188.800000000002,-23.25));
#2354=CARTESIAN_POINT('',(165.2,154.000000000001,-23.25));
#2355=CARTESIAN_POINT('',(163.55,154.000000000001,-23.25));
#2356=CARTESIAN_POINT('',(155.2,154.000000000001,-23.25));
#2357=CARTESIAN_POINT('',(153.55,154.000000000001,-23.25));
#2358=CARTESIAN_POINT('',(200.000000000001,154.000000000001,-23.25));
#2359=CARTESIAN_POINT('',(138.550000000001,154.000000000001,-23.25));
#2360=CARTESIAN_POINT('',(200.000000000001,154.000000000001,-23.25));
#2361=CARTESIAN_POINT('',(169.600000000001,154.000000000001,-23.25));
#2362=CARTESIAN_POINT('',(224.500442409481,129.286272605297,-23.25));
#2363=CARTESIAN_POINT('',(222.250442409481,129.286272605297,-23.25));
#2364=CARTESIAN_POINT('',(224.713727394705,178.500442409481,-23.25));
#2365=CARTESIAN_POINT('',(222.463727394705,178.500442409481,-23.25));
#2366=CARTESIAN_POINT('',(175.499557590521,178.713727394706,-23.25));
#2367=CARTESIAN_POINT('',(173.249557590521,178.713727394706,-23.25));
#2368=CARTESIAN_POINT('',(175.286272605296,129.499557590522,-23.25));
#2369=CARTESIAN_POINT('',(173.036272605296,129.499557590522,-23.25));
#2370=CARTESIAN_POINT('',(200.,99.2000000000007,-23.25));
#2371=CARTESIAN_POINT('',(198.35,99.2000000000007,-23.25));
#2372=CARTESIAN_POINT('',(172.6,106.541807872614,-23.25));
#2373=CARTESIAN_POINT('',(170.95,106.541807872614,-23.25));
#2374=CARTESIAN_POINT('',(172.600000000001,201.458192127389,-23.25));
#2375=CARTESIAN_POINT('',(170.950000000001,201.458192127389,-23.25));
#2376=CARTESIAN_POINT('',(200.000000000001,208.800000000001,-23.25));
#2377=CARTESIAN_POINT('',(198.350000000001,208.800000000001,-23.25));
#2378=CARTESIAN_POINT('',(227.4,106.541807872613,-23.25));
#2379=CARTESIAN_POINT('',(225.75,106.541807872613,-23.25));
#2380=CARTESIAN_POINT('',(152.541807872613,126.600000000001,-23.25));
#2381=CARTESIAN_POINT('',(150.891807872613,126.600000000001,-23.25));
#2382=CARTESIAN_POINT('',(161.250548390977,115.250548390978,-23.25));
#2383=CARTESIAN_POINT('',(159.600548390977,115.250548390978,-23.25));
#2384=CARTESIAN_POINT('',(231.678383797158,122.321616202843,-23.25));
#2385=CARTESIAN_POINT('',(230.028383797158,122.321616202843,-23.25));
#2386=CARTESIAN_POINT('',(168.321616202843,185.678383797159,-23.25));
#2387=CARTESIAN_POINT('',(166.671616202843,185.678383797159,-23.25));
#2388=CARTESIAN_POINT('',(209.006902769568,187.614218754861,-23.25));
#2389=CARTESIAN_POINT('',(207.356902769568,187.614218754861,-23.25));
#2390=CARTESIAN_POINT('',(233.614218754861,144.993097230434,-23.25));
#2391=CARTESIAN_POINT('',(231.964218754861,144.993097230434,-23.25));
#2392=CARTESIAN_POINT('',(190.993097230433,120.385781245141,-23.25));
#2393=CARTESIAN_POINT('',(189.343097230433,120.385781245141,-23.25));
#2394=CARTESIAN_POINT('',(188.404906779408,110.72652298225,-23.25));
#2395=CARTESIAN_POINT('',(186.754906779408,110.72652298225,-23.25));
#2396=CARTESIAN_POINT('',(211.595093220593,110.72652298225,-23.25));
#2397=CARTESIAN_POINT('',(209.945093220593,110.72652298225,-23.25));
#2398=CARTESIAN_POINT('',(185.816716328383,206.932735280642,-23.25));
#2399=CARTESIAN_POINT('',(184.166716328383,206.932735280642,-23.25));
#2400=CARTESIAN_POINT('',(147.067264719359,168.183283671618,-23.25));
#2401=CARTESIAN_POINT('',(145.417264719359,168.183283671618,-23.25));
#2402=CARTESIAN_POINT('',(252.932735280642,139.816716328383,-23.25));
#2403=CARTESIAN_POINT('',(251.282735280642,139.816716328383,-23.25));
#2404=CARTESIAN_POINT('',(166.385781245141,144.993097230434,-23.25));
#2405=CARTESIAN_POINT('',(164.735781245141,144.993097230434,-23.25));
#2406=CARTESIAN_POINT('',(156.72652298225,165.595093220593,-23.25));
#2407=CARTESIAN_POINT('',(155.07652298225,165.595093220593,-23.25));
#2408=CARTESIAN_POINT('',(214.183283671618,101.06726471936,-23.25));
#2409=CARTESIAN_POINT('',(212.533283671618,101.06726471936,-23.25));
#2410=CARTESIAN_POINT('',(200.000000000001,154.000000000001,-23.25));
#2411=CARTESIAN_POINT('',(224.500442409481,129.286272605297,-11.25));
#2412=CARTESIAN_POINT('',(228.750442409481,129.286272605297,-11.25));
#2413=CARTESIAN_POINT('',(224.713727394705,178.500442409481,-11.25));
#2414=CARTESIAN_POINT('',(228.963727394705,178.500442409481,-11.25));
#2415=CARTESIAN_POINT('',(175.499557590521,178.713727394706,-11.25));
#2416=CARTESIAN_POINT('',(179.749557590521,178.713727394706,-11.25));
#2417=CARTESIAN_POINT('',(175.286272605296,129.499557590522,-11.25));
#2418=CARTESIAN_POINT('',(179.536272605296,129.499557590522,-11.25));
#2419=CARTESIAN_POINT('',(211.595093220593,197.273477017752,-11.25));
#2420=CARTESIAN_POINT('',(213.245093220593,197.273477017752,-11.25));
#2421=CARTESIAN_POINT('',(188.404906779408,197.273477017751,-11.25));
#2422=CARTESIAN_POINT('',(190.054906779408,197.273477017751,-11.25));
#2423=CARTESIAN_POINT('',(243.273477017751,165.595093220593,-11.25));
#2424=CARTESIAN_POINT('',(244.923477017751,165.595093220593,-11.25));
#2425=CARTESIAN_POINT('',(185.816716328383,101.067264719359,-11.25));
#2426=CARTESIAN_POINT('',(187.466716328383,101.067264719359,-11.25));
#2427=CARTESIAN_POINT('',(209.006902769568,120.385781245141,-11.25));
#2428=CARTESIAN_POINT('',(210.656902769568,120.385781245141,-11.25));
#2429=CARTESIAN_POINT('',(156.72652298225,142.404906779408,-11.25));
#2430=CARTESIAN_POINT('',(158.37652298225,142.404906779408,-11.25));
#2431=CARTESIAN_POINT('',(190.993097230433,187.614218754861,-11.25));
#2432=CARTESIAN_POINT('',(192.643097230433,187.614218754861,-11.25));
#2433=CARTESIAN_POINT('',(252.932735280642,168.183283671619,-11.25));
#2434=CARTESIAN_POINT('',(254.582735280642,168.183283671619,-11.25));
#2435=CARTESIAN_POINT('',(147.067264719359,139.816716328383,-11.25));
#2436=CARTESIAN_POINT('',(148.717264719359,139.816716328383,-11.25));
#2437=CARTESIAN_POINT('',(233.614218754861,163.006902769568,-11.25));
#2438=CARTESIAN_POINT('',(235.264218754861,163.006902769568,-11.25));
#2439=CARTESIAN_POINT('',(166.385781245141,163.006902769568,-11.25));
#2440=CARTESIAN_POINT('',(168.035781245141,163.006902769568,-11.25));
#2441=CARTESIAN_POINT('',(214.183283671618,206.932735280642,-11.25));
#2442=CARTESIAN_POINT('',(215.833283671618,206.932735280642,-11.25));
#2443=CARTESIAN_POINT('',(243.273477017751,142.404906779408,-11.25));
#2444=CARTESIAN_POINT('',(244.923477017751,142.404906779408,-11.25));
#2445=CARTESIAN_POINT('',(238.749451609024,192.749451609023,-11.25));
#2446=CARTESIAN_POINT('',(240.399451609024,192.749451609023,-11.25));
#2447=CARTESIAN_POINT('',(161.250548390978,192.749451609024,-11.25));
#2448=CARTESIAN_POINT('',(162.900548390978,192.749451609024,-11.25));
#2449=CARTESIAN_POINT('',(238.749451609023,115.250548390978,-11.25));
#2450=CARTESIAN_POINT('',(240.399451609023,115.250548390978,-11.25));
#2451=CARTESIAN_POINT('',(168.321616202843,122.321616202844,-11.25));
#2452=CARTESIAN_POINT('',(169.971616202843,122.321616202844,-11.25));
#2453=CARTESIAN_POINT('',(231.678383797158,185.678383797158,-11.25));
#2454=CARTESIAN_POINT('',(233.328383797158,185.678383797158,-11.25));
#2455=CARTESIAN_POINT('',(145.2,154.000000000001,-11.25));
#2456=CARTESIAN_POINT('',(146.85,154.000000000001,-11.25));
#2457=CARTESIAN_POINT('',(254.800000000001,154.000000000001,-11.25));
#2458=CARTESIAN_POINT('',(256.450000000001,154.000000000001,-11.25));
#2459=CARTESIAN_POINT('',(227.400000000001,201.458192127388,-11.25));
#2460=CARTESIAN_POINT('',(229.050000000001,201.458192127388,-11.25));
#2461=CARTESIAN_POINT('',(247.458192127388,126.6,-11.25));
#2462=CARTESIAN_POINT('',(249.108192127388,126.6,-11.25));
#2463=CARTESIAN_POINT('',(247.458192127388,181.400000000001,-11.25));
#2464=CARTESIAN_POINT('',(249.108192127388,181.400000000001,-11.25));
#2465=CARTESIAN_POINT('',(152.541807872613,181.400000000002,-11.25));
#2466=CARTESIAN_POINT('',(154.191807872613,181.400000000002,-11.25));
#2467=CARTESIAN_POINT('',(234.800000000001,154.000000000001,-11.25));
#2468=CARTESIAN_POINT('',(236.450000000001,154.000000000001,-11.25));
#2469=CARTESIAN_POINT('',(177.6,115.202061910458,-11.25));
#2470=CARTESIAN_POINT('',(179.25,115.202061910458,-11.25));
#2471=CARTESIAN_POINT('',(238.797938089544,176.400000000001,-11.25));
#2472=CARTESIAN_POINT('',(240.447938089544,176.400000000001,-11.25));
#2473=CARTESIAN_POINT('',(217.400000000001,123.862315948302,-11.25));
#2474=CARTESIAN_POINT('',(219.050000000001,123.862315948302,-11.25));
#2475=CARTESIAN_POINT('',(222.400000000001,192.797938089544,-11.25));
#2476=CARTESIAN_POINT('',(224.050000000001,192.797938089544,-11.25));
#2477=CARTESIAN_POINT('',(238.797938089544,131.600000000001,-11.25));
#2478=CARTESIAN_POINT('',(240.447938089544,131.600000000001,-11.25));
#2479=CARTESIAN_POINT('',(182.6,123.862315948302,-11.25));
#2480=CARTESIAN_POINT('',(184.25,123.862315948302,-11.25));
#2481=CARTESIAN_POINT('',(217.400000000001,184.1376840517,-11.25));
#2482=CARTESIAN_POINT('',(219.050000000001,184.1376840517,-11.25));
#2483=CARTESIAN_POINT('',(177.600000000001,192.797938089544,-11.25));
#2484=CARTESIAN_POINT('',(179.250000000001,192.797938089544,-11.25));
#2485=CARTESIAN_POINT('',(200.,109.200000000001,-11.25));
#2486=CARTESIAN_POINT('',(201.65,109.200000000001,-11.25));
#2487=CARTESIAN_POINT('',(169.862315948302,136.600000000001,-11.25));
#2488=CARTESIAN_POINT('',(171.512315948302,136.600000000001,-11.25));
#2489=CARTESIAN_POINT('',(244.800000000001,154.000000000001,-11.25));
#2490=CARTESIAN_POINT('',(246.450000000001,154.000000000001,-11.25));
#2491=CARTESIAN_POINT('',(200.000000000001,198.800000000001,-11.25));
#2492=CARTESIAN_POINT('',(201.650000000001,198.800000000001,-11.25));
#2493=CARTESIAN_POINT('',(169.862315948302,171.400000000002,-11.25));
#2494=CARTESIAN_POINT('',(171.512315948302,171.400000000002,-11.25));
#2495=CARTESIAN_POINT('',(230.137684051699,136.600000000001,-11.25));
#2496=CARTESIAN_POINT('',(231.787684051699,136.600000000001,-11.25));
#2497=CARTESIAN_POINT('',(161.202061910457,131.600000000001,-11.25));
#2498=CARTESIAN_POINT('',(162.852061910457,131.600000000001,-11.25));
#2499=CARTESIAN_POINT('',(182.600000000001,184.1376840517,-11.25));
#2500=CARTESIAN_POINT('',(184.250000000001,184.1376840517,-11.25));
#2501=CARTESIAN_POINT('',(200.,119.200000000001,-11.25));
#2502=CARTESIAN_POINT('',(201.65,119.200000000001,-11.25));
#2503=CARTESIAN_POINT('',(230.1376840517,171.400000000001,-11.25));
#2504=CARTESIAN_POINT('',(231.7876840517,171.400000000001,-11.25));
#2505=CARTESIAN_POINT('',(161.202061910458,176.400000000002,-11.25));
#2506=CARTESIAN_POINT('',(162.852061910458,176.400000000002,-11.25));
#2507=CARTESIAN_POINT('',(222.400000000001,115.202061910458,-11.25));
#2508=CARTESIAN_POINT('',(224.050000000001,115.202061910458,-11.25));
#2509=CARTESIAN_POINT('',(200.000000000001,188.800000000002,-11.25));
#2510=CARTESIAN_POINT('',(201.650000000001,188.800000000002,-11.25));
#2511=CARTESIAN_POINT('',(155.2,154.000000000001,-11.25));
#2512=CARTESIAN_POINT('',(156.85,154.000000000001,-11.25));
#2513=CARTESIAN_POINT('',(200.000000000001,154.000000000001,-11.25));
#2514=CARTESIAN_POINT('',(261.450000000001,154.000000000001,-11.25));
#2515=CARTESIAN_POINT('',(200.000000000001,154.000000000001,-11.25));
#2516=CARTESIAN_POINT('',(230.400000000001,154.000000000001,-11.25));
#2517=CARTESIAN_POINT('',(165.2,154.000000000001,-11.25));
#2518=CARTESIAN_POINT('',(166.85,154.000000000001,-11.25));
#2519=CARTESIAN_POINT('',(200.,99.2000000000007,-11.25));
#2520=CARTESIAN_POINT('',(201.65,99.2000000000007,-11.25));
#2521=CARTESIAN_POINT('',(172.6,106.541807872614,-11.25));
#2522=CARTESIAN_POINT('',(174.25,106.541807872614,-11.25));
#2523=CARTESIAN_POINT('',(172.600000000001,201.458192127389,-11.25));
#2524=CARTESIAN_POINT('',(174.250000000001,201.458192127389,-11.25));
#2525=CARTESIAN_POINT('',(200.000000000001,208.800000000001,-11.25));
#2526=CARTESIAN_POINT('',(201.650000000001,208.800000000001,-11.25));
#2527=CARTESIAN_POINT('',(227.4,106.541807872613,-11.25));
#2528=CARTESIAN_POINT('',(229.05,106.541807872613,-11.25));
#2529=CARTESIAN_POINT('',(152.541807872613,126.600000000001,-11.25));
#2530=CARTESIAN_POINT('',(154.191807872613,126.600000000001,-11.25));
#2531=CARTESIAN_POINT('',(161.250548390977,115.250548390978,-11.25));
#2532=CARTESIAN_POINT('',(162.900548390977,115.250548390978,-11.25));
#2533=CARTESIAN_POINT('',(231.678383797158,122.321616202843,-11.25));
#2534=CARTESIAN_POINT('',(233.328383797158,122.321616202843,-11.25));
#2535=CARTESIAN_POINT('',(168.321616202843,185.678383797159,-11.25));
#2536=CARTESIAN_POINT('',(169.971616202843,185.678383797159,-11.25));
#2537=CARTESIAN_POINT('',(209.006902769568,187.614218754861,-11.25));
#2538=CARTESIAN_POINT('',(210.656902769568,187.614218754861,-11.25));
#2539=CARTESIAN_POINT('',(233.614218754861,144.993097230434,-11.25));
#2540=CARTESIAN_POINT('',(235.264218754861,144.993097230434,-11.25));
#2541=CARTESIAN_POINT('',(190.993097230433,120.385781245141,-11.25));
#2542=CARTESIAN_POINT('',(192.643097230433,120.385781245141,-11.25));
#2543=CARTESIAN_POINT('',(188.404906779408,110.72652298225,-11.25));
#2544=CARTESIAN_POINT('',(190.054906779408,110.72652298225,-11.25));
#2545=CARTESIAN_POINT('',(211.595093220593,110.72652298225,-11.25));
#2546=CARTESIAN_POINT('',(213.245093220593,110.72652298225,-11.25));
#2547=CARTESIAN_POINT('',(185.816716328383,206.932735280642,-11.25));
#2548=CARTESIAN_POINT('',(187.466716328383,206.932735280642,-11.25));
#2549=CARTESIAN_POINT('',(147.067264719359,168.183283671618,-11.25));
#2550=CARTESIAN_POINT('',(148.717264719359,168.183283671618,-11.25));
#2551=CARTESIAN_POINT('',(252.932735280642,139.816716328383,-11.25));
#2552=CARTESIAN_POINT('',(254.582735280642,139.816716328383,-11.25));
#2553=CARTESIAN_POINT('',(166.385781245141,144.993097230434,-11.25));
#2554=CARTESIAN_POINT('',(168.035781245141,144.993097230434,-11.25));
#2555=CARTESIAN_POINT('',(156.72652298225,165.595093220593,-11.25));
#2556=CARTESIAN_POINT('',(158.37652298225,165.595093220593,-11.25));
#2557=CARTESIAN_POINT('',(214.183283671618,101.06726471936,-11.25));
#2558=CARTESIAN_POINT('',(215.833283671618,101.06726471936,-11.25));
#2559=CARTESIAN_POINT('',(171.946642695322,128.612443130935,-11.25));
#2560=CARTESIAN_POINT('',(200.000000000001,154.000000000001,-23.25));
#2561=CARTESIAN_POINT('',(200.000000000001,154.000000000001,67.45));
#2562=CARTESIAN_POINT('',(224.500442409481,129.286272605297,-13.25));
#2563=CARTESIAN_POINT('',(226.750442409481,129.286272605297,-13.25));
#2564=CARTESIAN_POINT('',(224.500442409481,129.286272605297,-8.25000000000001));
#2565=CARTESIAN_POINT('',(224.713727394705,178.500442409481,-13.25));
#2566=CARTESIAN_POINT('',(226.963727394705,178.500442409481,-13.25));
#2567=CARTESIAN_POINT('',(224.713727394705,178.500442409481,-8.25000000000001));
#2568=CARTESIAN_POINT('',(175.499557590521,178.713727394706,-13.25));
#2569=CARTESIAN_POINT('',(177.749557590521,178.713727394706,-13.25));
#2570=CARTESIAN_POINT('',(175.499557590521,178.713727394706,-8.25000000000001));
#2571=CARTESIAN_POINT('',(175.286272605296,129.499557590522,-13.25));
#2572=CARTESIAN_POINT('',(177.536272605296,129.499557590522,-13.25));
#2573=CARTESIAN_POINT('',(175.286272605296,129.499557590522,-8.25000000000001));
#2574=CARTESIAN_POINT('',(155.2,154.000000000001,-14.25));
#2575=CARTESIAN_POINT('',(165.2,154.000000000001,-14.25));
#2576=CARTESIAN_POINT('',(200.000000000001,188.800000000002,-114.25));
#2577=CARTESIAN_POINT('',(222.400000000001,115.202061910458,-114.25));
#2578=CARTESIAN_POINT('',(161.202061910458,176.400000000002,-114.25));
#2579=CARTESIAN_POINT('',(230.1376840517,171.400000000001,-114.25));
#2580=CARTESIAN_POINT('',(200.,119.200000000001,-114.25));
#2581=CARTESIAN_POINT('',(182.600000000001,184.1376840517,-114.25));
#2582=CARTESIAN_POINT('',(161.202061910457,131.600000000001,-114.25));
#2583=CARTESIAN_POINT('',(230.137684051699,136.600000000001,-114.25));
#2584=CARTESIAN_POINT('',(169.862315948302,171.400000000002,-114.25));
#2585=CARTESIAN_POINT('',(200.000000000001,198.800000000001,-114.25));
#2586=CARTESIAN_POINT('',(244.800000000001,154.000000000001,-114.25));
#2587=CARTESIAN_POINT('',(169.862315948302,136.600000000001,-114.25));
#2588=CARTESIAN_POINT('',(200.,109.200000000001,-114.25));
#2589=CARTESIAN_POINT('',(177.600000000001,192.797938089544,-114.25));
#2590=CARTESIAN_POINT('',(217.400000000001,184.1376840517,-114.25));
#2591=CARTESIAN_POINT('',(182.6,123.862315948302,-114.25));
#2592=CARTESIAN_POINT('',(238.797938089544,131.600000000001,-114.25));
#2593=CARTESIAN_POINT('',(222.400000000001,192.797938089544,-114.25));
#2594=CARTESIAN_POINT('',(217.400000000001,123.862315948302,-114.25));
#2595=CARTESIAN_POINT('',(238.797938089544,176.400000000001,-114.25));
#2596=CARTESIAN_POINT('',(177.6,115.202061910458,-114.25));
#2597=CARTESIAN_POINT('',(234.800000000001,154.000000000001,-114.25));
#2598=CARTESIAN_POINT('',(152.541807872613,181.400000000002,85.75));
#2599=CARTESIAN_POINT('',(200.,99.2000000000007,85.75));
#2600=CARTESIAN_POINT('',(247.458192127388,181.400000000001,85.75));
#2601=CARTESIAN_POINT('',(172.6,106.541807872614,85.75));
#2602=CARTESIAN_POINT('',(247.458192127388,126.6,85.75));
#2603=CARTESIAN_POINT('',(172.600000000001,201.458192127389,85.75));
#2604=CARTESIAN_POINT('',(227.400000000001,201.458192127388,85.75));
#2605=CARTESIAN_POINT('',(200.000000000001,208.800000000001,85.75));
#2606=CARTESIAN_POINT('',(254.800000000001,154.000000000001,85.75));
#2607=CARTESIAN_POINT('',(227.4,106.541807872613,85.75));
#2608=CARTESIAN_POINT('',(145.2,154.000000000001,85.75));
#2609=CARTESIAN_POINT('',(152.541807872613,126.600000000001,85.75));
#2610=CARTESIAN_POINT('',(231.678383797158,185.678383797158,85.75));
#2611=CARTESIAN_POINT('',(161.250548390977,115.250548390978,85.75));
#2612=CARTESIAN_POINT('',(231.678383797158,122.321616202843,85.75));
#2613=CARTESIAN_POINT('',(168.321616202843,122.321616202844,85.75));
#2614=CARTESIAN_POINT('',(168.321616202843,185.678383797159,85.75));
#2615=CARTESIAN_POINT('',(238.749451609023,115.250548390978,85.75));
#2616=CARTESIAN_POINT('',(161.250548390978,192.749451609024,85.75));
#2617=CARTESIAN_POINT('',(238.749451609024,192.749451609023,85.75));
#2618=CARTESIAN_POINT('',(243.273477017751,142.404906779408,-114.25));
#2619=CARTESIAN_POINT('',(214.183283671618,206.932735280642,-114.25));
#2620=CARTESIAN_POINT('',(209.006902769568,187.614218754861,-114.25));
#2621=CARTESIAN_POINT('',(233.614218754861,144.993097230434,-114.25));
#2622=CARTESIAN_POINT('',(190.993097230433,120.385781245141,-114.25));
#2623=CARTESIAN_POINT('',(188.404906779408,110.72652298225,-114.25));
#2624=CARTESIAN_POINT('',(211.595093220593,110.72652298225,-114.25));
#2625=CARTESIAN_POINT('',(185.816716328383,206.932735280642,-114.25));
#2626=CARTESIAN_POINT('',(166.385781245141,163.006902769568,-114.25));
#2627=CARTESIAN_POINT('',(233.614218754861,163.006902769568,-114.25));
#2628=CARTESIAN_POINT('',(147.067264719359,139.816716328383,-114.25));
#2629=CARTESIAN_POINT('',(147.067264719359,168.183283671618,-114.25));
#2630=CARTESIAN_POINT('',(252.932735280642,168.183283671619,-114.25));
#2631=CARTESIAN_POINT('',(252.932735280642,139.816716328383,-114.25));
#2632=CARTESIAN_POINT('',(190.993097230433,187.614218754861,-114.25));
#2633=CARTESIAN_POINT('',(156.72652298225,142.404906779408,-114.25));
#2634=CARTESIAN_POINT('',(209.006902769568,120.385781245141,-114.25));
#2635=CARTESIAN_POINT('',(185.816716328383,101.067264719359,-114.25));
#2636=CARTESIAN_POINT('',(166.385781245141,144.993097230434,-114.25));
#2637=CARTESIAN_POINT('',(156.72652298225,165.595093220593,-114.25));
#2638=CARTESIAN_POINT('',(214.183283671618,101.06726471936,-114.25));
#2639=CARTESIAN_POINT('',(243.273477017751,165.595093220593,-114.25));
#2640=CARTESIAN_POINT('',(188.404906779408,197.273477017751,-114.25));
#2641=CARTESIAN_POINT('',(211.595093220593,197.273477017752,-114.25));
#2642=CARTESIAN_POINT('',(224.500442409481,129.286272605297,-11.25));
#2643=CARTESIAN_POINT('',(224.713727394705,178.500442409481,-11.25));
#2644=CARTESIAN_POINT('',(175.499557590521,178.713727394706,-11.25));
#2645=CARTESIAN_POINT('',(175.286272605296,129.499557590522,-11.25));
#2646=MECHANICAL_DESIGN_GEOMETRIC_PRESENTATION_REPRESENTATION('',(#24),#2647);
#2647=(
GEOMETRIC_REPRESENTATION_CONTEXT(3)
GLOBAL_UNCERTAINTY_ASSIGNED_CONTEXT((#2648))
GLOBAL_UNIT_ASSIGNED_CONTEXT((#2654,#2650,#2649))
REPRESENTATION_CONTEXT('pom','TOP_LEVEL_ASSEMBLY_PART')
);
#2648=UNCERTAINTY_MEASURE_WITH_UNIT(LENGTH_MEASURE(2.E-005),#2654,
'DISTANCE_ACCURACY_VALUE','Maximum Tolerance applied to model');
#2649=(
NAMED_UNIT(*)
SI_UNIT($,.STERADIAN.)
SOLID_ANGLE_UNIT()
);
#2650=(
CONVERSION_BASED_UNIT('DEGREE',#2652)
NAMED_UNIT(#2651)
PLANE_ANGLE_UNIT()
);
#2651=DIMENSIONAL_EXPONENTS(0.,0.,0.,0.,0.,0.,0.);
#2652=PLANE_ANGLE_MEASURE_WITH_UNIT(PLANE_ANGLE_MEASURE(0.0174532925),#2653);
#2653=(
NAMED_UNIT(*)
PLANE_ANGLE_UNIT()
SI_UNIT($,.RADIAN.)
);
#2654=(
LENGTH_UNIT()
NAMED_UNIT(*)
SI_UNIT(.MILLI.,.METRE.)
);
ENDSEC;
END-ISO-10303-21;
